#node	date	numeric date
NODE_0000001	1944-08-31	1944.664655
NODE_0000315	1964-10-05	1964.760202
NODE_0000316	1983-11-29	1983.911952
NODE_0000317	2017-07-06	2017.510639
Z-24-142	2024-09-24	2024.730874
Z-24-141	2024-09-24	2024.730874
NODE_0000318	2006-11-13	2006.867367
OR971591	2021-04-26	2021.316438
NODE_0000319	2015-02-05	2015.098331
NODE_0000320	2019-10-14	2019.783763
OR971542	2021-10-06	2021.763014
OR971557	2021-09-12	2021.697260
NODE_0000321	2015-06-16	2015.455741
OR971537	2019-08-29	2019.658904
NODE_0000323	2020-03-13	2020.198330
OR971540	2021-10-05	2021.760274
NODE_0000324	2021-07-11	2021.525141
R6-21-4600	2021-10-14	2021.784932
OR971546	2021-10-13	2021.782192
NODE_0000325	2015-11-13	2015.867802
NODE_0000327	2020-11-16	2020.876693
OR971549	2021-10-22	2021.806849
OR971553	2021-10-27	2021.820548
NODE_0000328	2017-08-30	2017.660680
R6-21-4375	2021-10-01	2021.749315
R6-4342	2021-09-30	2021.746575
NODE_0000329	2016-07-27	2016.570285
OR971535	2019-06-11	2019.442466
OR971551	2021-10-25	2021.815068
NODE_0000330	2020-07-18	2020.544305
OR971552	2021-10-26	2021.817808
NODE_0000331	2020-10-16	2020.791968
OR971541	2021-10-06	2021.763014
OR971548	2021-10-19	2021.798630
NODE_0000334	2016-09-11	2016.694517
OR971538	2019-09-17	2019.710959
NODE_0000335	2017-03-12	2017.192855
NODE_0000336	2018-04-12	2018.278550
OR971539	2019-10-10	2019.773973
NODE_0000337	2019-12-01	2019.917171
OR971558	2021-09-12	2021.697260
OR971555	2021-10-27	2021.820548
NODE_0000338	2018-06-17	2018.459794
OR971554	2021-10-29	2021.826027
NODE_0000339	2020-09-09	2020.690544
OR971550	2021-10-25	2021.815068
OR971545	2021-10-12	2021.779452
NODE_0000340	1966-09-28	1966.740892
NODE_0000341	2002-03-03	2002.168063
OR971589	2021-04-15	2021.286301
NODE_0000342	2019-12-08	2019.935302
OR971590	2021-04-16	2021.289041
NODE_0000343	2020-12-26	2020.986037
OR971585	2021-02-26	2021.154795
NODE_0000344	2021-02-18	2021.133891
OR971584	2021-02-22	2021.143836
OR971586	2021-03-23	2021.223288
NODE_0000345	1971-04-06	1971.261866
NODE_0000346	2014-07-08	2014.515792
OR971547	2021-10-19	2021.798630
NODE_0000347	2016-07-31	2016.580691
R6-21-4343	2021-01-01	2021.001370
OR971536	2019-06-17	2019.458904
NODE_0000349	2017-05-06	2017.344416
OR971556	2021-07-12	2021.527397
NODE_0000350	2018-09-23	2018.726231
OR971544	2021-10-12	2021.779452
R6-4568	2021-10-13	2021.782192
NODE_0000351	1995-05-25	1995.396330
NODE_0000352	2015-11-24	2015.897863
NODE_0000353	2020-08-05	2020.594633
OR971564	2021-09-11	2021.694521
OR971565	2021-09-11	2021.694521
NODE_0000354	2018-05-30	2018.409875
OR971580	--	--
NODE_0000355	2018-08-15	2018.621233
OR971563	2021-10-26	2021.817808
OR971561	2021-10-18	2021.795890
NODE_0000356	2008-01-30	2008.079893
NODE_0000357	2021-08-18	2021.627455
OR971574	2022-02-14	2022.121918
OR971577	2022-02-28	2022.160274
NODE_0000358	2011-10-10	2011.773261
NODE_0000359	2016-07-05	2016.508976
NODE_0000360	2019-08-30	2019.662786
OR971566	2021-09-11	2021.694521
OR971559	2021-10-13	2021.782192
NODE_0000361	2019-08-08	2019.602482
R7-21-161	2021-10-18	2021.795890
R7-21-149	2021-01-01	2021.001370
NODE_0000362	2014-03-25	2014.227499
NODE_0000363	2017-07-03	2017.501562
NODE_0000364	2017-10-03	2017.753795
OR971578	--	--
OR971562	2021-10-21	2021.804110
NODE_0000365	2020-06-18	2020.462885
OR971581	--	--
NODE_0000366	2021-12-02	2021.919074
OR971573	2022-08-02	2022.584932
OR971572	2022-01-26	2022.069863
NODE_0000367	2015-05-04	2015.338775
OR971576	2022-02-21	2022.141096
NODE_0000368	2016-03-24	2016.228580
NODE_0000369	2016-10-15	2016.788739
OR971575	2022-02-15	2022.124658
NODE_0000370	--	--
OR971579	--	--
NODE_0000371	--	--
OR971583	--	--
OR971582	--	--
NODE_0000372	2019-11-24	2019.897911
OR971568	2021-12-11	2021.943836
NODE_0000373	2020-06-05	2020.427781
OR971571	2022-07-01	2022.497260
OR971560	2021-10-13	2021.782192
NODE_0000375	2021-04-05	2021.259549
OR971569	2021-11-22	2021.891781
OR971570	2021-11-22	2021.891781
OR971567	2021-10-11	2021.776712
NODE_0000287	1946-05-12	1946.359377
NODE_0000288	1977-09-09	1977.690213
NODE_0000289	1987-08-17	1987.626067
NODE_0000290	1989-08-02	1989.583610
Z-98-454	1998-05-04	1998.338356
Z-98-1061	1998-08-05	1998.593151
NODE_0000291	1989-03-06	1989.176564
KX148263	1994-01-01	1994.001370
NODE_0000292	1989-10-11	1989.776817
NODE_0000293	1997-04-25	1997.313646
Z-98-286	1998-03-19	1998.212329
Z-98-860	1998-08-14	1998.617808
NODE_0000294	1990-07-08	1990.516614
Z-98-285	1998-03-18	1998.209589
NODE_0000295	1993-02-12	1993.116521
Z-98-780	1998-07-25	1998.563014
NODE_0000296	1997-03-25	1997.228196
Z-06-150	2006-04-24	2006.310959
Z-98-718	1998-07-13	1998.530137
NODE_0000297	1992-11-19	1992.885035
NODE_0000298	2001-06-07	2001.430758
Z-13-216	2013-10-25	2013.815068
NODE_0000299	2013-05-02	2013.331721
Z-17-57	2017-03-29	2017.239726
NODE_0000300	2020-11-27	2020.906266
H24-028	2024-03-27	2024.236339
RADDL4B-25-017	2025-03-07	2025.179452
NODE_0000301	2004-06-12	2004.445818
Z-13-098	2013-05-13	2013.363014
NODE_0000302	2004-08-11	2004.611699
NODE_0000303	2004-12-19	2004.965097
Z-08-359	2008-12-25	2008.982240
NODE_0000304	2007-04-09	2007.269653
Z-14-149	2014-06-28	2014.489041
NODE_0000305	2008-02-06	2008.098971
Z-14-243	2014-11-13	2014.867123
NODE_0000306	2011-11-17	2011.878766
Z-13-204	2013-09-26	2013.735616
NODE_0000307	2012-03-25	2012.229885
Z-13-234	2013-11-15	2013.872603
Z-13-081	2013-04-25	2013.313699
NODE_0000308	2007-04-30	2007.326547
NODE_0000309	2009-07-24	2009.559699
Z-13-065	2013-04-04	2013.256164
NODE_0000310	2010-11-06	2010.848346
Z-16-209	2016-12-14	2016.952186
NODE_0000311	2011-05-29	2011.406955
Z-13-184	2013-08-29	2013.658904
Z-13-171	2013-08-05	2013.593151
NODE_0000312	2008-01-25	2008.067502
NODE_0000313	2010-08-24	2010.644898
Z-12-212	2012-04-20	2012.301913
Z-14-146	2014-06-26	2014.483562
NODE_0000314	2012-05-01	2012.330609
OR971448	2019-08-01	2019.582192
Z-19-029	2019-02-26	2019.154795
NODE_0000286	1954-12-19	1954.964954
NODE_0000377	1961-11-21	1961.888812
OR971592	2019-10-09	2019.771233
NODE_0000378	1982-04-25	1982.313916
NODE_0000379	1988-03-26	1988.233512
NODE_0000380	2008-12-02	2008.920052
NODE_0000381	2015-09-15	2015.705793
OQ326778	2018-01-01	2018.001370
OQ326774	2018-01-01	2018.001370
NODE_0000382	2015-12-12	2015.945561
OR971632	2022-02-15	2022.124658
OR971675	2021-10-20	2021.801370
NODE_0000385	2016-06-04	2016.426189
OQ326748	2018-01-01	2018.001370
NODE_0000386	2017-06-18	2017.462543
OQ326770	2019-01-01	2019.001370
R11-22-001	2022-01-01	2022.001370
NODE_0000110	2018-01-01	2018.001370
OQ326764	2018-01-01	2018.001370
NODE_0000387	2020-11-21	2020.890067
OR971637	2022-04-01	2022.247945
OR971638	2022-04-25	2022.313699
NODE_0000390	2014-10-19	2014.798145
NODE_0000391	2015-03-01	2015.163912
NODE_0000392	2016-12-20	2016.969418
OQ326754	2018-01-01	2018.001370
NODE_0000393	2017-02-26	2017.155194
OQ326771	2018-01-01	2018.001370
OQ326767	2018-01-01	2018.001370
NODE_0000394	2016-12-15	2016.954311
OQ326780	2018-01-01	2018.001370
NODE_0000395	2017-03-23	2017.222512
OQ326753	2018-01-01	2018.001370
NODE_0000396	2018-07-01	2018.496679
OQ326740	2019-01-01	2019.001370
OQ326763	2019-01-01	2019.001370
NODE_0000397	2015-09-12	2015.696632
NODE_0000398	2016-07-30	2016.579176
OQ326757	2018-01-01	2018.001370
OR971629	2021-12-07	2021.932877
NODE_0000399	2016-06-17	2016.460148
NODE_0000400	2017-04-25	2017.314743
OQ326752	2018-01-01	2018.001370
NODE_0000401	2017-06-28	2017.488438
OQ326736	2018-01-01	2018.001370
OQ326766	2018-01-01	2018.001370
NODE_0000402	2017-02-24	2017.150630
OQ326769	2018-01-01	2018.001370
NODE_0000403	2017-04-27	2017.318244
OQ326776	2018-01-01	2018.001370
NODE_0000405	2017-07-17	2017.541711
OQ326742	2018-01-01	2018.001370
OQ326759	2018-01-01	2018.001370
NODE_0000406	2017-08-15	2017.619255
OQ326772	2018-01-01	2018.001370
NODE_0000407	2018-02-04	2018.095600
OR971633	2022-02-15	2022.124658
OR971626	2021-01-06	2021.015068
NODE_0000408	2008-04-12	2008.280311
NODE_0000409	2014-06-02	2014.418508
NODE_0000413	2021-05-20	2021.382348
OR971628	2021-10-14	2021.784932
R11-21-61	2021-08-11	2021.609589
NODE_0000410	2015-07-16	2015.537344
OQ326784	2018-01-01	2018.001370
NODE_0000411	2017-04-29	2017.323446
OQ326749	2018-01-01	2018.001370
OR971639	2022-05-02	2022.332877
NODE_0000414	2016-04-22	2016.307177
OQ326768	2018-01-01	2018.001370
NODE_0000415	2016-07-08	2016.516492
NODE_0000416	2016-10-23	2016.809225
OQ326762	2018-01-01	2018.001370
OQ326756	2018-01-01	2018.001370
NODE_0000417	2017-01-06	2017.015274
OQ326773	2018-01-01	2018.001370
NODE_0000145	2017-04-03	2017.253434
OQ326779	2018-01-01	2018.001370
OQ326746	2018-01-01	2018.001370
NODE_0000419	2010-05-17	2010.372801
NODE_0000420	2011-12-02	2011.920223
OQ326765	2019-01-01	2019.001370
NODE_0000421	2013-10-20	2013.801027
OQ326745	2018-01-01	2018.001370
NODE_0000422	2015-11-27	2015.906151
NODE_0000159	2017-01-06	2017.015778
OQ326782	2018-01-01	2018.001370
NODE_0000160	2017-07-03	2017.502340
OQ326781	2018-01-01	2018.001370
OQ326743	2018-01-01	2018.001370
NODE_0000425	2016-03-25	2016.229525
OQ326739	2019-01-01	2019.001370
OQ326741	2019-01-01	2019.001370
NODE_0000427	2019-01-02	2019.003004
OR971627	2021-06-10	2021.439726
NODE_0000428	2021-07-27	2021.568809
OR971630	2022-01-18	2022.047945
OR971636	2022-03-25	2022.228767
NODE_0000429	2013-04-17	2013.292650
OQ326744	2018-01-01	2018.001370
NODE_0000430	2015-01-25	2015.066550
OQ326760	2018-01-01	2018.001370
NODE_0000431	2015-07-14	2015.532791
OQ326751	2018-01-01	2018.001370
NODE_0000164	2016-10-13	2016.781523
NODE_0000439	2017-01-10	2017.027245
OQ326737	2018-01-01	2018.001370
OQ326783	2018-01-01	2018.001370
NODE_0000189	2017-01-06	2017.015837
OQ326777	2018-01-01	2018.001370
NODE_0000175	2017-10-03	2017.755098
OQ326761	2018-01-01	2018.001370
NODE_0000182	2017-12-22	2017.974346
NODE_0000433	2019-01-05	2019.013491
OR971640	2022-05-05	2022.341096
NODE_0000434	2020-12-17	2020.961069
OR971631	2022-02-04	2022.094521
R11-22-002	2022-01-05	2022.012329
NODE_0000186	2017-12-27	2017.987505
OQ326755	2018-01-01	2018.001370
NODE_0000188	2018-01-01	2018.001370
OQ326747	2018-01-01	2018.001370
OQ326750	2018-01-01	2018.001370
NODE_0000440	1988-12-23	1988.977767
NODE_0000441	1991-07-11	1991.523605
NODE_0000442	1994-07-26	1994.564498
R9-089	2021-10-07	2021.765753
NODE_0000443	2002-05-13	2002.363418
NODE_0000444	2019-09-10	2019.691669
OR971599	2021-09-12	2021.697260
R9-105	2021-12-09	2021.938356
NODE_0000445	2014-09-01	2014.667364
NODE_0000446	2018-05-05	2018.342217
OR971610	2019-12-04	2019.924658
OR971608	2019-11-25	2019.900000
NODE_0000447	2015-12-23	2015.977281
OR971607	2019-11-11	2019.861644
NODE_0000448	2018-03-20	2018.214978
OR971613	2019-12-16	2019.957534
NODE_0000449	2018-08-30	2018.661050
OR971600	2019-09-12	2019.697260
OR971622	2021-06-07	2021.431507
OR971602	2019-10-14	2019.784932
NODE_0000451	1992-04-17	1992.293146
NODE_0000452	2020-03-30	2020.243413
OR971588	2021-04-07	2021.264384
OR971587	2021-03-30	2021.242466
NODE_0000453	2011-02-27	2011.158637
NODE_0000454	2020-10-01	2020.748714
OR971674	2021-10-18	2021.795890
OR971672	2021-09-15	2021.705479
NODE_0000455	2017-04-18	2017.293767
NODE_0000456	2017-08-04	2017.591754
OR971673	2021-06-10	2021.439726
OR971656	2021-02-02	2021.089041
NODE_0000457	2018-06-23	2018.474501
OR971624	2021-05-18	2021.376712
NODE_0000458	2019-04-10	2019.273147
R10-989	2021-11-25	2021.900000
NODE_0000211	2019-12-20	2019.967734
OR971620	2021-07-02	2021.500000
OR971623	2021-05-21	2021.384932
NODE_0000460	1995-06-26	1995.483374
NODE_0000461	2006-09-23	2006.728084
OR971644	2019-06-24	2019.478082
NODE_0000462	2007-01-11	2007.027765
OR971659	2021-02-18	2021.132877
NODE_0000463	2009-09-03	2009.673424
OR971663	2021-06-24	2021.478082
NODE_0000465	2009-12-02	2009.919001
NODE_0000466	2018-01-11	2018.028709
OR971615	2019-12-27	2019.987671
R10-990	2021-11-25	2021.900000
NODE_0000467	2011-05-09	2011.351215
NODE_0000468	2013-08-22	2013.638548
OR971649	2019-11-07	2019.850685
NODE_0000469	2019-05-31	2019.411318
OR971606	2019-11-09	2019.856164
OR971601	2019-10-11	2019.776712
NODE_0000470	2011-07-23	2011.556587
NODE_0000471	2014-07-20	2014.550597
OR971609	2019-11-28	2019.908219
OR971604	2019-11-07	2019.850685
NODE_0000472	2016-11-13	2016.867543
OQ326775	2018-01-01	2018.001370
NODE_0000473	2017-12-01	2017.917215
OR971661	2021-03-03	2021.168493
NODE_0000474	2018-03-07	2018.179239
OR971662	2021-03-09	2021.184932
NODE_0000475	2020-06-29	2020.492803
OR971653	2021-01-14	2021.036986
R11-21-63	2021-10-04	2021.757534
NODE_0000476	2015-04-18	2015.293739
OR971614	2019-12-16	2019.957534
NODE_0000477	2017-01-23	2017.061018
R10-856	2021-09-27	2021.738356
OR971605	2019-11-08	2019.853425
NODE_0000479	2018-01-27	2018.072696
OR971603	2019-10-21	2019.804110
NODE_0000480	2019-12-13	2019.948412
OR971616	2021-09-06	2021.680822
OR971625	2021-04-21	2021.302740
OR971621	2021-06-09	2021.436986
NODE_0000484	2021-03-27	2021.233651
OR971617	2021-09-27	2021.738356
R10-920	2021-10-26	2021.817808
NODE_0000485	2020-11-03	2020.841132
R10-907	2021-10-25	2021.815068
R10-711	2021-07-12	2021.527397
R10-824	2021-09-09	2021.689041
R10-714	2021-07-11	2021.524658
NODE_0000488	2004-10-12	2004.779160
NODE_0000489	2015-07-12	2015.527066
NODE_0000490	2022-02-15	2022.124658
OR971635	2022-03-11	2022.190411
OR971634	2022-02-15	2022.124658
NODE_0000491	2016-11-04	2016.843797
OQ326738	2018-01-01	2018.001370
OQ326758	2018-01-01	2018.001370
NODE_0000492	2009-01-12	2009.031354
NODE_0000493	2019-09-11	2019.693958
R10-688	2021-07-02	2021.500000
NODE_0000494	2020-09-01	2020.668678
OR971619	2021-08-20	2021.634247
OR971618	2021-08-23	2021.642466
NODE_0000495	2013-05-12	2013.361400
NODE_0000496	2015-01-30	2015.080683
NODE_0000497	2015-06-10	2015.441044
NODE_0000498	2017-09-30	2017.746758
OR971642	2019-06-07	2019.431507
OR971651	2021-01-11	2021.028767
NODE_0000499	2017-06-29	2017.491819
OR971645	2019-07-23	2019.557534
NODE_0000500	2019-12-01	2019.915105
OR971658	2021-02-16	2021.127397
OR971654	2021-01-19	2021.050685
NODE_0000501	2016-03-28	2016.238244
NODE_0000502	2017-12-22	2017.973476
OR971664	2021-07-01	2021.497260
OR971647	2019-08-27	2019.653425
NODE_0000503	2018-09-05	2018.677003
NODE_0000504	2019-12-13	2019.949582
OR971660	2021-02-23	2021.146575
OR971650	2021-01-05	2021.012329
NODE_0000505	2018-12-02	2018.920206
OR971657	2021-02-16	2021.127397
OR971665	2021-08-09	2021.604110
NODE_0000506	2013-12-24	2013.978456
NODE_0000507	2014-05-09	2014.351791
NODE_0000508	2015-07-10	2015.522093
OR971641	2019-01-09	2019.023288
OR971648	2019-09-05	2019.678082
NODE_0000509	2017-01-16	2017.043155
OR971652	2021-01-11	2021.028767
NODE_0000510	2017-09-21	2017.723069
OR971646	2019-08-02	2019.584932
NODE_0000511	2018-09-12	2018.696197
OR971643	2019-06-19	2019.464384
OR971655	2021-02-02	2021.089041
NODE_0000512	2015-01-18	2015.048187
NODE_0000513	2020-10-06	2020.762586
OR971594	2021-08-20	2021.634247
R9-074	2021-08-20	2021.634247
NODE_0000514	2015-09-10	2015.693137
OR971597	2021-07-10	2021.521918
NODE_0000515	2016-03-28	2016.240081
NODE_0000516	2017-10-27	2017.819959
OR971598	2021-12-10	2021.941096
NODE_0000517	2018-08-06	2018.597194
OR971612	2019-12-04	2019.924658
OR971611	2019-12-04	2019.924658
NODE_0000518	2017-10-11	2017.777724
OR971595	2021-08-23	2021.642466
NODE_0000519	2018-11-21	2018.888021
R9-010	2020-01-27	2020.072404
OR971596	2021-08-27	2021.653425
OR971593	2021-01-05	2021.012329
NODE_0000262	1980-02-13	1980.119436
NODE_0000263	1987-02-24	1987.149027
KX148262	1994-01-01	1994.001370
NODE_0000264	2009-06-16	2009.455158
NODE_0000265	2016-07-10	2016.523842
OR971396	2019-10-04	2019.757534
NODE_0000266	2017-06-13	2017.448226
NODE_0000267	2019-01-05	2019.011644
OR971342	2022-06-01	2022.415068
OR971325	2019-09-16	2019.708219
NODE_0000268	2018-06-26	2018.482322
OR971393	2019-08-20	2019.634247
NODE_0000269	2019-10-04	2019.757905
R2-22-5302	2022-03-04	2022.171233
NODE_0000270	2020-04-18	2020.295113
OR971404	2021-05-11	2021.357534
NODE_0000271	2021-02-26	2021.155199
OR971402	2021-08-13	2021.615068
OR971406	2021-12-27	2021.987671
OR971407	2021-12-30	2021.995890
NODE_0000273	2012-07-30	2012.577436
NODE_0000274	2017-03-22	2017.220690
NODE_0000275	2018-03-15	2018.200588
OR971332	2021-03-11	2021.190411
OR971394	2019-01-01	2019.001370
NODE_0000276	2017-11-03	2017.839911
R2-081	2020-08-31	2020.665301
OR971323	2019-08-26	2019.650685
OR971327	2019-09-23	2019.727397
NODE_0000278	2015-11-03	2015.839891
NODE_0000279	2016-02-01	2016.086457
OR971398	2019-10-08	2019.768493
OR971399	2019-10-10	2019.773973
NODE_0000281	2020-01-02	2020.005295
OR971400	2021-09-08	2021.686301
OR971333	2021-05-03	2021.335616
NODE_0000282	2016-12-09	2016.937539
NODE_0000283	2021-01-02	2021.004324
R2-22-8924	2022-01-01	2022.001370
R2-22-84711	2022-04-06	2022.261644
NODE_0000284	2018-12-22	2018.972805
R2-22-5814	2022-03-07	2022.179452
NODE_0000285	2022-01-01	2022.001370
OR971345	2022-10-03	2022.754795
CAR-22-018	2022-01-01	2022.001370
NODE_0000261	1981-04-09	1981.269742
NODE_0000521	1981-07-23	1981.557014
NODE_0000522	1989-10-28	1989.823309
KX148259	1994-01-01	1994.001370
NODE_0000523	1995-06-11	1995.442389
Z-98-838	1998-08-09	1998.604110
NODE_0000524	1999-03-22	1999.220642
KX148260	2004-01-01	2004.001366
Z-06-39	2006-01-26	2006.069863
NODE_0000525	1984-07-30	1984.578311
KX148261	1994-01-01	1994.001370
NODE_0000526	1990-07-16	1990.539521
NODE_0000527	2005-04-18	2005.294662
RADDL3-1045	2015-10-23	2015.809589
NODE_0000528	2014-04-14	2014.284148
RADDL1-16-153	2016-07-18	2016.545082
NODE_0000529	2014-10-18	2014.795805
RADDL3-16-1008	2016-10-27	2016.821038
NODE_0000530	2018-02-24	2018.149089
OR971381	2019-09-10	2019.691781
OR971390	2022-04-04	2022.256164
OR971392	2022-04-21	2022.302740
NODE_0000532	1991-10-11	1991.775344
NODE_0000533	1999-11-26	1999.902329
NODE_0000534	2016-08-10	2016.609259
153	2018-05-17	2018.373973
NODE_0000535	2016-10-16	2016.791644
NODE_0000536	2017-06-21	2017.469874
REGION_5_2018-100	2018-03-27	2018.234247
14	2019-01-28	2019.075342
NODE_0000538	2018-05-26	2018.397942
OR971506	2019-03-07	2019.179452
NODE_0000539	2020-08-16	2020.623117
OR971519	2021-03-22	2021.220548
OR971515	2021-02-01	2021.086301
NODE_0000540	2017-05-25	2017.395225
NODE_0000322	2017-10-02	2017.752802
OR971509	2021-01-11	2021.028767
NODE_0000542	2018-07-12	2018.526485
19-30	2019-11-02	2019.836986
19-40	2019-02-27	2019.157534
NODE_0000543	2017-08-27	2017.653135
REGION_5_2018-304	2018-10-25	2018.815068
NODE_0000544	2017-10-25	2017.814849
REGION_5_2018-50	2018-12-20	2018.968493
NODE_0000545	2018-09-02	2018.670907
REGION_5_2019-13	2019-01-17	2019.045205
REGION_5_2019-1	2019-03-20	2019.215068
NODE_0000546	2008-10-05	2008.761563
NODE_0000547	2015-12-21	2015.970022
NODE_0000548	2019-04-14	2019.284054
OR971523	2021-04-12	2021.278082
NODE_0000549	2020-03-07	2020.182585
OR971516	2021-03-05	2021.173973
NODE_0000550	2020-12-15	2020.953919
OR971518	2021-03-22	2021.220548
R5-21-128	2021-11-09	2021.856164
NODE_0000551	2017-01-23	2017.060742
NODE_0000552	2019-06-17	2019.458685
OR971530	2021-05-03	2021.335616
R5-21-140	2021-12-10	2021.941096
NODE_0000553	2018-11-02	2018.836390
OR971529	2021-05-03	2021.335616
NODE_0000555	2019-10-03	2019.755964
OR971512	2021-02-01	2021.086301
R5-21-115	2021-09-28	2021.741096
NODE_0000556	2019-01-13	2019.033049
NODE_0000557	2020-12-23	2020.977184
OR971524	2021-04-19	2021.297260
OR971514	2021-02-01	2021.086301
NODE_0000558	2020-01-23	2020.062684
OR971533	2021-05-10	2021.354795
OR971513	2021-02-01	2021.086301
NODE_0000559	2014-11-12	2014.863890
RADDL5-005	2015-01-30	2015.080822
NODE_0000561	2019-12-23	2019.977170
OR971532	2021-05-06	2021.343836
NODE_0000562	2020-05-18	2020.378790
OR971517	2021-03-05	2021.173973
NODE_0000563	2021-11-15	2021.872603
R5-21-132	2021-11-15	2021.872603
R5-22-008	2022-02-02	2022.089041
NODE_0000564	2017-02-02	2017.090146
REGION_5_2018-311	2018-11-13	2018.867123
NODE_0000565	2017-11-10	2017.859757
OR971505	2018-12-07	2018.932877
NODE_0000566	2018-03-11	2018.190861
OR971531	2021-05-05	2021.341096
NODE_0000567	2018-07-20	2018.550136
OR971508	2021-01-05	2021.012329
OR971511	2021-01-20	2021.053425
NODE_0000569	2019-11-28	2019.907662
OR971525	2021-04-19	2021.297260
R5-21-136	2021-12-02	2021.919178
OR971510	2021-01-19	2021.050685
NODE_0000571	1992-04-23	1992.309395
Z-98-433	1998-04-30	1998.327397
NODE_0000572	1994-06-27	1994.487031
NODE_0000573	2000-02-27	2000.156001
NODE_0000574	2003-04-11	2003.275186
Z-05-191	2005-04-10	2005.272603
Z-05-96	2005-02-17	2005.130137
NODE_0000575	2016-06-04	2016.424316
NODE_0000583	2017-04-05	2017.257951
OR971522	2021-04-02	2021.250685
NODE_0000584	2020-05-27	2020.403752
OR971521	2021-03-22	2021.220548
R5-22-09	2022-02-07	2022.102740
NODE_0000585	2016-12-24	2016.978168
OR971498	2018-02-08	2018.105479
NODE_0000586	2017-04-11	2017.275196
OR971500	2018-02-27	2018.157534
OR971501	2018-02-27	2018.157534
NODE_0000588	2020-10-22	2020.807641
OR971526	2021-04-26	2021.316438
NODE_0000589	2021-03-04	2021.170667
OR971528	2021-04-26	2021.316438
OR971520	2021-03-22	2021.220548
NODE_0000576	2017-01-22	2017.059323
NODE_0000577	2020-05-09	2020.353095
OR971507	2021-01-05	2021.012329
NODE_0000578	2020-08-07	2020.598654
OR971527	2021-04-27	2021.319178
R5-21-119	2021-10-15	2021.787671
NODE_0000579	2017-06-26	2017.484572
OR971504	2018-09-14	2018.702740
OR971503	2018-08-10	2018.606849
NODE_0000581	2017-10-26	2017.817732
OR971499	2018-02-20	2018.138356
OR971502	2018-05-02	2018.332877
NODE_0000590	1998-05-30	1998.410194
NODE_0000591	2002-10-11	2002.775887
NODE_0000592	2016-08-28	2016.656197
OR971395	2019-09-20	2019.719178
OR971397	2019-10-07	2019.765753
NODE_0000593	2006-04-05	2006.257943
Z-07-387	2007-12-07	2007.932877
Z-07-366	2007-11-12	2007.864384
NODE_0000594	2005-08-15	2005.620824
Z-12-029	2012-02-03	2012.091530
NODE_0000595	2007-02-18	2007.132898
NODE_0000596	2011-11-14	2011.870513
OR971534	2019-04-15	2019.286301
NODE_0000597	2021-08-12	2021.613280
OR971543	2021-10-07	2021.765753
R6-21-4511	2021-10-08	2021.768493
NODE_0000598	2008-07-13	2008.531673
NODE_0000599	2010-06-24	2010.476881
NODE_0000620	2011-09-30	2011.745982
NODE_0000621	2017-07-16	2017.537698
OR971483	2019-08-16	2019.623288
NODE_0000622	2019-08-08	2019.600763
OR971426	2021-09-09	2021.689041
NODE_0000623	2021-07-13	2021.529764
OR971375	2022-08-30	2022.661644
OR971376	2022-09-05	2022.678082
NODE_0000624	2017-10-29	2017.826090
OR971356	2020-01-10	2020.025956
MN857167	2019-06-26	2019.483562
NODE_0000383	2018-08-29	2018.657882
OR971464	2021-11-08	2021.853425
NODE_0000384	2019-01-09	2019.024622
OR971458	2020-03-04	2020.173497
OR971457	2020-01-03	2020.006831
NODE_0000628	2012-12-14	2012.953313
NODE_0000629	2014-05-04	2014.338356
Z-14-101	2014-05-04	2014.338356
Z-17-200	2017-10-31	2017.831507
NODE_0000630	2014-09-27	2014.737206
NODE_0000631	2019-03-26	2019.232433
OR971411	2019-09-13	2019.700000
OR971347	2019-09-05	2019.678082
NODE_0000632	2015-03-09	2015.184160
Z-16-151	2016-09-05	2016.678962
NODE_0000633	2016-10-14	2016.785842
MN857168	2019-05-28	2019.404110
NODE_0000634	2019-02-27	2019.158825
OR971438	2021-10-25	2021.815068
NODE_0000641	2019-12-06	2019.930841
OR971350	2020-02-05	2020.096995
OR971362	2022-06-13	2022.447945
NODE_0000643	2020-03-31	2020.247268
OR971352	2020-06-15	2020.454918
OR971351	2020-03-31	2020.247268
NODE_0000404	2019-12-19	2019.965317
NODE_0000635	2021-09-09	2021.689041
OR971425	2021-09-09	2021.689041
R3-0483	2022-01-01	2022.001370
NODE_0000412	2019-12-19	2019.965317
NODE_0000640	2021-06-05	2021.426173
OR971374	2022-08-26	2022.650685
OR971366	2022-08-05	2022.593151
NODE_0000638	2021-02-11	2021.113699
OR971379	2022-09-23	2022.727397
OR971359	2021-02-11	2021.113699
NODE_0000600	2010-07-30	2010.577154
NODE_0000601	2010-09-03	2010.671540
RADDL3-15-172	2015-02-12	2015.116438
NODE_0000602	2010-10-03	2010.755684
NODE_0000603	2010-12-25	2010.982094
Z-12-001	2012-01-20	2012.053279
Z-12-060	2012-02-25	2012.151639
NODE_0000604	2012-02-28	2012.159588
Z-12-208	2012-10-02	2012.752732
NODE_0000605	2013-04-22	2013.304365
OR971454	2019-10-24	2019.812329
NODE_0000606	2014-01-31	2014.083562
Z-14-033	2014-02-07	2014.102740
Z-14-023	2014-01-31	2014.083562
NODE_0000607	2014-04-22	2014.304992
NODE_0000608	2015-11-10	2015.857711
OR971450	2019-09-09	2019.689041
NODE_0000609	2021-12-13	2021.948276
OR971474	2022-01-25	2022.067123
4A-22-104	2022-01-25	2022.067123
NODE_0000610	2015-06-29	2015.492258
OR971382	2019-10-01	2019.749315
OR971384	2019-10-21	2019.804110
NODE_0000612	2020-11-03	2020.841232
OR971387	2021-10-29	2021.826027
OR971386	2021-10-28	2021.823288
NODE_0000614	2016-03-12	2016.195734
RADDL1-16-166	2016-08-09	2016.605191
NODE_0000615	2020-04-19	2020.298542
OR971389	2021-11-08	2021.853425
R1-21-148	2021-04-10	2021.272603
NODE_0000617	2018-03-01	2018.163131
OR971329	2019-10-28	2019.823288
NODE_0000618	2019-04-16	2019.288121
OR971391	2022-04-18	2022.294521
OR971383	2019-10-15	2019.787671
NODE_0000644	2010-11-23	2010.893315
NODE_0000645	2015-02-19	2015.136430
NODE_0000646	2015-07-27	2015.567463
Z-18-224	2018-10-28	2018.823288
NODE_0000647	2018-02-13	2018.120020
OR971456	2019-08-27	2019.653425
NODE_0000648	2020-02-13	2020.117540
OR971373	2022-08-26	2022.650685
NODE_0000649	2020-05-27	2020.403586
OR971405	2021-12-20	2021.968493
OR971365	2022-07-21	2022.552055
NODE_0000650	2016-10-27	2016.821219
NODE_0000651	2017-07-08	2017.515660
OR971444	2022-11-01	2022.834247
NODE_0000652	2017-12-22	2017.974387
OR971423	2021-08-31	2021.664384
OR971420	2021-05-24	2021.393151
NODE_0000653	2017-04-12	2017.278971
NODE_0000654	2018-01-29	2018.077561
OR971409	2019-08-20	2019.634247
OR971408	2019-02-08	2019.105479
NODE_0000655	2017-08-10	2017.606861
OR971368	2022-08-09	2022.604110
NODE_0000656	2018-01-12	2018.031502
OR971349	2019-09-30	2019.746575
NODE_0000657	2020-04-06	2020.262572
OR971380	2022-09-28	2022.741096
NODE_0000658	2020-12-27	2020.988023
OR971372	2022-08-22	2022.639726
NODE_0000659	2022-06-12	2022.445521
OR971377	2022-09-08	2022.686301
OR971371	2022-08-18	2022.628767
NODE_0000661	2021-09-26	2021.735187
NODE_0000662	2022-10-10	2022.774637
Z-22-119	2022-12-28	2022.990411
4B-23-16	2023-02-28	2023.160274
4B-23-17	2023-03-01	2023.163014
NODE_0000450	2022-11-29	2022.911041
4B-23-19	2023-03-01	2023.163014
4B-23-05	2023-01-20	2023.053425
NODE_0000666	2021-11-10	2021.859259
NODE_0000667	2022-10-10	2022.773188
RADDL4B-24-063	2024-04-13	2024.282787
RADDL4B-24-113	2024-08-20	2024.635246
NODE_0000669	2022-03-08	2022.182573
RADDL4B-23-080	2023-10-26	2023.817808
NODE_0000670	2022-10-29	2022.826205
4B-23-11	2023-02-07	2023.102740
RADDL4B-23-045	2023-08-03	2023.587671
NODE_0000671	2022-03-15	2022.201992
RADDL4B-23-056	2023-09-11	2023.694521
NODE_0000673	2022-10-01	2022.749315
4B-23-07	2023-02-07	2023.102740
4B-22-37	2022-10-01	2022.749315
4B-23-02	2023-01-13	2023.034247
NODE_0000675	2022-11-25	2022.899904
4B-23-06	2023-02-02	2023.089041
4B-23-12	2023-02-14	2023.121918
NODE_0000678	2022-12-12	2022.946575
4B-22-45	2022-12-12	2022.946575
4B-23-01	2023-01-20	2023.053425
NODE_0000459	2022-10-16	2022.790245
4B-23-15	2023-02-16	2023.127397
NODE_0000464	2022-10-21	2022.804110
4B-22-39	2022-10-21	2022.804110
NODE_0000478	2022-11-16	2022.875437
Z-22-103	2022-11-21	2022.889041
NODE_0000481	2022-11-21	2022.888875
4B-22-41	2022-11-24	2022.897260
NODE_0000482	2022-11-26	2022.902740
4B-22-42	2022-11-26	2022.902740
NODE_0000483	2022-12-11	2022.943836
4B-23-13	2023-02-09	2023.108219
4B-22-44	2022-12-11	2022.943836
NODE_0000686	2022-04-21	2022.302253
RADDL4B-23-076	2023-10-17	2023.793151
RADDL4B-23-042	2023-07-07	2023.513699
NODE_0000689	2022-08-19	2022.631234
RADDL4B-24-096	2024-04-15	2024.288251
RADDL4B-23-105	2023-11-13	2023.867123
NODE_0000690	2022-06-06	2022.428858
NODE_0000691	2022-09-22	2022.725739
NODE_0000692	2023-08-05	2023.593069
RADDL4B-24-095	2024-03-20	2024.217213
RADDL4B-24-117	2024-08-20	2024.635246
NODE_0000693	2024-03-19	2024.214421
RADDL4B-24-156	2024-07-26	2024.566940
RADDL4B-24-157	2024-07-08	2024.517760
NODE_0000694	2022-06-29	2022.492074
NODE_0000520	2023-01-31	2023.083169
RADDL4B-24-097	2024-04-26	2024.318306
NODE_0000531	2023-04-04	2023.255398
NODE_0000699	2023-09-30	2023.746575
RADDL4B-23-081	2023-09-30	2023.746575
RADDL4B-23-104	2023-12-12	2023.946575
NODE_0000537	2023-08-24	2023.645040
RADDL4B-24-066	2024-10-20	2024.801913
NODE_0000541	2023-08-29	2023.658904
RADDL4B-23-052	2023-08-29	2023.658904
RADDL4B-24-112	2024-05-16	2024.372951
NODE_0000700	2022-08-23	2022.642241
RADDL4B-24-098	2024-04-30	2024.329235
NODE_0000701	2022-09-08	2022.685483
NODE_0000702	2023-06-13	2023.448660
RADDL4B-24-185	2024-11-20	2024.886612
RADDL4B-24-187	2024-11-20	2024.886612
NODE_0000703	2022-12-31	2022.999539
RADDL4B-24-186	2024-12-20	2024.968579
NODE_0000705	2023-03-14	2023.199751
RADDL4B-24-154	2024-07-15	2024.536885
NODE_0000706	2023-08-28	2023.656156
RADDL4B-24-155	2024-07-11	2024.525956
RADDL4B-25-022	2025-12-20	2025.968493
NODE_0000707	2023-02-01	2023.087544
RADDL4B-24-188	2024-11-29	2024.911202
NODE_0000708	2023-02-27	2023.157285
RADDL4B-24-138	2024-06-20	2024.468579
NODE_0000709	2023-05-06	2023.343449
RADDL4B-24-116	2024-05-13	2024.364754
NODE_0000710	2023-08-03	2023.588908
RADDL4B-24-099	2024-03-20	2024.217213
RADDL4B-24-043	2024-03-04	2024.173497
NODE_0000711	2012-08-14	2012.618610
NODE_0000713	2020-02-15	2020.125137
OR971429	2021-04-10	2021.272603
OR971415	2021-04-13	2021.280822
NODE_0000714	2012-12-29	2012.993921
RADDL3-16-627	2016-07-27	2016.569672
NODE_0000715	2014-01-25	2014.065811
NODE_0000717	2017-04-26	2017.317637
OR971354	2020-08-24	2020.646175
OR971361	2022-06-10	2022.439726
OR971348	2019-09-24	2019.730137
NODE_0000719	2018-02-24	2018.147985
NODE_0000720	2019-10-04	2019.757967
Z-20-110	2020-10-23	2020.810109
OR971469	2021-01-12	2021.031507
OR971367	2022-08-09	2022.604110
NODE_0000722	2019-04-23	2019.308889
NODE_0000723	2021-01-12	2021.031008
OR971468	2021-11-11	2021.861644
OR971465	2021-08-26	2021.650685
NODE_0000724	2021-02-14	2021.122356
OR971357	2021-07-10	2021.521918
NODE_0000568	2021-07-03	2021.501650
OR971363	2022-06-27	2022.486301
OR971369	2022-08-15	2022.620548
NODE_0000726	2014-04-02	2014.251850
Z-15-009	2015-01-16	2015.042466
NODE_0000727	2015-03-16	2015.204029
NODE_0000728	2016-07-14	2016.533831
Z-16-150	2016-09-05	2016.678962
NODE_0000729	2017-05-15	2017.368428
Z-20-24	2020-02-14	2020.121585
NODE_0000730	2017-08-12	2017.613259
OR971452	2019-10-03	2019.754795
NODE_0000731	2018-10-04	2018.758001
NODE_0000732	2023-01-03	2023.006849
Z-23-01Sa	2023-01-03	2023.006849
Z-23-01	2023-01-03	2023.006849
NODE_0000733	2019-03-16	2019.203476
Z-19-136	2019-09-05	2019.678082
NODE_0000734	2019-04-29	2019.325751
OR971479	2022-02-22	2022.143836
OR971451	2019-09-25	2019.732877
NODE_0000735	2017-11-10	2017.858219
NODE_0000736	2018-03-17	2018.206979
MN857170	2019-05-27	2019.401370
OR971455	2019-08-05	2019.593151
NODE_0000737	2018-08-04	2018.591148
Z-19-88	2019-05-31	2019.412329
NODE_0000738	2018-12-04	2018.924080
Z-20-51	2020-03-02	2020.168033
NODE_0000739	2019-12-15	2019.953799
OR971364	2022-06-28	2022.489041
OR971466	2021-08-26	2021.650685
OR971445	2022-01-13	2022.034247
OR971462	2021-07-27	2021.568493
OR971355	2020-09-21	2020.722678
NODE_0000742	2020-12-23	2020.977554
OR971467	2021-09-23	2021.727397
OR971360	2021-05-11	2021.357534
NODE_0000745	2012-10-21	2012.804658
NODE_0000746	2015-07-08	2015.516531
MN857171	2019-05-06	2019.343836
NODE_0000747	2018-02-01	2018.085150
NODE_0000748	2021-12-22	2021.973973
OR971441	2022-01-18	2022.047945
OR971437	2021-12-22	2021.973973
NODE_0000749	2018-06-25	2018.480825
OR971422	2021-08-31	2021.664384
OR971335	2021-05-14	2021.365753
NODE_0000750	2012-12-21	2012.972491
NODE_0000751	2013-05-18	2013.376662
RADDL3-16-521	2016-06-15	2016.454918
Z-14-182	2014-08-20	2014.634247
NODE_0000752	2013-05-24	2013.392440
Z-18-159	2018-07-19	2018.546575
NODE_0000754	2014-01-15	2014.039788
RADDL3-1038	2015-10-22	2015.806849
NODE_0000755	2014-03-28	2014.236555
RADDL3-16-468	2016-06-01	2016.416667
NODE_0000756	2017-11-16	2017.874144
OR971432	2021-08-10	2021.606849
OR971338	2021-06-25	2021.480822
NODE_0000757	2013-11-20	2013.885805
NODE_0000758	2014-03-27	2014.232932
NODE_0000759	2014-09-22	2014.724317
OR971414	2021-04-07	2021.264384
RADDL3-845	2015-09-02	2015.669863
NODE_0000760	2015-04-09	2015.269570
OR971417	2021-04-16	2021.289041
NODE_0000762	2019-03-04	2019.169996
OR971401	2021-10-08	2021.768493
OR971403	2021-08-17	2021.626027
NODE_0000763	2015-08-17	2015.626094
NODE_0000764	2018-01-31	2018.082617
OR971412	2021-03-17	2021.206849
NODE_0000765	2019-11-08	2019.854227
OR971433	2021-10-13	2021.782192
OR971430	2021-05-10	2021.354795
NODE_0000766	2016-09-13	2016.701426
OR971427	2021-10-09	2021.771233
NODE_0000767	2021-01-26	2021.068656
OR971442	2022-07-01	2022.497260
OR971434	2021-10-13	2021.782192
NODE_0000768	2017-07-01	2017.496820
NODE_0000769	2020-01-25	2020.067338
OR971431	2021-07-10	2021.521918
OR971424	2021-03-09	2021.184932
NODE_0000770	2017-09-25	2017.733165
OR971413	2021-04-05	2021.258904
NODE_0000772	2017-12-24	2017.978837
OR971428	2021-09-24	2021.730137
OR971418	2021-04-26	2021.316438
NODE_0000773	2018-10-08	2018.767436
OR971440	2022-04-01	2022.247945
NODE_0000775	2019-02-19	2019.136068
OR971421	2021-08-31	2021.664384
OR971416	2021-04-16	2021.289041
NODE_0000776	2019-01-25	2019.066099
NODE_0000777	2021-09-12	2021.697260
OR971436	2021-09-12	2021.697260
R3-731	2021-12-09	2021.938356
NODE_0000778	2021-05-05	2021.341096
OR971419	2021-05-05	2021.341096
OR971443	2022-10-01	2022.749315
OR971439	2022-03-01	2022.163014
NODE_0000779	2021-07-09	2021.518833
OR971435	2021-10-27	2021.820548
OR971446	2022-01-18	2022.047945
NODE_0000260	1987-05-31	1987.411853
Z-98-616	1998-06-18	1998.461644
NODE_0000259	1997-09-25	1997.733110
Z-98-515	1998-05-20	1998.382192
NODE_0000249	2002-06-30	2002.495202
NODE_0000250	2003-03-12	2003.194442
Z-05-557	2005-12-03	2005.921918
NODE_0000251	2005-08-29	2005.659070
NODE_0000252	2006-03-24	2006.225153
Z-07-351	2007-10-25	2007.815068
Z-07-38	2007-05-02	2007.332877
NODE_0000253	2006-10-09	2006.770741
Z-13-086	2013-05-03	2013.335616
NODE_0000254	2011-03-24	2011.225366
NODE_0000255	2011-10-14	2011.783685
Z-13-020	2013-02-02	2013.089041
Z-13-036	2013-02-25	2013.152055
NODE_0000256	2011-05-31	2011.411556
Z-13-032	2013-02-14	2013.121918
Z-14-058	2014-03-14	2014.198630
NODE_0000258	2013-01-08	2013.020134
Z-15-148	2015-04-20	2015.300000
Z-14-152	2014-02-20	2014.138356
NODE_0000144	2003-05-29	2003.405937
Z-05-102	2005-02-21	2005.141096
NODE_0000146	2003-09-17	2003.709592
NODE_0000147	2006-07-28	2006.571778
Z-07-403	2007-12-22	2007.973973
NODE_0000148	2018-01-29	2018.077413
NODE_0000149	2021-12-06	2021.930390
OR971471	2022-01-21	2022.056164
4A-22-98	2022-01-22	2022.058904
NODE_0000150	2018-06-15	2018.453038
OR971477	2022-02-15	2022.124658
NODE_0000151	2018-11-16	2018.875757
OR971453	2019-10-17	2019.793151
NODE_0000152	2021-06-04	2021.422879
OR971481	2022-10-03	2022.754795
NODE_0000153	2021-10-22	2021.808129
4A-22-40	2022-01-10	2022.026027
OR971476	2022-02-14	2022.121918
NODE_0000154	2004-07-06	2004.511946
Z-08-351	2008-12-12	2008.946721
NODE_0000155	2004-08-28	2004.656161
Z-06-295	2006-07-22	2006.554795
NODE_0000156	2006-06-12	2006.445821
NODE_0000157	2006-09-10	2006.691452
Z-07-07	2007-01-08	2007.020548
NODE_0000158	2012-02-21	2012.141692
Z-13-089	2013-05-04	2013.338356
Z-13-066	2013-04-05	2013.258904
Z-18-114	2018-05-28	2018.404110
NODE_0000161	2013-04-10	2013.272892
NODE_0000162	2022-02-06	2022.100000
OR971475	2022-07-02	2022.500000
4A-22-171	2022-02-06	2022.100000
NODE_0000163	2013-06-12	2013.445205
Z-13-135	2013-06-12	2013.445205
Z-16-210	2016-12-16	2016.957650
NODE_0000165	2008-01-17	2008.046325
NODE_0000166	2012-08-29	2012.659018
NODE_0000167	2013-08-13	2013.615720
Z-14-136	2014-06-11	2014.442466
Z-14-106	2014-05-08	2014.349315
NODE_0000168	2012-12-14	2012.952369
NODE_0000169	2013-07-18	2013.544292
Z-15-116	2015-06-17	2015.458904
NODE_0000170	2015-04-05	2015.259296
Z-16-196	2016-11-23	2016.894809
Z-16-013	2016-01-16	2016.042350
NODE_0000171	2016-06-29	2016.494494
Z-18-251	2018-12-07	2018.932877
NODE_0000172	2017-01-15	2017.040059
Z-18-001	2018-01-02	2018.004110
NODE_0000173	2018-05-17	2018.373458
Z-20-33	2020-02-18	2020.132514
NODE_0000174	2018-09-02	2018.669570
MN857169	2019-05-31	2019.412329
OR971353	2020-07-23	2020.558743
NODE_0000176	2016-10-25	2016.815947
Z-17-217	2017-11-16	2017.875342
NODE_0000177	2017-04-14	2017.282858
Z-17-177	2017-09-25	2017.732877
NODE_0000178	2018-01-21	2018.056164
OR971480	2022-02-24	2022.149315
Z-19-123	2019-08-11	2019.609589
NODE_0000179	2010-07-05	2010.508784
NODE_0000180	2011-07-10	2011.522224
Z-12-118	2012-05-31	2012.413934
Z-15-019	2015-01-28	2015.075342
NODE_0000181	2011-08-14	2011.618701
Z-13-259	2013-12-18	2013.963014
Z-13-009	2013-01-19	2013.050685
NODE_0000183	2013-06-06	2013.428764
Z-14-05	2014-01-05	2014.012329
Z-14-142	2014-06-21	2014.469863
NODE_0000187	2014-07-13	2014.528829
Z-15-185	2015-10-18	2015.795890
Z-16-211	2016-12-19	2016.965847
NODE_0000184	2014-08-12	2014.613487
Z-17-221	2017-11-28	2017.908219
NODE_0000185	2014-09-28	2014.741420
Z-15-130	2015-06-20	2015.467123
Z-16-159	2016-12-20	2016.968579
NODE_0000190	2014-09-18	2014.713378
Z-15-163	2015-09-05	2015.678082
NODE_0000191	2016-05-02	2016.334038
OR971370	2022-08-15	2022.620548
NODE_0000192	2017-03-10	2017.187792
OR971378	2022-09-16	2022.708219
Z-20-01	2020-01-03	2020.006831
NODE_0000193	2009-09-10	2009.692024
Z-12-149	2012-06-28	2012.490437
NODE_0000195	2015-09-06	2015.680128
RADDL4B-24-007	2024-01-17	2024.045082
NODE_0000196	2017-05-18	2017.376098
NODE_0000197	2021-06-25	2021.480389
NODE_0000198	2022-01-08	2022.019184
RADDL4B-23-044	2023-08-01	2023.582192
RADDL4B-24-051	2024-03-26	2024.233607
NODE_0000199	2021-08-30	2021.662146
4B-2922JG	2022-02-09	2022.108219
NODE_0000200	2021-12-28	2021.990604
OR971496	2022-03-03	2022.168493
OR971495	2022-02-17	2022.130137
NODE_0000201	2017-11-20	2017.885460
NODE_0000202	2020-03-05	2020.174876
NODE_0000676	2021-08-06	2021.595204
4B-22-20	2022-05-19	2022.379452
4B-22-13	2022-04-22	2022.305479
NODE_0000204	2021-04-16	2021.288927
4B-22-40	2022-12-02	2022.919178
NODE_0000205	2021-05-27	2021.400601
RADDL4B-23-049	2023-08-31	2023.664384
NODE_0000206	2021-10-25	2021.814998
RADDL4B-24-052	2024-03-29	2024.241803
RADDL4B-24-093	2024-04-29	2024.326503
NODE_0000207	2018-07-20	2018.549840
NODE_0000208	2021-10-16	2021.791669
4B-22-16	2022-04-28	2022.321918
4B-22-35	2022-10-25	2022.815068
NODE_0000209	2020-12-01	2020.916050
NODE_0000210	2021-05-14	2021.365742
4B-22-31	2022-08-18	2022.628767
4B-22-21	2022-05-31	2022.412329
4B-22-17	2022-05-08	2022.349315
NODE_0000212	2021-08-19	2021.630937
NODE_0000213	2022-06-21	2022.468847
RADDL4B-25-032	2025-06-06	2025.428767
RADDL4B-24-174	2024-11-22	2024.892077
NODE_0000214	2023-01-05	2023.011771
RADDL4B-24-173	2024-08-20	2024.635246
NODE_0000687	2023-10-02	2023.752055
RADDL4B-24-046	2024-03-10	2024.189891
RADDL4B-23-058	2023-10-02	2023.752055
NODE_0000216	2010-08-03	2010.586741
NODE_0000217	2018-01-22	2018.057996
NODE_0000218	2021-12-18	2021.962374
OR971491	2022-02-04	2022.094521
4B-2422	2022-02-04	2022.094521
NODE_0000219	2020-07-03	2020.504713
4B-22-15	2022-01-05	2022.012329
NODE_0000220	2020-11-11	2020.860669
NODE_0000222	2021-03-05	2021.173973
4B-21-35	2021-03-05	2021.173973
OR971485	2021-05-03	2021.335616
NODE_0000223	2021-03-10	2021.187671
OR971486	2021-10-03	2021.754795
4B-21-310	2021-03-10	2021.187671
NODE_0000224	2021-04-12	2021.278082
4B-21-412	2021-04-12	2021.278082
4B-21-528	2021-05-28	2021.404110
NODE_0000226	2022-03-18	2022.210869
RADDL4B-23-090	2023-11-16	2023.875342
NODE_0000227	2022-09-24	2022.729581
RADDL4B-23-047	2023-08-23	2023.642466
RADDL4B-24-009	2024-01-29	2024.077869
NODE_0000228	2018-10-29	2018.825899
NODE_0000229	2021-02-09	2021.108219
OR971484	2021-09-02	2021.669863
4B-21-29	2021-02-09	2021.108219
NODE_0000230	2019-11-11	2019.862509
4B-21-126	2021-01-26	2021.069863
NODE_0000231	2021-02-25	2021.151004
OR971488	2021-04-23	2021.308219
4B-21-423	2021-04-23	2021.308219
NODE_0000233	2020-09-23	2020.727546
NODE_0000234	2021-03-02	2021.166351
OR971487	2021-04-14	2021.283562
4B-21-421	2021-04-14	2021.283562
NODE_0000235	2020-12-14	2020.950823
4B-21622	2022-02-16	2022.127397
NODE_0000237	2021-01-27	2021.072589
4B-22-28	2022-07-27	2022.568493
NODE_0000238	2021-05-29	2021.406034
NODE_0000239	2022-02-07	2022.102462
RADDL4B-24-080	2024-04-18	2024.296448
NODE_0000240	2022-03-20	2022.215972
4B-22-30	2022-08-12	2022.612329
RADDL4B-25-039	2025-07-21	2025.552055
NODE_0000241	2022-08-05	2022.593615
RADDL4B-24-023	2024-02-15	2024.124317
NODE_0000242	2023-12-10	2023.942006
RADDL4B-24-162	2024-09-27	2024.739071
RADDL4B-24-153	2024-07-25	2024.564208
NODE_0000243	2021-05-07	2021.346571
OR971494	2022-02-16	2022.127397
NODE_0000244	2021-10-21	2021.805119
4B-22-114	2022-01-14	2022.036986
OR971497	2022-01-01	2022.001370
OR971489	2022-01-05	2022.012329
NODE_0000247	2021-12-20	2021.969351
4B-2922HM	2022-02-09	2022.108219
NODE_0000611	2022-01-14	2022.036986
OR971490	2022-01-14	2022.036986
NODE_0000716	2022-02-09	2022.108219
OR971492	2022-09-02	2022.669863
OR971493	2022-02-09	2022.108219
NODE_0000137	2003-11-21	2003.889929
NODE_0000138	2007-01-28	2007.074610
Z-07-407	2007-12-26	2007.984932
NODE_0000139	2010-09-29	2010.743104
NODE_0000140	2011-04-21	2011.301476
Z-13-071	2013-04-10	2013.272603
Z-12-088	2012-03-29	2012.241803
NODE_0000141	2012-08-08	2012.601537
Z-13-094	2013-05-10	2013.354795
NODE_0000142	2015-10-17	2015.792357
OR971328	2019-10-14	2019.784932
NODE_0000143	--	--
COW	--	--
GOAT	--	--
NODE_0000132	2004-04-07	2004.266623
NODE_0000133	2008-10-26	2008.817736
Z-09-94	2009-04-08	2009.267123
NODE_0000134	2011-11-03	2011.838490
Z-13-073	2013-04-12	2013.278082
NODE_0000135	2012-06-20	2012.469451
Z-13-096	2013-05-12	2013.360274
NODE_0000136	2013-02-20	2013.138356
Z-13-002	2013-02-20	2013.138356
Z-14-138	2014-06-16	2014.456164
NODE_0000129	2004-11-19	2004.883878
NODE_0000130	2009-12-02	2009.920313
Z-14-126	2014-05-31	2014.412329
NODE_0000131	2011-12-25	2011.982027
Z-12-134	2012-06-18	2012.463115
Z-13-134	2013-06-10	2013.439726
NODE_0000127	2006-10-14	2006.786018
NODE_0000128	2012-08-02	2012.586726
RADDL1-16-154	2016-07-21	2016.553279
Z-13-161	2013-07-20	2013.549315
NODE_0000122	2007-03-10	2007.188665
Z-15-001	2015-01-01	2015.001370
NODE_0000123	2013-07-06	2013.510275
Z-17-193	2017-10-13	2017.782192
NODE_0000124	2015-01-04	2015.008882
Z-16-186	2016-03-20	2016.217213
NODE_0000125	2016-04-23	2016.308858
OR971463	2021-05-08	2021.349315
OR971459	2020-05-29	2020.408470
NODE_0000118	2007-12-19	2007.965753
Z-07-398	2007-12-19	2007.965753
NODE_0000120	2017-07-04	2017.504246
OR971388	2021-11-02	2021.836986
NODE_0000121	2019-07-27	2019.569594
OR971326	2019-09-26	2019.735616
OR971324	2019-09-04	2019.675342
NODE_0000117	2011-07-29	2011.574485
Z-12-012	2012-01-16	2012.042350
NODE_0000116	2013-06-15	2013.454192
Z-14-098	2014-04-29	2014.324658
NODE_0000103	2015-03-16	2015.204254
NODE_0000104	2017-08-21	2017.636518
OR971385	2019-11-06	2019.847945
NODE_0000105	2019-08-05	2019.592768
NODE_0000106	2020-08-05	2020.595189
OR971330	2021-02-24	2021.149315
NODE_0000107	2020-12-15	2020.953848
OR971337	2021-06-18	2021.461644
OR971336	2021-08-06	2021.595890
NODE_0000108	2020-11-16	2020.876608
NODE_0000753	2021-05-10	2021.354795
OR971340	2021-11-15	2021.872603
OR971334	2021-05-10	2021.354795
NODE_0000109	2021-01-21	2021.054981
CAR-22-020	2022-01-01	2022.001370
NODE_0000761	2021-07-19	2021.545525
OR971343	2022-01-14	2022.036986
OR971346	2022-03-16	2022.204110
NODE_0000113	2021-01-31	2021.084401
OR971339	2021-03-11	2021.190411
OR971344	2022-01-02	2022.004110
NODE_0000771	2021-02-28	2021.160274
OR971331	2021-02-28	2021.160274
OR971341	2022-04-01	2022.247945
NODE_0000102	2015-10-05	2015.760863
Z-16-082	2016-05-24	2016.394809
NODE_0000092	2016-10-04	2016.758165
NODE_0000093	2017-06-11	2017.442447
OR971447	2019-05-06	2019.343836
NODE_0000094	2018-11-29	2018.911344
NODE_0000095	2020-05-24	2020.395090
OR971470	2022-11-01	2022.834247
NODE_0000096	2021-05-26	2021.398060
OR971460	2021-12-10	2021.941096
OR971358	2021-10-13	2021.782192
NODE_0000097	2021-04-14	2021.284086
NODE_0000098	2022-10-26	2022.818050
RADDL4B-23-046	2023-07-04	2023.505479
NODE_0000099	2023-03-12	2023.193284
RADDL4B-24-042	2024-02-12	2024.116120
RADDL4B-24-114	2024-05-18	2024.378415
NODE_0000100	2022-08-04	2022.591189
4B-23-03	2023-01-22	2023.058904
NODE_0000101	2022-10-07	2022.765591
Z-22-121	2022-12-19	2022.965753
4B-23-04	2023-01-31	2023.083562
NODE_0000091	2018-04-11	2018.274348
OR971449	2019-08-27	2019.653425
NODE_0000088	2018-08-29	2018.658081
NODE_0000089	2021-05-09	2021.352308
OR971478	2022-02-17	2022.130137
NODE_0000090	2021-08-23	2021.643171
OR971482	2022-03-24	2022.226027
OR971461	2021-11-29	2021.910959
NODE_0000085	2020-10-27	2020.820555
NODE_0000668	2021-05-01	2021.330134
OR971473	2022-01-25	2022.067123
NODE_0000788	2021-11-11	2021.862173
OR971472	2022-01-24	2022.064384
4A-22-203	2022-02-11	2022.113699
NODE_0000069	2021-10-14	2021.785244
NODE_0000790	2022-08-27	2022.654009
NODE_0000791	2023-01-02	2023.004021
NODE_0000792	2023-01-02	2023.004021
RADDL4B-23-089	2023-07-20	2023.549315
RADDL4B-24-018	2024-02-01	2024.086066
NODE_0000082	2023-07-04	2023.504249
RADDL4B-24-101	2024-04-25	2024.315574
NODE_0000083	2023-09-06	2023.679621
RADDL4B-23-065	2023-10-23	2023.809589
RADDL4B-24-120	2024-09-20	2024.719945
NODE_0000070	2022-11-25	2022.899650
RADDL4B-24-029	2024-02-20	2024.137978
NODE_0000072	2024-03-13	2024.198087
RADDL4B-24-049	2024-03-13	2024.198087
RADDL4B-24-102	2024-04-28	2024.323770
NODE_0000073	2023-03-31	2023.246503
NODE_0000074	2023-09-29	2023.744573
RADDL4B-24-184	2024-11-19	2024.883880
RADDL4B-24-054	2024-03-20	2024.217213
RADDL4B-24-081	2024-04-15	2024.288251
NODE_0000076	2023-06-30	2023.495630
RADDL4B-24-030	2024-02-17	2024.129781
RADDL4B-24-181	2024-09-09	2024.689891
RADDL4B-24-125	2024-05-13	2024.364754
NODE_0000079	2023-10-31	2023.832857
RADDL4B-24-069	2024-03-20	2024.217213
RADDL4B-24-122	2024-10-20	2024.801913
NODE_0000066	2021-12-04	2021.924795
NODE_0000067	2023-06-23	2023.475819
RADDL4B-24-062	2024-01-20	2024.053279
NODE_0000803	2023-10-26	2023.818466
RADDL4B-24-017	2024-01-25	2024.066940
RADDL4B-24-014	2024-01-29	2024.077869
NODE_0000065	2021-12-25	2021.981541
RADDL4B-23-099	2023-11-30	2023.913699
NODE_0000064	2022-03-08	2022.182273
RADDL4B-24-035	2024-02-26	2024.154372
NODE_0000060	2022-04-09	2022.268794
RADDL4B-23-070	2023-10-23	2023.809589
NODE_0000062	2022-10-19	2022.798107
RADDL4B-24-127	2024-05-16	2024.372951
NODE_0000063	2023-02-19	2023.135902
RADDL4B-24-057	2024-01-20	2024.053279
RADDL4B-24-107	2024-03-20	2024.217213
NODE_0000059	2022-04-29	2022.325550
RADDL4B-24-021	2024-02-01	2024.086066
NODE_0000051	2022-07-13	2022.529221
RADDL4B-24-015	2024-01-31	2024.083333
NODE_0000054	2022-09-26	2022.735940
RADDL4B-24-053	2024-03-17	2024.209016
RADDL4B-24-058	2024-03-20	2024.217213
NODE_0000812	2023-01-31	2023.083657
RADDL4B-23-101	2023-12-05	2023.927397
RADDL4B-24-059	2024-03-20	2024.217213
NODE_0000056	2022-09-03	2022.672131
RADDL4B-24-016	2024-01-31	2024.083333
NODE_0000057	2023-03-29	2023.239183
RADDL4B-23-098	2023-11-27	2023.905479
RADDL4B-24-100	2024-04-24	2024.312842
NODE_0000049	2022-09-07	2022.682923
RADDL4B-23-085	2023-08-20	2023.634247
RADDL4B-24-037	2024-02-28	2024.159836
NODE_0000046	2022-10-24	2022.812706
RADDL4B-23-095	2023-11-28	2023.908219
NODE_0000047	2023-04-18	2023.294423
RADDL4B-23-061	2023-10-09	2023.771233
RADDL4B-23-072	2023-10-23	2023.809589
NODE_0000036	2022-11-07	2022.849895
RADDL4B-24-011	2024-01-24	2024.064208
RADDL4B-24-086	2024-04-20	2024.301913
NODE_0000038	2023-05-04	2023.338334
RADDL4B-24-003	2024-01-09	2024.023224
RADDL4B-24-084	2024-04-19	2024.299180
NODE_0000040	2023-09-01	2023.668030
RADDL4B-24-073	2024-07-20	2024.550546
RADDL4B-24-088	2024-04-22	2024.307377
NODE_0000042	2023-08-11	2023.609042
RADDL4B-23-097	2023-11-27	2023.905479
NODE_0000043	2023-11-26	2023.902740
RADDL4B-23-093	2023-11-26	2023.902740
RADDL4B-23-100	2023-12-05	2023.927397
RADDL4B-24-071	2024-05-20	2024.383880
NODE_0000000	2022-11-20	2022.886230
RADDL4B-24-019	2024-02-08	2024.105191
NODE_0000002	2023-08-31	2023.665348
RADDL4B-24-070	2024-04-20	2024.301913
RADDL4B-24-085	2024-04-20	2024.301913
NODE_0000034	2023-04-06	2023.261621
RADDL4B-24-183	2024-11-20	2024.886612
RADDL4B-24-076	2024-07-20	2024.550546
NODE_0000826	2023-10-03	2023.755876
RADDL4B-24-067	2024-02-20	2024.137978
NODE_0000827	2024-02-29	2024.162568
RADDL4B-24-034	2024-02-29	2024.162568
RADDL4B-24-106	2024-03-20	2024.217213
NODE_0000005	2022-12-01	2022.915536
RADDL4B-24-074	2024-11-20	2024.886612
NODE_0000007	2024-04-29	2024.327168
RADDL4B-24-078	2024-12-20	2024.968579
RADDL4B-25-008	2025-01-04	2025.009589
NODE_0000009	2023-02-12	2023.115828
RADDL4B-24-038	2024-03-05	2024.176230
RADDL4B-24-048	2024-03-07	2024.181694
NODE_0000011	2023-03-11	2023.190969
RADDL4B-24-002	2024-01-09	2024.023224
NODE_0000013	2023-05-10	2023.355630
RADDL4B-23-094	2023-11-28	2023.908219
RADDL4B-24-121	2024-09-20	2024.719945
NODE_0000014	2023-08-17	2023.626977
RADDL4B-24-028	2024-02-14	2024.121585
NODE_0000015	2023-10-24	2023.813333
RADDL4B-25-006	2024-12-20	2024.968579
NODE_0000016	2024-05-05	2024.341935
RADDL4B-25-009	2025-01-09	2025.023288
RADDL4B-25-005	2024-12-17	2024.960383
NODE_0000017	2023-01-16	2023.041232
RADDL4B-24-012	2024-01-25	2024.066940
NODE_0000018	2023-02-17	2023.129173
RADDL4B-24-178	2024-07-15	2024.536885
RADDL4B-24-026	2024-02-16	2024.127049
NODE_0000838	2024-03-21	2024.219945
RADDL4B-24-077	2024-11-20	2024.886612
RADDL4B-24-055	2024-03-21	2024.219945
NODE_0000022	2023-02-27	2023.158481
RADDL4B-24-013	2024-01-16	2024.042350
RADDL4B-24-001	2024-01-05	2024.012295
NODE_0000024	2023-03-31	2023.246421
RADDL4B-24-180	2024-08-22	2024.640710
RADDL4B-23-060	2023-10-06	2023.763014
NODE_0000025	2023-05-15	2023.369752
RADDL4B-24-151	2024-07-08	2024.517760
NODE_0000026	2023-07-04	2023.504146
RADDL4B-23-092	2023-12-07	2023.932877
NODE_0000027	2023-10-19	2023.797498
RADDL4B-24-087	2024-04-21	2024.304645
RADDL4B-24-124	2024-05-13	2024.364754
NODE_0000030	2023-04-19	2023.296490
RADDL4B-24-027	2024-02-14	2024.121585
NODE_0000031	2023-05-09	2023.353233
RADDL4B-23-057	2023-09-24	2023.730137
RADDL4B-24-056	2024-03-26	2024.233607
RADDL4B-24-082	2024-04-18	2024.296448
