name,date
14,2019.07397
153,2018.3726
KX148260,2004
OQ326757,2018
OQ326761,2018
OQ326764,2018
OQ326750,2018
OQ326755,2018
OQ326752,2018
OQ326754,2018
OQ326751,2018
OQ326749,2018
OQ326756,2018
OQ326753,2018
OQ326758,2018
OQ326762,2018
OQ326766,2018
OQ326759,2018
OQ326760,2018
OQ326767,2018
OQ326748,2018
OQ326784,2018
OQ326776,2018
OQ326772,2018
OQ326774,2018
OQ326773,2018
OQ326744,2018
OQ326747,2018
OQ326738,2018
OQ326737,2018
OQ326743,2018
OQ326775,2018
OQ326783,2018
OQ326777,2018
OQ326746,2018
OQ326768,2018
OQ326780,2018
OQ326779,2018
OQ326736,2018
OQ326781,2018
OQ326745,2018
OQ326742,2018
OQ326782,2018
OQ326778,2018
OQ326769,2018
OQ326771,2018
OQ326740,2019
OQ326741,2019
OQ326739,2019
OQ326770,2019
OQ326763,2019
OQ326765,2019
19-30,2019.83562
19-40,2019.15616
4A-22-104,2022.06575
4A-22-171,2022.09863
4A-22-203,2022.11233
4A-22-40,2022.02466
4A-22-98,2022.05753
4B-21-126,2021.06849
4B-21-29,2021.10685
4B-21-310,2021.1863
4B-21-35,2021.1726
4B-21-412,2021.27671
4B-21-421,2021.28219
4B-21-423,2021.30685
4B-21-528,2021.40274
4B-21622,2022.12603
4B-22-114,2022.03562
4B-22-13,2022.30411
4B-22-15,2022.01096
4B-22-16,2022.32055
4B-22-17,2022.34795
4B-22-20,2022.37808
4B-22-21,2022.41096
4B-22-28,2022.56712
4B-22-30,2022.61096
4B-22-31,2022.6274
4B-22-35,2022.8137
4B-22-37,2022.74795
4B-22-39,2022.80274
4B-22-40,2022.91781
4B-22-41,2022.89589
4B-22-42,2022.90137
4B-22-44,2022.94247
4B-22-45,2022.94521
4B-23-01,2023.05205
4B-23-02,2023.03288
4B-23-03,2023.05753
4B-23-04,2023.08219
4B-23-05,2023.05205
4B-23-06,2023.08767
4B-23-07,2023.10137
4B-23-11,2023.10137
4B-23-12,2023.12055
4B-23-13,2023.10685
4B-23-15,2023.12603
4B-23-16,2023.1589
4B-23-17,2023.16164
4B-23-19,2023.16164
4B-2422,2022.09315
4B-2922HM,2022.10685
4B-2922JG,2022.10685
KX148259,1994
KX148263,1994
KX148262,1994
KX148261,1994
MN857171,2019.34247
MN857170,2019.4
MN857167,2019.48219
MN857168,2019.40274
MN857169,2019.41096
OR971323,2019.64932
OR971324,2019.67397
OR971325,2019.70685
OR971326,2019.73425
OR971327,2019.72603
OR971328,2019.78356
OR971329,2019.82192
OR971330,2021.14795
OR971331,2021.1589
OR971332,2021.18904
OR971333,2021.33425
OR971334,2021.35342
OR971335,2021.36438
OR971336,2021.59452
OR971337,2021.46027
OR971338,2021.47945
OR971339,2021.18904
OR971340,2021.87123
OR971341,2022.24658
OR971342,2022.4137
OR971343,2022.03562
OR971344,2022.00274
OR971345,2022.75342
OR971346,2022.20274
CAR-22-018,2022
CAR-22-020,2022
H24-028,2024.23497
OR971347,2019.67671
OR971348,2019.72877
OR971349,2019.74521
OR971350,2020.09563
OR971351,2020.2459
OR971352,2020.45355
OR971353,2020.55738
OR971354,2020.64481
OR971355,2020.72131
OR971356,2020.02459
OR971357,2021.52055
OR971358,2021.78082
OR971359,2021.11233
OR971360,2021.35616
OR971361,2022.43836
OR971362,2022.44658
OR971363,2022.48493
OR971364,2022.48767
OR971365,2022.55068
OR971366,2022.59178
OR971367,2022.60274
OR971368,2022.60274
OR971369,2022.61918
OR971370,2022.61918
OR971371,2022.6274
OR971372,2022.63836
OR971373,2022.64932
OR971374,2022.64932
OR971375,2022.66027
OR971376,2022.67671
OR971377,2022.68493
OR971378,2022.70685
OR971379,2022.72603
OR971380,2022.73973
OR971381,2019.69041
OR971382,2019.74795
OR971383,2019.7863
OR971384,2019.80274
OR971385,2019.84658
OR971386,2021.82192
OR971387,2021.82466
OR971388,2021.83562
OR971389,2021.85205
OR971390,2022.25479
OR971391,2022.29315
OR971392,2022.30137
R1-21-148,2021.27123
OR971600,2019.69589
OR971601,2019.77534
OR971602,2019.78356
OR971603,2019.80274
OR971604,2019.84932
OR971605,2019.85205
OR971606,2019.85479
OR971607,2019.86027
OR971608,2019.89863
OR971609,2019.90685
OR971610,2019.92329
OR971611,2019.92329
OR971612,2019.92329
OR971613,2019.95616
OR971614,2019.95616
OR971615,2019.9863
OR971616,2021.67945
OR971617,2021.73699
OR971618,2021.6411
OR971619,2021.63288
OR971620,2021.49863
OR971621,2021.43562
OR971622,2021.43014
OR971623,2021.38356
OR971624,2021.37534
OR971625,2021.30137
R10-688,2021.49863
R10-711,2021.52603
R10-714,2021.52329
R10-824,2021.68767
R10-856,2021.73699
R10-907,2021.8137
R10-920,2021.81644
R10-989,2021.89863
R10-990,2021.89863
OR971626,2021.0137
OR971627,2021.43836
OR971628,2021.78356
OR971629,2021.93151
OR971630,2022.04658
OR971631,2022.09315
OR971632,2022.12329
OR971633,2022.12329
OR971634,2022.12329
OR971635,2022.18904
OR971636,2022.2274
OR971637,2022.24658
OR971638,2022.31233
OR971639,2022.33151
OR971640,2022.33973
R11-21-61,2021.60822
R11-21-63,2021.75616
R11-22-001,2022
R11-22-002,2022.01096
OR971641,2019.02192
OR971642,2019.43014
OR971643,2019.46301
OR971644,2019.47671
OR971645,2019.55616
OR971646,2019.58356
OR971647,2019.65205
OR971648,2019.67671
OR971649,2019.84932
OR971650,2021.01096
OR971651,2021.0274
OR971652,2021.0274
OR971653,2021.03562
OR971654,2021.04932
OR971665,2021.60274
OR971666,2021.60274
OR971655,2021.08767
OR971656,2021.08767
OR971657,2021.12603
OR971658,2021.12603
OR971659,2021.13151
OR971660,2021.14521
OR971661,2021.16712
OR971662,2021.18356
OR971663,2021.47671
OR971664,2021.49589
OR971668,2021.40822
OR971669,2021.49315
OR971670,2021.34521
OR971671,2021.64658
OR971672,2021.70411
OR971673,2021.43836
OR971674,2021.79452
OR971675,2021.8
OR971667,2021.75342
R2-081,2020.66393
OR971393,2019.63288
OR971394,2019
OR971395,2019.71781
OR971396,2019.75616
OR971397,2019.76438
OR971398,2019.76712
OR971399,2019.7726
OR971400,2021.68493
OR971401,2021.76712
OR971402,2021.6137
OR971403,2021.62466
OR971404,2021.35616
OR971405,2021.96712
OR971406,2021.9863
OR971407,2021.99452
R2-22-5302,2022.16986
R2-22-5814,2022.17808
R2-22-84711,2022.26027
R2-22-8924,2022
R3-0483,2022
OR971408,2019.58356
OR971409,2019.63288
OR971411,2019.69863
OR971412,2021.21096
OR971413,2021.25753
OR971414,2021.26301
OR971415,2021.27945
OR971416,2021.28767
OR971417,2021.28767
OR971418,2021.31507
OR971419,2021.33973
OR971420,2021.39178
OR971421,2021.66301
OR971422,2021.66301
OR971423,2021.66301
OR971424,2021.67123
OR971425,2021.68767
OR971426,2021.68767
OR971427,2021.69041
OR971428,2021.72877
OR971429,2021.75616
OR971430,2021.7589
OR971431,2021.76438
OR971432,2021.76712
OR971433,2021.78082
OR971434,2021.78082
OR971435,2021.81918
OR971436,2021.93699
OR971437,2021.9726
OR971438,2021.8137
OR971439,2022.00548
OR971440,2022.00822
OR971441,2022.04658
OR971442,2022.01644
OR971443,2022.02466
OR971444,2022.0274
OR971445,2022.03288
OR971446,2022.04658
R3-731,2021.93699
OR971453,2019.79178
OR971454,2019.81096
OR971447,2019.34247
OR971455,2019.59178
OR971456,2019.65205
OR971448,2019.58082
OR971449,2019.65205
OR971450,2019.68767
OR971451,2019.73151
OR971452,2019.75342
OR971457,2020.00546
OR971458,2020.17213
OR971459,2020.4071
OR971460,2021.93973
OR971461,2021.90959
OR971462,2021.56712
OR971463,2021.34795
OR971464,2021.85205
OR971465,2021.64932
OR971466,2021.64932
OR971467,2021.72603
OR971468,2021.86027
OR971469,2021.03014
OR971474,2022.06575
OR971475,2022.49863
OR971476,2022.12055
OR971477,2022.12329
OR971478,2022.12877
OR971479,2022.14247
OR971480,2022.14795
OR971470,2022.83288
OR971481,2022.75342
OR971482,2022.22466
OR971471,2022.05479
OR971472,2022.06301
OR971473,2022.06575
OR971483,2019.62192
OR971484,2021.66849
OR971485,2021.33425
OR971486,2021.75342
OR971487,2021.28219
OR971488,2021.30685
OR971489,2022.01096
OR971490,2022.03562
OR971491,2022.09315
OR971492,2022.66849
OR971493,2022.10685
OR971494,2022.12603
OR971495,2022.12877
OR971496,2022.16712
OR971497,2022
OR971498,2018.10411
OR971499,2018.13699
OR971500,2018.15616
OR971501,2018.15616
OR971502,2018.33151
OR971503,2018.60548
OR971504,2018.70137
OR971505,2018.93151
OR971506,2019.17808
OR971507,2021.01096
OR971508,2021.01096
OR971509,2021.0274
OR971510,2021.04932
OR971511,2021.05205
OR971512,2021.08493
OR971513,2021.08493
OR971514,2021.08493
OR971515,2021.08493
OR971516,2021.1726
OR971517,2021.1726
OR971518,2021.21918
OR971519,2021.21918
OR971520,2021.21918
OR971521,2021.21918
OR971522,2021.24932
OR971523,2021.27671
OR971524,2021.29589
OR971525,2021.29589
OR971526,2021.31507
OR971527,2021.31781
OR971528,2021.31507
OR971529,2021.33425
OR971530,2021.33425
OR971531,2021.33973
OR971532,2021.34247
OR971533,2021.35342
R5-21-115,2021.73973
R5-21-119,2021.7863
R5-21-128,2021.85479
R5-21-132,2021.87123
R5-21-136,2021.91781
R5-21-140,2021.93973
R5-22-008,2022.08767
R5-22-09,2022.10137
OR971534,2019.28493
OR971535,2019.4411
OR971536,2019.45753
OR971537,2019.65753
OR971538,2019.70959
OR971539,2019.7726
OR971540,2021.7589
OR971541,2021.76164
OR971542,2021.76164
OR971543,2021.76438
OR971544,2021.77808
OR971545,2021.77808
OR971546,2021.78082
OR971547,2021.79726
OR971548,2021.79726
OR971549,2021.80548
OR971550,2021.8137
OR971551,2021.8137
OR971552,2021.81644
OR971553,2021.81918
OR971554,2021.82466
OR971555,2021.81918
OR971556,2021.52603
OR971557,2021.69589
OR971558,2021.69589
R6-21-4343,2021
R6-21-4375,2021.74795
R6-21-4511,2021.76712
R6-21-4600,2021.78356
R6-4342,2021.74521
R6-4568,2021.78082
OR971559,2021.78082
OR971560,2021.78082
OR971561,2021.79452
OR971562,2021.80274
OR971563,2021.81644
OR971564,2021.69315
OR971565,2021.69315
OR971566,2021.69315
OR971567,2021.77534
OR971568,2021.94247
OR971569,2021.89041
OR971570,2021.89041
OR971571,2022.49589
OR971572,2022.06849
OR971573,2022.58356
OR971574,2022.12055
OR971575,2022.12329
OR971576,2022.13973
OR971577,2022.1589
R7-21-149,2021
R7-21-161,2021.79452
OR971584,2021.15342
OR971585,2021.15342
OR971586,2021.22192
OR971587,2021.2411
OR971588,2021.26575
OR971589,2021.28493
OR971590,2021.30411
OR971591,2021.31507
R9-010,2020.07104
R9-074,2021.63288
R9-089,2021.76438
R9-105,2021.93699
OR971592,2019.76986
OR971593,2021.01096
OR971594,2021.63288
OR971595,2021.6411
OR971596,2021.65205
OR971597,2021.52055
OR971598,2021.93973
OR971599,2021.69589
RADDL1-16-153,2016.54372
RADDL1-16-154,2016.55191
RADDL1-16-166,2016.60383
RADDL3-1038,2015.80548
RADDL3-1045,2015.80822
RADDL3-15-172,2015.11507
RADDL3-16-1008,2016.81967
RADDL3-16-468,2016.4153
RADDL3-16-521,2016.45355
RADDL3-16-627,2016.56831
RADDL3-845,2015.66849
RADDL4B-23-042,2023.51233
RADDL4B-23-044,2023.58082
RADDL4B-23-045,2023.5863
RADDL4B-23-046,2023.50411
RADDL4B-23-047,2023.6411
RADDL4B-23-049,2023.66301
RADDL4B-23-052,2023.65753
RADDL4B-23-056,2023.69315
RADDL4B-23-057,2023.72877
RADDL4B-23-058,2023.75068
RADDL4B-23-060,2023.76164
RADDL4B-23-061,2023.76986
RADDL4B-23-065,2023.80822
RADDL4B-23-070,2023.80822
RADDL4B-23-072,2023.80822
RADDL4B-23-076,2023.79178
RADDL4B-23-080,2023.81644
RADDL4B-23-081,2023.74521
RADDL4B-23-085,2023.63288
RADDL4B-23-089,2023.54795
RADDL4B-23-090,2023.87397
RADDL4B-23-092,2023.93151
RADDL4B-23-093,2023.90137
RADDL4B-23-094,2023.90685
RADDL4B-23-095,2023.90685
RADDL4B-23-097,2023.90411
RADDL4B-23-098,2023.90411
RADDL4B-23-099,2023.91233
RADDL4B-23-100,2023.92603
RADDL4B-23-101,2023.92603
RADDL4B-23-104,2023.94521
RADDL4B-23-105,2023.86575
RADDL4B-24-001,2024.01093
RADDL4B-24-002,2024.02186
RADDL4B-24-003,2024.02186
RADDL4B-24-007,2024.04372
RADDL4B-24-009,2024.0765
RADDL4B-24-011,2024.06284
RADDL4B-24-012,2024.06557
RADDL4B-24-013,2024.04098
RADDL4B-24-014,2024.0765
RADDL4B-24-015,2024.08197
RADDL4B-24-016,2024.08197
RADDL4B-24-017,2024.06557
RADDL4B-24-018,2024.0847
RADDL4B-24-019,2024.10383
RADDL4B-24-021,2024.0847
RADDL4B-24-023,2024.12295
RADDL4B-24-026,2024.12568
RADDL4B-24-027,2024.12022
RADDL4B-24-028,2024.12022
RADDL4B-24-029,2024.13661
RADDL4B-24-030,2024.12842
RADDL4B-24-034,2024.1612
RADDL4B-24-035,2024.15301
RADDL4B-24-037,2024.15847
RADDL4B-24-038,2024.17486
RADDL4B-24-042,2024.11475
RADDL4B-24-043,2024.17213
RADDL4B-24-046,2024.18852
RADDL4B-24-048,2024.18033
RADDL4B-24-049,2024.19672
RADDL4B-24-051,2024.23224
RADDL4B-24-052,2024.24044
RADDL4B-24-053,2024.20765
RADDL4B-24-054,2024.21585
RADDL4B-24-055,2024.21858
RADDL4B-24-056,2024.23224
RADDL4B-24-057,2024.05191
RADDL4B-24-058,2024.21585
RADDL4B-24-059,2024.21585
RADDL4B-24-062,2024.05191
RADDL4B-24-063,2024.28142
RADDL4B-24-066,2024.80055
RADDL4B-24-067,2024.13661
RADDL4B-24-069,2024.21585
RADDL4B-24-070,2024.30055
RADDL4B-24-071,2024.38251
RADDL4B-24-073,2024.54918
RADDL4B-24-074,2024.88525
RADDL4B-24-076,2024.54918
RADDL4B-24-077,2024.88525
RADDL4B-24-078,2024.96721
RADDL4B-24-080,2024.29508
RADDL4B-24-081,2024.28689
RADDL4B-24-082,2024.29508
RADDL4B-24-084,2024.29781
RADDL4B-24-085,2024.30055
RADDL4B-24-086,2024.30055
RADDL4B-24-087,2024.30328
RADDL4B-24-088,2024.30601
RADDL4B-24-093,2024.32514
RADDL4B-24-095,2024.21585
RADDL4B-24-096,2024.28689
RADDL4B-24-097,2024.31694
RADDL4B-24-098,2024.32787
RADDL4B-24-099,2024.21585
RADDL4B-24-100,2024.31148
RADDL4B-24-101,2024.31421
RADDL4B-24-102,2024.3224
RADDL4B-24-106,2024.21585
RADDL4B-24-107,2024.21585
RADDL4B-24-112,2024.37158
RADDL4B-24-113,2024.63388
RADDL4B-24-114,2024.37705
RADDL4B-24-116,2024.36339
RADDL4B-24-117,2024.63388
RADDL4B-24-120,2024.71858
RADDL4B-24-121,2024.71858
RADDL4B-24-122,2024.80055
RADDL4B-24-124,2024.36339
RADDL4B-24-125,2024.36339
RADDL4B-24-127,2024.37158
RADDL4B-24-138,2024.46721
RADDL4B-24-151,2024.51639
RADDL4B-24-153,2024.56284
RADDL4B-24-154,2024.53552
RADDL4B-24-155,2024.52459
RADDL4B-24-156,2024.56557
RADDL4B-24-157,2024.51639
RADDL4B-24-162,2024.7377
RADDL4B-24-173,2024.63388
RADDL4B-24-174,2024.89071
RADDL4B-24-178,2024.53552
RADDL4B-24-180,2024.63934
RADDL4B-24-181,2024.68852
RADDL4B-24-183,2024.88525
RADDL4B-24-184,2024.88251
RADDL4B-24-185,2024.88525
RADDL4B-24-186,2024.96721
RADDL4B-24-187,2024.88525
RADDL4B-24-188,2024.90984
RADDL4B-25-005,2024.95902
RADDL4B-25-006,2024.96721
RADDL4B-25-008,2025.00822
RADDL4B-25-009,2025.02192
RADDL4B-25-017,2025.17808
RADDL4B-25-022,2025.96712
RADDL4B-25-032,2025.4274
RADDL4B-25-039,2025.55068
RADDL5-005,2015.07945
REGION_5_2018-100,2018.23288
REGION_5_2018-304,2018.8137
REGION_5_2018-311,2018.86575
REGION_5_2018-50,2018.96712
REGION_5_2019-1,2019.2137
REGION_5_2019-13,2019.04384
Z-05-102,2005.13973
Z-05-191,2005.27123
Z-05-557,2005.92055
Z-05-96,2005.12877
Z-06-150,2006.30959
Z-06-295,2006.55342
Z-06-39,2006.06849
Z-07-07,2007.01918
Z-07-351,2007.8137
Z-07-366,2007.86301
Z-07-38,2007.33151
Z-07-387,2007.93151
Z-07-398,2007.96438
Z-07-403,2007.9726
Z-07-407,2007.98356
Z-08-351,2008.94536
Z-08-359,2008.98087
Z-09-94,2009.26575
Z-12-001,2012.05191
Z-12-012,2012.04098
Z-12-029,2012.09016
Z-12-060,2012.15027
Z-12-088,2012.24044
Z-12-118,2012.41257
Z-12-134,2012.46175
Z-12-149,2012.48907
Z-12-208,2012.75137
Z-12-212,2012.30055
Z-13-002,2013.13699
Z-13-009,2013.04932
Z-13-020,2013.08767
Z-13-032,2013.12055
Z-13-036,2013.15068
Z-13-065,2013.25479
Z-13-066,2013.25753
Z-13-071,2013.27123
Z-13-073,2013.27671
Z-13-081,2013.31233
Z-13-086,2013.33425
Z-13-089,2013.33699
Z-13-094,2013.35342
Z-13-096,2013.3589
Z-13-098,2013.36164
Z-13-134,2013.43836
Z-13-135,2013.44384
Z-13-161,2013.54795
Z-13-171,2013.59178
Z-13-184,2013.65753
Z-13-204,2013.73425
Z-13-216,2013.8137
Z-13-234,2013.87123
Z-13-259,2013.96164
Z-14-023,2014.08219
Z-14-033,2014.10137
Z-14-05,2014.01096
Z-14-058,2014.19726
Z-14-098,2014.32329
Z-14-101,2014.33699
Z-14-106,2014.34795
Z-14-126,2014.41096
Z-14-136,2014.4411
Z-14-138,2014.45479
Z-14-142,2014.46849
Z-14-146,2014.48219
Z-14-149,2014.48767
Z-14-152,2014.13699
Z-14-182,2014.63288
Z-14-243,2014.86575
Z-15-001,2015
Z-15-009,2015.0411
Z-15-019,2015.07397
Z-15-116,2015.45753
Z-15-130,2015.46575
Z-15-148,2015.29863
Z-15-163,2015.67671
Z-15-185,2015.79452
Z-16-013,2016.04098
Z-16-082,2016.39344
Z-16-150,2016.6776
Z-16-151,2016.6776
Z-16-159,2016.96721
Z-16-186,2016.21585
Z-16-196,2016.89344
Z-16-209,2016.95082
Z-16-210,2016.95628
Z-16-211,2016.96448
Z-17-046,2017.17534
Z-17-174,2017.72603
Z-17-177,2017.73151
Z-17-193,2017.78082
Z-17-200,2017.83014
Z-17-217,2017.87397
Z-17-221,2017.90685
Z-17-57,2017.23836
Z-18-001,2018.00274
Z-18-114,2018.40274
Z-18-159,2018.54521
Z-18-224,2018.82192
Z-18-251,2018.93151
Z-19-029,2019.15342
Z-19-123,2019.60822
Z-19-136,2019.67671
Z-19-88,2019.41096
Z-20-01,2020.00546
Z-20-110,2020.80874
Z-20-24,2020.12022
Z-20-33,2020.13115
Z-20-51,2020.16667
Z-22-103,2022.88767
Z-22-119,2022.98904
Z-22-121,2022.96438
Z-23-01,2023.00548
Z-23-01Sa,2023.00548
Z-24-141,2024.72951
Z-24-142,2024.72951
Z-98-1061,1998.59178
Z-98-285,1998.20822
Z-98-286,1998.21096
Z-98-433,1998.32603
Z-98-454,1998.33699
Z-98-515,1998.38082
Z-98-616,1998.46027
Z-98-718,1998.52877
Z-98-780,1998.56164
Z-98-838,1998.60274
Z-98-860,1998.61644