seqName,insertions,aaInsertions
KX148261,,
KX148259,8824:GGG,
OQ326753,,
OQ326750,,
OQ326751,,
KX148262,,
OQ326752,,
KX148260,8824:GGG;11847:A,
KX148263,,
OQ326754,,
OQ326749,,
OQ326748,,
OQ326743,,
OQ326747,,
OQ326744,,
OQ326740,,
OQ326741,,
OQ326739,,
OQ326742,,
OQ326745,,
OR971444,2409:TT;11847:T,
OQ326746,,
OR971442,2409:TT;11847:T,
OQ326738,,
OQ326737,,
OQ326736,,
OR971443,2409:TT;11847:T,
OR971439,2409:TT;11847:T,
OR971441,2409:TT;11847:T,
OR971436,2409:TT;11847:T,
OR971440,2409:TT;11847:T,
OR971438,2409:TT;11847:T,
OR971437,2409:TT;11847:T,
OR971433,2409:TT;11847:T,
OR971435,2409:TT;11847:T,
OR971432,2409:TT;11847:T,
OR971430,2409:TT;11847:T,
OR971431,2409:TT;11847:T,
OR971434,2409:TT;11847:T,
OR971428,1476:A;2409:AA;11847:T,
OR971427,2409:TT;11847:T,
OR971429,2409:TT;11847:T,
OR971422,2409:TT;11847:T,
OR971423,2409:TT;11847:T,
OR971424,2409:TT;11847:T,
OR971426,2409:TT;11847:T,
OR971420,2409:TT;11847:T,
OR971419,2409:TT;11847:T,
OR971425,2409:TT;11847:T,
OR971417,,
OR971421,2409:TT;11847:T,
OR971414,,
OR971418,,
OR971416,,
OR971412,,
OR971413,,
OR971415,,
OR971409,2409:TT;11847:T,
OR971411,2409:TT;11847:T,
OR971405,2409:TT;11847:T,
OR971403,2409:TT;11847:T,
OR971402,11847:T,
OR971407,,
OR971401,2409:AA;11847:T,
OR971406,,
OR971408,2409:TT;11847:T,
OR971404,11847:T,
OR971399,,
OR971398,,
OR971400,11847:T,
OR971395,,
OR971397,,
OQ326782,,
OR971396,,
OQ326780,,
OQ326784,,
OQ326781,,
OQ326777,,
OQ326783,,
OQ326773,,
OQ326779,,
OQ326778,,
OQ326770,,
OQ326774,,
OQ326772,,
OQ326771,,
OQ326769,,
OQ326776,,
OQ326775,,
OQ326767,,
OQ326766,,
OQ326764,,
OQ326761,,
OQ326768,,
OQ326758,,
OQ326760,,
OQ326756,,
OQ326765,,
OQ326762,,
OQ326755,,
OQ326763,,
OQ326759,,
OQ326757,,
OR971544,4940:T;4947:TTTTT,
OR971538,4940:T;4947:TTTTT,
OR971542,4940:T;4947:TTTTT,
OR971541,4940:T;4947:TTTTT,
OR971534,,
OR971535,4940:T;4947:TTTTT,
OR971536,4940:T;4947:TTTTT,
OR971543,8830:GGA,
OR971533,,
OR971532,,
OR971537,4940:T;4947:TTTTT,
OR971539,4940:T;4947:TTTTT,
OR971540,4940:T;4947:TTTTT,
OR971528,11909:T,
OR971526,,
OR971525,,
OR971529,,
OR971527,,
OR971522,,
OR971530,,
OR971531,,
OR971524,,
OR971517,,
OR971519,,
OR971523,,
OR971520,,
OR971516,,
OR971521,,
OR971513,,
OR971512,,
OR971515,,
OR971507,,
OR971510,,
OR971511,,
OR971518,,
OR971504,,
OR971514,,
OR971505,,
OR971509,,
OR971502,,
OR971501,,
OR971508,,
OR971506,,
OR971498,,
OR971503,,
OR971500,,
OR971343,2409:AA,
OR971495,2409:AA;11847:T,
OR971497,2409:AA;11847:T,
OR971499,,
OR971496,2409:AA;11847:T,
OR971342,,
OR971338,,
OR971344,2409:TT,
OR971335,,
OR971334,2409:TT,
OR971333,,
OR971339,2409:TT,
OR971332,,
OR971341,2409:TT,
OR971340,2409:TT,
OR971336,2409:TT,
OR971329,,
OR971328,2409:TT,
OR971337,2409:TT,
OR971327,11847:A,
OR971325,,
OR971324,2409:TT;11847:T,
OR971331,2409:TT,
OR971326,2409:TT,
OR971330,2409:TT,
OR971644,2416:A,
OR971642,5373:A,
OR971643,5373:A,
OR971323,11847:A,
OR971635,2409:TT,
OR971636,2409:TT;11847:T,
OR971638,,
OR971634,2409:TT,
OR971640,2409:TT;11847:T,
OR971641,5373:A,
OR971639,11847:T,
OR971632,,
OR971637,,
OR971630,,
OR971631,,
OR971627,2409:TT;5349:A;11810:T,
OR971629,11799:TT,
OR971625,2416:A,
OR971628,11847:A,
OR971633,2409:TT;11847:A,
OR971622,2409:TT,
OR971626,11847:T,
OR971620,,
OR971618,2409:TT,
OR971624,,
OR971623,,
OR971619,2409:TT,
OR971616,2416:A,
OR971621,2416:A,
OR971617,2416:A,
OR971614,2416:A,
OR971613,,
OR971615,2416:A,
OR971611,5373:A;11804:T;11832:G,
OR971610,11847:A,
OR971612,5373:A,
OR971607,,
OR971603,2416:A,
OR971602,2409:TT,
OR971606,2416:A,
OR971599,11847:T,
OR971608,,
OR971605,2416:A,
OR971609,2416:A;11796:TT,
OR971600,,
OR971597,2409:TT;5373:A,
OR971604,2416:A;11810:T,
OR971595,5373:A;11804:T;11832:G,
MN857171,,
OR971598,2409:TT;5373:A;11805:A,
OR971601,2416:A,
MN857169,,
MN857167,,
MN857168,,
OR971596,5373:A;11804:T;11830:T,
OR971593,5131:A;5373:A;11804:T;11832:G,
MN857170,,
OR971588,,
OR971587,,
OR971591,,
OR971589,4940:G;4947:TTTTT;5190:G,
OR971594,5373:A;11805:A,
OR971592,,
OR971584,4940:T;4947:TTTTT;5190:G,
OR971590,4940:T;4947:TTTTT;5190:G,
OR971580,4940:T;4947:TTTTT,
OR971583,4940:T;4947:TTTTT,
OR971579,4940:T;4947:TTTTT,
OR971586,4940:T;4947:TTTTT;5190:G,
OR971585,4940:T;4947:TTTTT;5190:G,
OR971575,4940:T;4947:TTTTT,
OR971582,4940:T;4947:TTTTT,
OR971577,11807:A,
OR971574,11806:T;11834:A,
OR971581,4938:T;4947:TTTTT,
OR971578,4938:T;4947:TTTTT,
OR971573,11807:A,
OR971576,,
OR971570,11807:A,
OR971571,4940:T;4947:TTTTT,
OR971572,11807:A,
OR971567,,
OR971563,11847:T,
OR971565,11847:T,
OR971569,11811:T,
OR971568,4940:T;4947:TTTTT,
OR971561,11847:T,
OR971560,,
OR971562,4938:T;4947:TTTTT,
OR971564,4940:T;4947:TTTTT,
OR971558,2409:TT;11847:T,
OR971566,11807:A;11838:T,
OR971557,2409:TT;11847:T,
OR971556,2409:TT;11847:T,
OR971559,4940:T;4947:TTTTT,
OR971554,4940:T;4947:TTTTT,
OR971552,4940:T;4947:TTTTT,
OR971550,4940:T;4947:TTTTT,
OR971494,2409:TT;11847:T,
OR971545,4940:T;4947:TTTTT,
OR971555,4940:T;4947:TTTTT,
OR971553,4940:T;4947:TTTTT,
OR971548,4940:T;4947:TTTTT,
OR971546,4940:T;4947:TTTTT,
OR971493,2409:TT,
OR971551,4940:T;4947:TTTTT,
OR971492,2409:TT,
OR971549,4940:T;4947:TTTTT,
OR971490,2409:TT,
OR971488,2409:AA;11847:T,
OR971547,4940:T;4947:TTTTT,
OR971486,2409:AA;11847:T,
OR971485,2409:TT;11847:T,
OR971484,2409:AA;11847:T,
OR971483,2409:TT;11847:T,
OR971491,2409:TT;11847:A,
OR971482,2409:TT;11847:T,
OR971480,2409:AA;2467:A;11847:T,
OR971479,2409:TT;11847:T,
OR971489,2409:TT,
OR971487,2409:TT;11847:T,
OR971478,2409:TT;11847:T,
OR971481,2409:AA;11847:T,
OR971476,2409:AA;11847:AA,
OR971473,2409:TT;11847:T,
OR971471,2409:AA;11847:T,
OR971469,2409:TT;11847:T,
OR971477,2409:AA;11847:A,
OR971470,2409:AA;11847:T,
OR971472,2409:TT;11847:T,
OR971466,2409:AA;11847:A,
OR971475,2409:AA;11847:T,
OR971465,2409:TT;11847:T,
OR971464,2409:TT;11847:T,
OR971468,2409:AA;11847:T,
OR971463,2409:TT;11847:T,
OR971467,2409:TT;11847:T,
OR971461,2409:TT;11847:T,
OR971474,2409:TT;11847:T,
OR971457,,
OR971455,,
OR971451,,
OR971452,,
OR971460,2409:AA;11847:T,
OR971459,2409:TT;11847:AA,
OR971462,2409:AA;11847:T,
OR971458,,
OR971450,,
OR971453,2409:TT,
OR971456,,
OR971454,,
OR971448,2409:AA;4940:T;11808:T,
OR971393,,
OR971392,2409:AA;11847:T,
OR971391,2409:TT;11847:T,
OR971389,,
OR971445,2409:TT;11847:T,
OR971447,2409:TT,
OR971394,,
OR971387,,
OR971449,2409:TT,
OR971446,2409:TT;11847:A,
OR971386,,
OR971385,2409:TT,
OR971390,2409:AA;11847:T,
OR971383,,
OR971388,2409:TT,
OR971384,,
OR971380,2409:TT;11847:T,
OR971379,2409:TT;11847:T,
OR971376,2409:TT;11847:T,
OR971381,2409:TT,
OR971374,2409:TT;11847:T,
OR971377,2409:TT;11847:T,
OR971378,2409:AA;11847:T,
OR971382,,
OR971370,2409:TT;11847:T,
OR971369,2409:TT;11847:T,
OR971368,2409:TT;11847:T,
OR971375,2409:TT;11847:T,
OR971373,2409:TT;11847:T,
OR971365,2409:TT;11847:T,
OR971367,2409:TT;11847:T,
OR971372,2409:TT;11847:T,
OR971371,2409:TT;5349:A;11847:T,
OR971363,2409:TT;11847:T,
OR971361,2409:TT;11847:T,
OR971360,2409:AA;11847:T;11909:T,
OR971359,2409:TT;11847:T,
OR971358,2409:AA;11847:T,
OR971366,2409:TT;11847:T,
OR971356,2409:TT;11847:T,
OR971362,2409:TT;11847:T,
OR971364,2409:TT;11847:T,
OR971352,,
OR971351,,
OR971349,,
OR971357,2409:AA;11847:T,
OR971348,,
OR971355,2409:AA;11847:T,
OR971350,,
OR971353,2409:AA,
OR971346,2409:TT,
OR971345,,
OR971354,2409:TT,
OR971674,3257:T,
OR971672,3257:T;11804:T;11832:G,
OR971675,11924:T,
OR971347,,
OR971673,11811:T,
OR971665,5373:A;11804:T,
OR971662,2409:TT;2416:A;5244:A,
OR971655,5373:A;11804:T,
OR971659,2409:TT;2416:A,
OR971654,2409:TT;5373:A;11805:A,
OR971660,5373:A;11804:T;11832:G,
OR971656,11811:T,
OR971663,2416:A;11810:T,
OR971658,4940:T;5373:A;11805:A,
OR971657,5373:A;11804:T;11832:G,
OR971664,2409:TT;5373:A,
OR971661,2416:A;5244:A;11810:T,
OR971652,5373:A;11804:T;11832:G,
OR971647,5373:A;11804:T;11832:G,
OR971648,5373:A,
OR971645,4940:T;5373:A;11810:A,
OR971653,5244:A,
OR971649,2409:TT;2416:A;11847:A,
14,2407:AC;4940:NGAGGT;11924:N,
153,2407:AC;4940:NGAGGT;11924:N,
OR971651,2409:TT;5373:A;11847:A,
19-40,2407:AC;4940:NGAGGT;11806:T,
OR971650,5373:A,
4A-22-171,2407:AC;4940:NGAGGT;11924:N,
OR971646,5373:A,
4A-22-98,2407:AC;4940:NGAGGT;11806:T,
4A-22-203,2407:AC;4940:NGAGGT;11924:N,
19-30,2407:AC;4940:NGAGGT;11924:N,
4B-21-29,2407:AC;4940:NGAGGT;11806:T,
4A-22-104,2407:AC;4940:NGAGGT;11924:N,
4A-22-40,2407:AC;4940:NGAGGT;11806:T,
4B-21-421,2407:AC;4940:NGAGGT;11806:T,
4B-21-423,2407:AC;4940:NGAGGT;11924:N,
4B-21-35,2407:AC;4940:NGAGGT;11806:T,
4B-21-310,2407:AC;4940:NGAGGT;11806:T,
4B-21-528,2407:AC;4940:NGAGGT;11806:T,
4B-21-126,2407:AC;4940:NGAGGT;11806:T,
4B-22-114,2407:AC;4940:NGAGGT;11806:T,
4B-21622,2407:AC;4940:NGAGGT;11806:T,
4B-22-16,2407:AC;4940:NGAGGT;11924:N,
4B-22-20,2407:AC;4940:NGAGGT;11924:N,
4B-22-13,2407:AC;4940:NGAGGT;11924:N,
4B-21-412,2407:AC;4940:NGAGGT;11806:T,
4B-22-17,2407:AC;4940:NGAGGT;11924:N,
4B-22-15,2407:AC;4940:NGAGGT;11806:T,
4B-22-35,2407:AC;4940:NGAGGT;11924:N,
4B-22-31,2407:AC;4940:NGAGGT;11924:N,
4B-22-30,2407:AC;4940:NGAGGT;11924:N,
4B-22-39,2407:AC;4940:NGAGGT;11924:N,
4B-22-40,2407:AC;4940:NGAGGT;11924:N,
4B-22-37,2407:AC;4940:NGAGGT;11924:N,
4B-22-28,2407:AC;4940:NGAGGT;11924:N,
4B-22-21,2407:AC;4940:NGAGGT;11924:N,
4B-22-44,2407:AC;4940:NGAGGT;11924:N,
4B-22-45,2407:AC;4940:NGAGGT;11924:N,
4B-22-41,2407:AC;4940:NGAGGT;11924:N,
4B-23-02,2407:AC;4940:NGAGGT;11924:N,
4B-23-04,2407:AC;4940:NGAGGT;11806:T,
4B-23-06,2407:AC;4940:NGAGGT;11924:N,
4B-22-42,2407:AC;4940:NGAGGT;11924:N,
4B-23-11,2407:AC;4940:NGAGGT;11924:N,
4B-23-13,2407:AC;4940:NGAGGT;11924:N,
4B-23-07,2407:AC;4940:NGAGGT;11924:N,
4B-23-01,2407:AC;4940:NGAGGT;11924:N,
4B-23-15,2407:AC;4940:NGAGGT;11924:N,
4B-23-03,2407:AC;4940:NGAGGT;11806:T,
4B-23-05,2407:AC;4940:NGAGGT;11924:N,
4B-23-17,2407:AC;4940:NGAGGT;11924:N,
4B-2922HM,2407:AC;4940:NGAGGT;11806:T,
4B-2922JG,2407:AC;4940:NGAGGT;11806:T,
4B-23-12,2407:AC;4940:NGAGGT;11924:N,
CAR-22-020,2407:AC;4940:NGAGGT;11806:T,
4B-2422,2407:AC;4940:NGAGGT;11924:N,
4B-23-16,2407:AC;4940:NGAGGT;11924:N,
CAR-22-018,2407:AC;4940:NGAGGT;11924:N,
COW,2407:AC;4940:NGAGGT;11924:N,
H24-028,2407:AC;4940:NGAGGT;11808:C,
R1-21-148,2407:AC;4940:NGAGGT;11924:N,
R10-688,2407:AC;4940:NGAGGT;11924:N,
4B-23-19,2407:AC;4940:NGAGGT;11924:N,
R10-711,2407:AC;4940:NGAGGT;11924:N,
GOAT,2407:AC;4940:NGAGGT;11924:N,
R10-907,2407:AC;4940:NGAGGT;11924:N,
R10-856,2407:AC;4940:NGAGGT;11924:N,
R10-920,2407:AC;4940:NGAGGT;11924:N,
R11-21-63,2407:AC;4940:NGAGGT;11924:N,
R10-824,2407:AC;4940:NGAGGT;11924:N,
R11-22-001,2407:AC;4940:NGAGAT;11924:N,
R10-714,2407:AC;4940:NGAGGT;11924:N,
R2-22-5302,2407:AC;4940:NGAGCT;11924:N,
R10-990,2407:AC;4940:NGAGGT;11924:N,
R10-989,2407:AC;4940:NGAAGT;11924:N,
R2-22-5814,2407:AC;4940:NGAGGT;11924:N,
R2-081,2407:AC;4940:NGAGGT;11924:N,
R11-21-61,2407:AC;4940:NGAGGT;11806:T,
R11-22-002,2407:AC;4940:NGAGGT;11924:N,
R2-22-84711,2407:AC;4940:NGAGGT;11924:N,
R5-21-119,2407:AC;4940:NGAGGT;11806:T,
R5-21-115,2407:AC;4940:NGAGGT;11806:T,
R3-0483,2407:AC;4940:NGAGGT;11924:N,
R2-22-8924,2407:AC;4940:NGAGGT;11924:N,
R5-22-09,2407:AC;4940:NGAGGT;11806:T,
R3-731,2407:AC;4940:NGAGGT;11924:N,
R5-22-008,2407:AC;4940:NGAGGT;11924:N,
R6-21-4375,2407:AC;4940:NGAGGT;11924:N,
R5-21-132,2407:AC;4940:NGAGGT;11806:T,
R5-21-128,2407:AC;4940:NGAGGT;11806:T,
R6-21-4600,2407:AC;4940:NGAGGT;11924:N,
R6-4342,2407:AC;4940:NGAGGT;11924:N,
R5-21-136,2407:AC;4940:NGAGGT;11924:N,
R5-21-140,2407:AC;4940:NGAGGT;11806:T,
R6-4568,2407:AC;4940:NGAGGT;11924:N,
R6-21-4343,2407:AC;4940:NGAGGT;11924:N,
R7-21-161,2407:AC;4940:NGAGGT;11924:N,
RADDL1-16-153,2407:AC;4940:NGAGGT;11924:N,
RADDL1-16-154,2407:AC;4940:NGAGGT,
RADDL1-16-166,2407:AC;4940:NGAGGT;11924:N,
R9-010,2407:AC;4940:NGAGGT;11924:N,
R7-21-149,2407:AC;4940:NGAGGT;11924:N,
R6-21-4511,2407:AC;4940:NGAGGT;10657:GGG;11924:N,
R9-074,2407:AC;4940:NGAGGT;11924:N,
RADDL3-1045,2407:AC;4940:NGAGGT;11924:N,
RADDL3-16-521,2407:AC;4940:NGAGGT;11924:N,
RADDL3-16-1008,2407:AC;4940:NGAGGT;11924:N,
R9-105,2407:AC;4940:NGAGGT;11806:T,
RADDL3-15-172,2407:AC;4940:NGAGGT;11924:N,
R9-089,2407:AC;4940:NNNGGT;11924:N,
RADDL3-845,2407:AC;4940:NGAGGT;11924:N,
RADDL3-1038,2407:AC;4940:NGAGGT,
RADDL4B-23-042,2407:AC;4940:NGAGGT;11806:T,
RADDL4B-23-045,2407:AC;4940:NGAGGT;11806:T,
RADDL3-16-468,2407:AC;4940:NGAGGT;11924:N,
RADDL4B-23-052,2407:AC;4940:NGAGGT;11806:T,
RADDL3-16-627,2407:AC;4940:NGAGGT;11924:N,
RADDL4B-23-056,2407:AC;4940:NGAGGT;11806:T,
RADDL4B-23-049,2407:AC;4940:NGAGGT;11806:T,
RADDL4B-23-058,2407:AC;4940:NGAGGT;11806:T,
RADDL4B-23-046,2407:AC;4940:NGAGGT;11806:T,
RADDL4B-23-044,2407:AC;4940:NGAGGT;11806:T,
RADDL4B-23-047,2407:AC;4940:NGAGGT;11806:T,
RADDL4B-23-070,2407:AC;4940:NGAGGT;11806:T,
RADDL4B-23-065,2407:AC;4940:NGAGGT;11924:N,
RADDL4B-23-076,2407:AC;4940:NGAGGT;11924:N,
RADDL4B-23-057,2407:AC;4940:NGAGGT;11806:T,
RADDL4B-23-072,2407:AC;4940:NGAGGT;11806:T,
RADDL4B-23-060,2407:AC;4940:NGAGGT;11806:T,
RADDL4B-23-085,2407:AC;4940:NGAGGT;11806:T,
RADDL4B-23-094,2407:AC;4940:NGAGGT;11806:T,
RADDL4B-23-097,2407:AC;4940:NGAGGT;11806:T,
RADDL4B-23-061,2407:AC;4940:NGAGGT;11806:T,
RADDL4B-23-080,2407:AC;4940:NGAGGT;11806:T,
RADDL4B-23-095,2407:AC;4940:NGAGGT;11806:T,
RADDL4B-23-093,2407:AC;4940:NGAGGT;11806:T,
RADDL4B-23-098,2407:AC;4940:NGAGGT;11806:T,
RADDL4B-23-090,2407:AC;4940:NGAGGT;11806:T,
RADDL4B-23-081,2407:AC;4940:NGAGGT;11924:N,
RADDL4B-23-099,2407:AC;4940:NGAGGT;11806:T,
RADDL4B-23-089,2407:AC;4940:NGAGGT;11924:N,
RADDL4B-23-092,2407:AC;4940:NGAGGT;11806:T,
RADDL4B-23-105,2407:AC;4940:NGAGGT;11806:T,
RADDL4B-23-104,2407:AC;4940:NGAGGT;11806:T,
RADDL4B-23-101,2407:AC;4940:NGAGGT;11806:T,
RADDL4B-24-002,2407:AC;4940:NGAGGT;11806:T,
RADDL4B-23-100,2407:AC;4940:NGAGGT;11806:T,
RADDL4B-24-003,2407:AC;4940:NGAGGT;11806:T,
RADDL4B-24-007,2407:AC;4940:NGAGGT;11806:T,
RADDL4B-24-001,2407:AC;4940:NGAGGT;11806:T,
RADDL4B-24-013,2407:AC;4940:NGAGGT;11806:T,
RADDL4B-24-009,2407:AC;4940:NGAGGT;11806:T,
RADDL4B-24-016,2407:AC;4940:NGAGGT;11806:T,
RADDL4B-24-018,2407:AC;4940:NGAGGT;11924:N,
RADDL4B-24-015,2407:AC;4940:NGAGGT;11806:T,
RADDL4B-24-019,2407:AC;4940:NGAGGT;11806:T,
RADDL4B-24-011,2407:AC;4940:NGAGGT;11806:T,
RADDL4B-24-012,2407:AC;4940:NGAGGT;11806:T,
RADDL4B-24-023,2407:AC;4940:NGAGGT;11806:T,
RADDL4B-24-026,2407:AC;4940:NGAGGT;11924:N,
RADDL4B-24-014,2407:AC;4940:NGAGGT;11806:T,
RADDL4B-24-017,2407:AC;4940:NGAGGT;11806:T,
RADDL4B-24-021,2407:AC;4940:NGAGGT;11924:N,
RADDL4B-24-030,2407:AC;4940:NGAGGT;11806:T,
RADDL4B-24-034,2407:AC;4940:NGAGGT;11924:N,
RADDL4B-24-027,2407:AC;4940:NGAGGT;11924:N,
RADDL4B-24-028,2407:AC;4940:NGAGGT;11806:T,
RADDL4B-24-037,2407:AC;4940:NGAGGT;11924:N,
RADDL4B-24-043,2407:AC;4940:NGAGGT;11806:T,
RADDL4B-24-042,2407:AC;4940:NGAGGT;11806:T,
RADDL4B-24-046,2407:AC;4940:NGAGGT;11806:T,
RADDL4B-24-048,2407:AC;4940:NGAGGT;11806:T,
RADDL4B-24-029,2407:AC;4940:NGAGGT;11924:N,
RADDL4B-24-049,2407:AC;4940:NGAGGT;11806:T,
RADDL4B-24-035,2407:AC;4940:NGAGGT;11806:T,
RADDL4B-24-038,2407:AC;4940:NGAGGT;11806:T,
RADDL4B-24-055,2407:AC;4940:NGAGGT;11806:T,
RADDL4B-24-056,2407:AC;4940:NGAGGT;11806:T,
RADDL4B-24-051,2407:AC;4940:NGAGGT;11806:T,
RADDL4B-24-058,2407:AC;4940:NGAGGT;11924:N,
RADDL4B-24-059,2407:AC;4940:NGAGGT;11806:T,
RADDL4B-24-054,2407:AC;4940:NGAGGT;11806:T,
RADDL4B-24-052,2407:AC;4940:NGAGGT;11806:T,
RADDL4B-24-053,2407:AC;4940:NGAGGT;11924:N,
RADDL4B-24-066,2407:AC;4940:NGAGGT;11806:T,
RADDL4B-24-063,2407:AC;4940:NGAGGT;11806:T,
RADDL4B-24-057,2407:AC;4940:NGAGGT;11806:T,
RADDL4B-24-070,2407:AC;4940:NGAGGT;11806:T,
RADDL4B-24-073,2407:AC;4940:NGAGGT;11806:T,
RADDL4B-24-062,2407:AC;4940:NGAGGT;11924:N,
RADDL4B-24-069,2407:AC;4940:NGAGGT;11806:T,
RADDL4B-24-067,2407:AC;4940:NGAGGT;11806:T,
RADDL4B-24-076,2407:AC;4940:NGAGGT;11806:T,
RADDL4B-24-077,2407:AC;4940:NGAGGT;11806:T,
RADDL4B-24-078,2407:AC;4940:NGAGGT;11806:T,
RADDL4B-24-074,2407:AC;4940:NGAGGT;11806:T,
RADDL4B-24-082,2407:AC;4940:NGAGGT;11806:T,
RADDL4B-24-071,2407:AC;4940:NGAGGT;11924:N,
RADDL4B-24-084,2407:AC;4940:NGAGGT;11806:T,
RADDL4B-24-085,2407:AC;4940:NGAGGT;11806:T,
RADDL4B-24-088,2407:AC;4940:NGAGGT;11806:T,
RADDL4B-24-093,2407:AC;4940:NGAGGT;11806:T,
RADDL4B-24-080,2407:AC;4940:NGAGGT;11806:T,
RADDL4B-24-081,2407:AC;4940:NGAGGT;11806:T,
RADDL4B-24-087,2407:AC;4940:NGAGGT;11806:T,
RADDL4B-24-086,2407:AC;4940:NGAGGT;11924:N,
RADDL4B-24-095,2407:AC;4940:NGAGGT;11806:T,
RADDL4B-24-098,2407:AC;4940:NGAGGT;11806:T,
RADDL4B-24-099,2407:AC;4940:NGAGGT;11806:T,
RADDL4B-24-100,2407:AC;4940:NGAGGT;11806:T,
RADDL4B-24-096,2407:AC;4940:NGAGGT;11806:T,
RADDL4B-24-097,2407:AC;4940:NGAGGT;11806:T,
RADDL4B-24-112,2407:AC;4940:NGAGGT;11806:T,
RADDL4B-24-113,2407:AC;4940:NGAGGT;11811:G,
RADDL4B-24-102,2407:AC;4940:NGAGGT;11806:T,
RADDL4B-24-117,2407:AC;4940:NGAGGT;11806:T,
RADDL4B-24-101,2407:AC;4940:NGAGGT;11806:T,
RADDL4B-24-114,2407:AC;4940:NGAGGT;11806:T,
RADDL4B-24-121,2407:AC;4940:NGAGGT;11806:T,
RADDL4B-24-106,2407:AC;4940:NGAGGT;11806:T,
RADDL4B-24-107,2407:AC;4940:NGAGGT;11924:N,
RADDL4B-24-122,2407:AC;4940:NGAGGT;11806:T,
RADDL4B-24-124,2407:AC;4940:NGAGGT;11806:T,
RADDL4B-24-116,2407:AC;4940:NGAGGT;11806:T,
RADDL4B-24-125,2407:AC;4940:NGAGGT;11806:T,
RADDL4B-24-120,2407:AC;4940:NGAGGT;11806:T,
RADDL4B-24-127,2407:AC;4940:NGAGGT;11806:T,
RADDL4B-24-153,2407:AC;4940:NGAGGT;11924:N,
RADDL4B-24-155,2407:AC;4940:NGAGGT;11806:T,
RADDL4B-24-154,2407:AC;4940:NGAGGT;11806:T,
RADDL4B-24-151,2407:AC;4940:NGAGGT;11924:N,
RADDL4B-24-173,2407:AC;4940:NGAGGT;11924:N,
RADDL4B-24-138,2407:AC;4940:NGAGGT;11806:T,
RADDL4B-24-174,2407:AC;4940:NGAGGT;11924:N,
RADDL4B-24-156,2407:AC;4940:NGAGGT;11924:N,
RADDL4B-24-157,2407:AC;4940:NGAGGT;11924:N,
RADDL4B-24-162,2407:AC;4940:NGAGGT;11806:T,
RADDL4B-24-181,2407:AC;4940:NGAGGT;11806:T,
RADDL4B-24-183,2407:AC;4940:NGAGGT;11924:N,
RADDL4B-24-178,2407:AC;4940:NGAGGT;11806:T,
RADDL4B-24-187,2407:AC;4940:NGAGGT;11806:T,
RADDL4B-24-186,2407:AC;4940:NGAGGT;11924:N,
RADDL4B-24-184,2407:AC;4940:NGAGGT;11806:T,
RADDL4B-24-180,2407:AC;4940:NGAGGT;11806:T,
RADDL4B-25-006,2407:AC;4940:NGAGGT;11924:N,
RADDL4B-24-188,2407:AC;4940:NGAGGT;11806:T,
RADDL4B-24-185,2407:AC;4940:NGAGGT;11806:T,
RADDL4B-25-005,2407:AC;4940:NGAGGT;11924:N,
RADDL4B-25-022,2596:NT;4940:NGAGGT;11806:T,
RADDL4B-25-009,2407:AC;4940:NGAGGT;11924:N,
RADDL4B-25-017,2407:AC;4940:NGAGGT;11810:A,
RADDL4B-25-039,2344:AG;4940:NGAGGT;11806:T,
REGION_5_2018-100,2407:AC;4940:NGAGGT,
RADDL5-005,2407:AC;4940:NGAGGT;11806:T,
RADDL4B-25-008,2407:AC;4940:NGAGGT;11924:N,
REGION_5_2018-50,2407:AC;4940:NGAGGT,
RADDL4B-25-032,2407:AC;4940:NGAGGT;11806:T,
Z-05-191,2407:AC;4940:NGAGGT;11924:N,
REGION_5_2019-13,2407:AC;4940:NGAGGT,
Z-05-96,2407:AC;4940:NGAGGT;11924:N,
REGION_5_2018-304,2407:AC;4940:NGAGGT,
Z-05-102,2407:AC;4940:NGAGGT;11924:N,
Z-06-295,2407:AC;4940:NGAGGT;11924:N,
Z-05-557,2407:AC;4940:NGAGGT;11806:T,
REGION_5_2019-1,2411:TT;4940:NGAGGT,
REGION_5_2018-311,2407:AC;4940:NGAGGT,
Z-06-150,2407:AC;4940:NGAGGT;11806:T,
Z-07-366,2407:AC;4940:NGAGGT;11924:N,
Z-07-351,2407:AC;4940:NGAGGT;11924:N,
Z-07-38,2407:AC;4940:NGAGGT;11806:T,
Z-07-387,2407:AC;4940:NGAGGT;11924:N,
Z-06-39,2407:AC;4940:NGAGGT;11806:T,
Z-08-351,2407:AC;4940:NGAGGT;11924:N,
Z-07-407,2407:AC;4940:NGAGGT;11924:N,
Z-12-012,2407:AC;4940:NGAGGT;11924:N,
Z-08-359,2407:AC;4940:NGAGGT;11806:T,
Z-07-07,2407:AC;4940:NGAGGT;11924:N,
Z-12-029,2407:AC;4940:NGAGGT;11924:N,
Z-07-398,2407:AC;4940:NGAGGT;11924:N,
Z-07-403,2407:AC;4940:NGAGGT;11924:N,
Z-12-088,2407:AC;4940:NGAGGT,
Z-12-001,2407:AC;4940:NGAGGT,
Z-12-118,2407:AC;4940:NGAGGT,
Z-09-94,2407:AC;4940:NGAGGT;11924:N,
Z-12-134,2407:AC;4940:NGAGGT,
Z-12-149,2407:AC;4940:NGAGGT;11924:N,
Z-13-009,2407:AC;4940:NGAGGT,
Z-12-060,2407:AC;4940:NGAGGT;11924:N,
Z-12-212,2407:AC;4940:NGAGGT;11808:T,
Z-13-036,2407:AC;4940:NGAGGT;11924:N,
Z-13-002,2407:AC;4940:NGAGGT;11805:C,
Z-12-208,2407:AC;4940:NGAGGT;11924:N,
Z-13-020,2407:AC;4940:NGAGGT;11924:N,
Z-13-065,2407:AC;4940:NGAGGT;11806:T,
Z-13-071,2407:AC;4940:NGAGGT;11924:N,
Z-13-094,2407:AC;4940:NGAGGT;11806:T,
Z-13-086,2407:AC;4940:NGAGGT;11924:N,
Z-13-066,2407:AC;4940:NGAGGT;11806:T,
Z-13-073,2407:AC;4940:NGAGGT;11924:N,
Z-13-032,2407:AC;4940:NGAGGT;11806:T,
Z-13-096,2407:AC;4940:NGAGGT;11806:T,
Z-13-098,2407:AC;4940:NGAGGT;11806:T,
Z-13-081,2407:AC;4940:NGAGGT;11806:T,
Z-13-089,2407:AC;4940:NGAGGT;11806:T,
Z-13-161,2407:AC;4940:NGAGGT;11924:N,
Z-13-171,2407:AC;4940:NGAGGT;11806:T,
Z-13-204,2407:AC;4940:NGAGGT;11806:T,
Z-13-135,2407:AC;4940:NGAGGT;11924:N,
Z-13-134,2407:AC;4940:NGAGGT;11924:N,
Z-13-216,2407:AC;4940:NGAGGT;11806:T,
Z-13-259,2407:AC;4940:NGAGGT;11924:N,
Z-13-184,2407:AC;4940:NGAGGT;11806:T,
Z-13-234,2407:AC;4940:NGAGGT;11806:T,
Z-14-058,2407:AC;4940:NGAGGT;11924:N,
Z-14-023,2407:AC;4940:NGAGGT;11924:N,
Z-14-033,2407:AC;4940:NGAGGT;11924:N,
Z-14-098,2407:AC;4940:NGAGGT;11924:N,
Z-14-106,2407:AC;4940:NGAGGT;11924:N,
Z-14-05,2407:AC;4940:NGAGGT;11806:T,
Z-14-126,2407:AC;4940:NGAGGT;11924:N,
Z-14-101,2407:AC;4940:NGAGGT;11924:N,
Z-14-146,2407:AC;4940:NGAGGT;11808:T,
Z-14-149,2407:AC;4940:NGAGGT;11808:T,
Z-14-142,2407:AC;4940:NGAGGT;11924:N,
Z-14-138,2407:AC;4940:NGAGGT,
Z-14-136,2407:AC;4940:NGAGGT;11806:T,
Z-15-001,2407:AC;4940:NGAGGT;11806:T,
Z-15-009,2407:AC;4940:NGAGGT;11924:N,
Z-14-152,2411:TT;4940:NGAGGT;11806:T,
Z-15-130,2407:AC;4940:NGAGGT,
Z-15-116,2407:AC;4940:NGAGGT;11808:G,
Z-14-182,2407:AC;4940:NGAGGT;11924:N,
Z-15-163,2407:AC;4940:NGAGGT;11924:N,
Z-16-013,2407:AC;4940:NGAGGT,
Z-15-019,2407:AC;4940:NGAGGT;11806:T,
Z-15-185,2407:AC;4940:NGAGGT,
Z-14-243,2407:AC;4940:NGAGGT;11806:T,
Z-16-082,2407:AC;4940:NGAGGT;11806:T,
Z-16-150,2407:AC;4940:NGAGGT;11924:N,
Z-16-159,2407:AC;4940:NGAGGT,
Z-15-148,2407:AC;4940:NGAGGT,
Z-16-151,2407:AC;4940:NGAGGT;11806:T,
Z-16-209,2407:AC;4940:NGAGGT;11806:T,
Z-16-211,2407:AC;4940:NGAGGT;11806:T,
Z-16-186,2407:AC;4940:NGAGGT,
Z-16-196,2407:AC;4940:NGAGGT;11924:N,
Z-17-177,2407:AC;4940:NGAGGT;11806:T,
Z-17-193,2407:AC;4940:NGAGGT;11924:N,
Z-17-217,2407:AC;4940:NGAGGT;11924:N,
Z-17-221,2407:AC;4940:NGAGGT;11924:N,
Z-16-210,2407:AC;4940:NGAGGT;11806:T,
Z-17-200,2407:AC;4940:NGAGGT;11924:N,
Z-17-57,2407:AC;4940:NGAGGT;11806:T,
Z-18-001,2407:AC;4940:NGAGGT;11924:N,
Z-18-114,2407:AC;4940:NGAGGT;11924:N,
Z-19-136,2407:AC;4940:NGAGGT;11924:N,
Z-18-159,2407:AC;4940:NGAGGT;11924:N,
Z-18-251,2407:AC;4940:NGAGGT;11924:N,
Z-19-88,2407:AC;4940:NGAGGT;11924:N,
Z-20-24,2407:AC;4940:NGAGGT;11924:N,
Z-20-01,2407:AC;4940:NGAGGT;11806:T,
Z-18-224,2407:AC;4940:NGAGGT;11924:N,
Z-22-103,2407:AC;4940:NGAGGT;11924:N,
Z-20-51,2407:AC;4940:NGAGGT;11924:N,
Z-20-33,2407:AC;4940:NGAGGT;11924:N,
Z-19-123,2407:AC;4940:NGAGGT;11924:N,
Z-20-110,2407:AC;4940:NGAGGT;11924:N,
Z-22-121,2407:AC;4940:NGAGGT;11924:N,
Z-22-119,2407:AC;4940:NGAGGT;11924:N,
Z-19-029,2407:AC;4940:NGAGGT;11806:T,
Z-24-141,2407:AC;4940:NGAGGT;11806:T,
Z-98-515,2407:AC;4940:NGAGGT;11924:N,
Z-98-286,2407:AC;4940:NGAGGT;11806:T,
Z-23-01Sa,2407:AC;4940:NGAGGT;11924:N,
Z-23-01,2407:AC;4940:NGAGGT;11924:N,
Z-98-454,2407:AC;4940:NGAGGT;11806:T,
Z-24-142,2407:AC;4940:NGAGGT;11924:N,
Z-98-433,2407:AC;4940:NGAGGT;11924:N,
Z-98-1061,2407:AC;4940:NGAGGT;11806:T,
Z-98-838,2407:AC;4940:NGAGGT;11924:N,
Z-98-718,2407:AC;4940:NGAGGT;11806:T,
Z-98-616,2407:AC;4940:NGAGGT;11924:N,
Z-98-780,2407:AC;4940:NGAGGT;11806:T,
Z-98-285,2407:AC;4940:NGAGGT;11806:T,
Z-98-860,2407:AC;4940:NGAGGT;11806:T,
GU358653_SEA2a,1513:C,
FJ712195_SEA2b,11668:A;11808:G,
JQ970480__SEA2a,1513:C,
GU647092_SEA2b,,
"EU643590.1 Rabies virus strain HN10, complete genome",1513:C;2409:CG,
