"Sample_ID","Case_no","Accession","Host","Sample_type","Preferred_date","Date_source","Barangay","Municipality","Province","Region","Latitude","Longitude","Source","Author","Pubmed","Genome_coverage","redcap_repeat_instance","ngs_runid","duplicate_id","ngs_rundate","ngs_location","ngs_provider","ngs_submission","ngs_platform","primer_scheme","primer_scheme_version","nanopore_platform","ngs_flowcell","illumina_platform","ngs_prep","ngs_barcode","ngs_library","ngs_analysis_type","ngs_merged_from","total_reads","mapped_reads","mean_depth","stdev_depth","median_depth","minimum_reads","maximum_reads","genomecov_depthx1","genomecov_depthx5","genomecov_depthx20","genomecov_depthx100","negative_control_sample","genbank_accession","consensus_coverage","consensus_fasta","ngs_notes","sample_labid","sample_sequenceid","sample_batchid","apha_sub","apha_rv","sample_tissuetype","sample_buffer","country","hmpcr_n405","rtassay","rtqpcr","lateral_flow_test","fat","drit","diagnostic_result","test_centre","diag_notes"
"RADDL4B-23-060","M-2",NA,"Dog",NA,2023-10-06,NA,"Balogo","Boac","Marinduque","MIMIROPA",13.46850874,121.8289235,"speedier",NA,NA,0.9716,"1","rabv_4b_2024_run10","1","26-Nov-2024","RITM",NA,NA,"Nanopore","rabvSEasia",NA,"Minion","FAU49052",NA,"Amplicon","barcode51",NA,"Single run",NA,"8658","8362","309.9566711","308.3000911","176.5","0","1770","11893","11887","11877","9229","No","NA",97.1589004358029,"RADDL4B-23-060__rabv_4b_2025_r10_run4__instance1.fasta",NA,NA,NA,NA,NA,NA,"Other","Unknown","PHL: Philippines","NA","Unknown",NA,"NA","NA","NA",NA,"Other",NA
"RADDL4B-23-061","M-3",NA,"Dog",NA,2023-10-09,NA,"Agumaymayan","Boac","Marinduque","MIMIROPA",13.44998665,121.8994821,"speedier",NA,NA,0.9885,"1","rabv_4b_2024_run10","1","26-Nov-2024","RITM",NA,NA,"Nanopore","rabvSEasia",NA,"Minion","FAU49052",NA,"Amplicon","barcode52",NA,"Single run",NA,"16895","14721","822.572997","497.680495","742","0","2559","11896","11891","11886","11881","No","NA",98.8518270197788,"RADDL4B-23-061__rabv_4b_2025_r10_run4__instance1.fasta",NA,NA,NA,NA,NA,NA,"Other","Unknown","PHL: Philippines","NA","Unknown",NA,"NA","NA","NA",NA,"Other",NA
"RADDL4B-23-070","M-10",NA,"Dog",NA,2023-10-23,NA,"Pili","Boac","Marinduque","MIMIROPA",13.46393265,121.8260512,"speedier",NA,NA,0.9885,"1","rabv_4b_2024_run10","1","26-Nov-2024","RITM",NA,NA,"Nanopore","rabvSEasia",NA,"Minion","FAU49052",NA,"Amplicon","barcode53",NA,"Single run",NA,"6822","6309","304.8300369","255.4955173","220","0","1707","11894","11887","11882","10791","No","NA",98.8518270197788,"RADDL4B-23-070__rabv_4b_2025_r10_run4__instance1.fasta",NA,NA,NA,NA,NA,NA,"Other","Unknown","PHL: Philippines","NA","Unknown",NA,"NA","NA","NA",NA,"Other",NA
"RADDL4B-23-072","M-9",NA,"Dog",NA,2023-10-23,NA,"Bocboc","Mogpog","Marinduque","MIMIROPA",13.47143036,121.9410823,"speedier",NA,NA,0.9713,"1","rabv_4b_2024_run10","1","26-Nov-2024","RITM",NA,NA,"Nanopore","rabvSEasia",NA,"Minion","FAU49052",NA,"Amplicon","barcode55",NA,"Single run",NA,"7988","7439","299.4125042","322.4431806","186","0","1727","11894","11888","11737","7940","No","NA",97.1253771371103,"RADDL4B-23-072__rabv_4b_2025_r10_run4__instance1.fasta",NA,NA,NA,NA,NA,NA,"Other","Unknown","PHL: Philippines","NA","Unknown",NA,"NA","NA","NA",NA,"Other",NA
"RADDL4B-23-057","M-1",NA,"Pig",NA,2023-09-24,NA,"Apitong","Boac","Marinduque","MIMIROPA",13.45365494,121.8709323,"speedier",NA,NA,0.9887,"1","rabv_4b_2025_run1","1","9-Jan-2025","RITM",NA,NA,"Nanopore","rabvSEasia",NA,"Minion","FAU48941",NA,"Amplicon","barcode73",NA,"Single run",NA,"10323","9685","581.4674824","511.0859431","469","0","3503","11894","11893","11885","11871","No","NA",98.868588669125,"RADDL4B-23-057__rabv_4b_2025_r10_run4__instance1.fasta",NA,NA,NA,NA,NA,NA,"Other","Unknown","PHL: Philippines","NA","Unknown",NA,"NA","NA","NA",NA,"Other",NA
"RADDL4B-24-019","M-47",NA,"Pig",NA,2024-02-08,NA,"Daykitin","Buenavista","Marinduque","MIMIROPA",13.27382681,121.9228134,"speedier",NA,NA,0.9885,"1","rabv_4b_2025_run1","1","9-Jan-2025","RITM",NA,NA,"Nanopore","rabvSEasia",NA,"Minion","FAU48941",NA,"Amplicon","barcode74",NA,"Single run",NA,"10050","9337","408.2855347","362.2858732","289","0","1999","11894","11893","11886","11064","No","NA",98.8518270197788,"RADDL4B-24-019__rabv_4b_2025_r10_run4__instance1.fasta",NA,NA,NA,NA,NA,NA,"Other","Unknown","PHL: Philippines","NA","Unknown",NA,"NA","NA","NA",NA,"Other",NA
"RADDL4B-24-021","M-44",NA,"Dog",NA,2024-02-01,NA,"Tabi","Boac","Marinduque","MIMIROPA",13.45428134,121.8406166,"speedier",NA,NA,0.9721,"1","rabv_4b_2025_run1","1","9-Jan-2025","RITM",NA,NA,"Nanopore","rabvSEasia",NA,"Minion","FAU48941",NA,"Amplicon","barcode75",NA,"Single run",NA,"8621","8157","373.890295","406.0045941","265","0","2570","11894","11892","11672","9851","No","NA",97.2091853838418,"RADDL4B-24-021__rabv_4b_2025_r10_run4__instance1.fasta",NA,NA,NA,NA,NA,NA,"Other","Unknown","PHL: Philippines","NA","Unknown",NA,"NA","NA","NA",NA,"Other",NA
"RADDL4B-24-026","M-53",NA,"Dog",NA,2024-02-16,NA,"Bangbangalon","Boac","Marinduque","MIMIROPA",13.43848981,121.8276107,"speedier",NA,NA,0.972,"1","rabv_4b_2025_run1","1","9-Jan-2025","RITM",NA,NA,"Nanopore","rabvSEasia",NA,"Minion","FAU48941",NA,"Amplicon","barcode76",NA,"Single run",NA,"12443","11751","449.7872109","510.3824318","218","0","2811","11690","11679","11671","10063","No","NA",97.2008045591686,"RADDL4B-24-026__rabv_4b_2025_r10_run4__instance1.fasta",NA,NA,NA,NA,NA,NA,"Other","Unknown","PHL: Philippines","NA","Unknown",NA,"NA","NA","NA",NA,"Other",NA
"RADDL4B-24-027","M-52",NA,"Dog",NA,2024-02-14,NA,"Daykitin","Buenavista","Marinduque","MIMIROPA",13.27382681,121.9228134,"speedier",NA,NA,0.9716,"1","rabv_4b_2025_run1","1","9-Jan-2025","RITM",NA,NA,"Nanopore","rabvSEasia",NA,"Minion","FAU48941",NA,"Amplicon","barcode77",NA,"Single run",NA,"4466","4053","232.9019444","166.7063895","180","0","1108","11895","11892","11673","10252","No","NA",97.1589004358029,"RADDL4B-24-027__rabv_4b_2025_r10_run4__instance1.fasta",NA,NA,NA,NA,NA,NA,"Other","Unknown","PHL: Philippines","NA","Unknown",NA,"NA","NA","NA",NA,"Other",NA
"RADDL4B-24-029","M-50",NA,"Dog",NA,2024-02-20,NA,"Caigangan","Buenavista","Marinduque","MIMIROPA",13.26212226,121.9342731,"speedier",NA,NA,0.9716,"1","rabv_4b_2025_run1","1","9-Jan-2025","RITM",NA,NA,"Nanopore","rabvSEasia",NA,"Minion","FAU48941",NA,"Amplicon","barcode78",NA,"Single run",NA,"29955","28374","1713.09353","1100.166095","1487","0","5777","11894","11824","11684","11676","No","NA",97.1589004358029,"RADDL4B-24-029__rabv_4b_2025_r10_run4__instance1.fasta",NA,NA,NA,NA,NA,NA,"Other","Unknown","PHL: Philippines","NA","Unknown",NA,"NA","NA","NA",NA,"Other",NA
"RADDL4B-24-034","M-55",NA,"Dog",NA,2024-02-29,NA,"Bamban","Boac","Marinduque","MIMIROPA",13.42366341,121.8779105,"speedier",NA,NA,0.9713,"1","rabv_4b_2025_run1","1","9-Jan-2025","RITM",NA,NA,"Nanopore","rabvSEasia",NA,"Minion","FAU48941",NA,"Amplicon","barcode79",NA,"Single run",NA,"5820","5411","279.8972511","238.9833635","205","0","1558","11899","11886","11675","10628","No","NA",97.1337579617834,"RADDL4B-24-034__rabv_4b_2025_r10_run4__instance1.fasta",NA,NA,NA,NA,NA,NA,"Other","Unknown","PHL: Philippines","NA","Unknown",NA,"NA","NA","NA",NA,"Other",NA
"RADDL4B-24-035","M-56",NA,"Dog",NA,2024-02-26,NA,"Masiga","Gasan","Marinduque","MIMIROPA",13.35871898,121.8255082,"speedier",NA,NA,0.9889,"1","rabv_4b_2025_run1","1","9-Jan-2025","RITM",NA,NA,"Nanopore","rabvSEasia",NA,"Minion","FAU48941",NA,"Amplicon","barcode80",NA,"Single run",NA,"13067","12125","743.2153872","471.5793323","640","0","2856","11896","11892","11877","11664","No","NA",98.8937311431445,"RADDL4B-24-035__rabv_4b_2025_r10_run4__instance1.fasta",NA,NA,NA,NA,NA,NA,"Other","Unknown","PHL: Philippines","NA","Unknown",NA,"NA","NA","NA",NA,"Other",NA
"RADDL4B-24-037","M-58",NA,"Dog",NA,2024-02-28,NA,"Buangan","Torrijos","Marinduque","MIMIROPA",13.31305087,122.0537056,"speedier",NA,NA,0.9718,"1","rabv_4b_2025_run1","1","9-Jan-2025","RITM",NA,NA,"Nanopore","rabvSEasia",NA,"Minion","FAU48941",NA,"Amplicon","barcode81",NA,"Single run",NA,"7396","7075","307.5042742","371.4089075","184.5","0","2235","11884","11678","11671","9708","No","NA",97.1840429098223,"RADDL4B-24-037__rabv_4b_2025_r10_run4__instance1.fasta",NA,NA,NA,NA,NA,NA,"Other","Unknown","PHL: Philippines","NA","Unknown",NA,"NA","NA","NA",NA,"Other",NA
"RADDL4B-24-053","M-65",NA,"Dog",NA,2024-03-17,NA,"Barangay 1","Buenavista","Marinduque","MIMIROPA",13.2559971,121.9418071,"speedier",NA,NA,0.9718,"1","rabv_4b_2025_run1","1","9-Jan-2025","RITM",NA,NA,"Nanopore","rabvSEasia",NA,"Minion","FAU48941",NA,"Amplicon","barcode82",NA,"Single run",NA,"7552","7182","340.1950218","395.2907831","232","0","2432","11893","11885","11671","9478","No","NA",97.1840429098223,"RADDL4B-24-053__rabv_4b_2025_r10_run4__instance1.fasta",NA,NA,NA,NA,NA,NA,"Other","Unknown","PHL: Philippines","NA","Unknown",NA,"NA","NA","NA",NA,"Other",NA
"RADDL4B-24-055","M-67",NA,"Dog",NA,2024-03-21,NA,"Barangay 2","Buenavista","Marinduque","MIMIROPA",13.25463205,121.9448458,"speedier",NA,NA,0.9888,"1","rabv_4b_2025_run1","1","9-Jan-2025","RITM",NA,NA,"Nanopore","rabvSEasia",NA,"Minion","FAU48941",NA,"Amplicon","barcode83",NA,"Single run",NA,"20407","19390","844.2644988","709.3001817","618","0","4156","11893","11893","11886","11504","No","NA",98.8769694937982,"RADDL4B-24-055__rabv_4b_2025_r10_run4__instance1.fasta",NA,NA,NA,NA,NA,NA,"Other","Unknown","PHL: Philippines","NA","Unknown",NA,"NA","NA","NA",NA,"Other",NA
"RADDL4B-24-056","M-68",NA,"Dog",NA,2024-03-26,NA,"Barangay 1","Buenavista","Marinduque","MIMIROPA",13.2559971,121.9418071,"speedier",NA,NA,0.9892,"1","rabv_4b_2025_run1","1","9-Jan-2025","RITM",NA,NA,"Nanopore","rabvSEasia",NA,"Minion","FAU48941",NA,"Amplicon","barcode84",NA,"Single run",NA,"8592","8110","332.5940329","348.6540005","188","0","1969","11895","11893","11879","9776","No","NA",98.9188736171639,"RADDL4B-24-056__rabv_4b_2025_r10_run4__instance1.fasta",NA,NA,NA,NA,NA,NA,"Other","Unknown","PHL: Philippines","NA","Unknown",NA,"NA","NA","NA",NA,"Other",NA
"RADDL4B-24-057","M-69",NA,"Dog",NA,2024-01-20,NA,"Barangay 1","Buenavista","Marinduque","MIMIROPA",13.2559971,121.9418071,"speedier",NA,NA,0.9884,"1","rabv_4b_2025_run1","1","9-Jan-2025","RITM",NA,NA,"Nanopore","rabvSEasia",NA,"Minion","FAU48941",NA,"Amplicon","barcode85",NA,"Single run",NA,"11101","10447","578.8861046","516.1939339","460","0","3417","11895","11893","11886","11505","No","NA",98.8350653704324,"RADDL4B-24-057__rabv_4b_2025_r10_run4__instance1.fasta",NA,NA,NA,NA,NA,NA,"Other","Unknown","PHL: Philippines","NA","Unknown",NA,"NA","NA","NA",NA,"Other",NA
"RADDL4B-24-058","M-70",NA,"Dog",NA,2024-03-20,NA,"Mendez","Mogpog","Marinduque","MIMIROPA",13.5108188,121.8994064,"speedier",NA,NA,0.9717,"1","rabv_4b_2025_run1","1","9-Jan-2025","RITM",NA,NA,"Nanopore","rabvSEasia",NA,"Minion","FAU48941",NA,"Amplicon","barcode86",NA,"Single run",NA,"7094","6767","459.9694938","290.5523318","415","0","1630","11896","11893","11683","11451","No","NA",97.167281260476,"RADDL4B-24-058__rabv_4b_2025_r10_run4__instance1.fasta",NA,NA,NA,NA,NA,NA,"Other","Unknown","PHL: Philippines","NA","Unknown",NA,"NA","NA","NA",NA,"Other",NA
"RADDL4B-24-059","M-71",NA,"Dog",NA,2024-03-20,NA,"Villa Mendez","Mogpog","Marinduque","MIMIROPA",13.47788656,121.8607316,"speedier",NA,NA,0.9888,"1","rabv_4b_2025_run1","1","9-Jan-2025","RITM",NA,NA,"Nanopore","rabvSEasia",NA,"Minion","FAU48941",NA,"Amplicon","barcode87",NA,"Single run",NA,"12842","12080","535.1782601","535.7620785","323","0","3157","11893","11893","11884","10952","No","NA",98.8769694937982,"RADDL4B-24-059__rabv_4b_2025_r10_run4__instance1.fasta",NA,NA,NA,NA,NA,NA,"Other","Unknown","PHL: Philippines","NA","Unknown",NA,"NA","NA","NA",NA,"Other",NA
"RADDL4B-24-067","M-75",NA,"Dog",NA,2024-02-20,NA,"Cabugao","Gasan","Marinduque","MIMIROPA",13.35486893,121.8479733,"speedier",NA,NA,0.9892,"1","rabv_4b_2025_run1","1","9-Jan-2025","RITM",NA,NA,"Nanopore","rabvSEasia",NA,"Minion","FAU48941",NA,"Amplicon","barcode88",NA,"Single run",NA,"16986","16031","619.2675159","561.7588386","364","0","2882","11902","11894","11886","11490","No","NA",98.9188736171639,"RADDL4B-24-067__rabv_4b_2025_r10_run4__instance1.fasta",NA,NA,NA,NA,NA,NA,"Other","Unknown","PHL: Philippines","NA","Unknown",NA,"NA","NA","NA",NA,"Other",NA
"RADDL4B-24-070","M-78",NA,"Dog",NA,2024-04-20,NA,"Malibago","Buenavista","Marinduque","MIMIROPA",13.28798166,122.0068653,"speedier",NA,NA,0.9883,"1","rabv_4b_2025_run1","1","9-Jan-2025","RITM",NA,NA,"Nanopore","rabvSEasia",NA,"Minion","FAU48941",NA,"Amplicon","barcode89",NA,"Single run",NA,"9958","9171","508.6176668","373.7003573","401","0","2401","11894","11893","11885","11618","No","NA",98.8266845457593,"RADDL4B-24-070__rabv_4b_2025_r10_run4__instance1.fasta",NA,NA,NA,NA,NA,NA,"Other","Unknown","PHL: Philippines","NA","Unknown",NA,"NA","NA","NA",NA,"Other",NA
"RADDL4B-24-071","M-79",NA,"Dog",NA,2024-05-20,NA,"Murallon","Boac","Marinduque","MIMIROPA",13.44947749,121.8370936,"speedier",NA,NA,0.9722,"1","rabv_4b_2025_run1","1","9-Jan-2025","RITM",NA,NA,"Nanopore","rabvSEasia",NA,"Minion","FAU48941",NA,"Amplicon","barcode90",NA,"Single run",NA,"11134","10309","392.0721589","413.2608323","242","0","2443","11893","11687","11674","9960","No","NA",97.2175662085149,"RADDL4B-24-071__rabv_4b_2025_r10_run4__instance1.fasta",NA,NA,NA,NA,NA,NA,"Other","Unknown","PHL: Philippines","NA","Unknown",NA,"NA","NA","NA",NA,"Other",NA
"RADDL4B-24-077","M-85",NA,"Dog",NA,2024-11-20,NA,"Bicas-Bicas","Buenavista","Marinduque","MIMIROPA",13.24157594,122.0002222,"speedier",NA,NA,0.9887,"1","rabv_4b_2025_run1","1","9-Jan-2025","RITM",NA,NA,"Nanopore","rabvSEasia",NA,"Minion","FAU48941",NA,"Amplicon","barcode91",NA,"Single run",NA,"6167","5613","263.3015421","213.196696","186","0","1190","11893","11893","11881","10017","No","NA",98.868588669125,"RADDL4B-24-077__rabv_4b_2025_r10_run4__instance1.fasta",NA,NA,NA,NA,NA,NA,"Other","Unknown","PHL: Philippines","NA","Unknown",NA,"NA","NA","NA",NA,"Other",NA
"RADDL4B-24-082","M-89",NA,"Dog",NA,2024-04-18,NA,"Mahunig","Gasan","Marinduque","MIMIROPA",13.31497743,121.8549846,"speedier",NA,NA,0.9884,"1","rabv_4b_2025_run1","1","9-Jan-2025","RITM",NA,NA,"Nanopore","rabvSEasia",NA,"Minion","FAU48941",NA,"Amplicon","barcode92",NA,"Single run",NA,"9140","8663","387.440999","372.7791895","295","0","2341","11898","11894","11886","11121","No","NA",98.8350653704324,"RADDL4B-24-082__rabv_4b_2025_r10_run4__instance1.fasta",NA,NA,NA,NA,NA,NA,"Other","Unknown","PHL: Philippines","NA","Unknown",NA,"NA","NA","NA",NA,"Other",NA
"RADDL4B-24-102","M-100",NA,"Dog",NA,2024-04-28,NA,"Bagacay","Buenavista","Marinduque","MIMIROPA",13.24881654,121.9900226,"speedier",NA,NA,0.9886,"1","rabv_4b_2025_run1","1","9-Jan-2025","RITM",NA,NA,"Nanopore","rabvSEasia",NA,"Minion","FAU48941",NA,"Amplicon","barcode93",NA,"Single run",NA,"30388","28152","1219.029668","930.8182803","973","0","4743","11894","11893","11892","11672","No","NA",98.8602078444519,"RADDL4B-24-102__rabv_4b_2025_r10_run4__instance1.fasta",NA,NA,NA,NA,NA,NA,"Other","Unknown","PHL: Philippines","NA","Unknown",NA,"NA","NA","NA",NA,"Other",NA
"RADDL4B-23-085","M-13",NA,"Dog",NA,2023-08-20,NA,"Maligaya","Boac","Marinduque","MIMIROPA",13.47444205,121.840682,"speedier",NA,NA,0.9891,"1","rabv_4b_2025_run2","1","14-Jan-2025","RITM",NA,NA,"Nanopore","rabvSEasia",NA,"Minion","FAU48941",NA,"Amplicon","barcode43",NA,"Single run",NA,"15862","14840","590.1979551","617.3238408","319","0","3681","11894","11889","11885","11555","No","NA",98.9104927924908,"RADDL4B-23-085__rabv_4b_2025_r10_run4__instance1.fasta",NA,NA,NA,NA,NA,NA,"Other","Unknown","PHL: Philippines","NA","Unknown",NA,"NA","NA","NA",NA,"Other",NA
"RADDL4B-23-093","M-20",NA,"Goat",NA,2023-11-26,NA,"Lupac","Boac","Marinduque","MIMIROPA",13.45972903,121.8180698,"speedier",NA,NA,0.9888,"1","rabv_4b_2025_run2","1","14-Jan-2025","RITM",NA,NA,"Nanopore","rabvSEasia",NA,"Minion","FAU48941",NA,"Amplicon","barcode44",NA,"Single run",NA,"14549","13441","559.9552464","590.4991973","306","0","3323","11894","11887","11885","11481","No","NA",98.8769694937982,"RADDL4B-23-093__rabv_4b_2025_r10_run4__instance1.fasta",NA,NA,NA,NA,NA,NA,"Other","Unknown","PHL: Philippines","NA","Unknown",NA,"NA","NA","NA",NA,"Other",NA
"RADDL4B-23-095","M-22",NA,"Dog",NA,2023-11-28,NA,"Laon","Mogpog","Marinduque","MIMIROPA",13.4919948,121.8532421,"speedier",NA,NA,0.9888,"1","rabv_4b_2025_run2","1","14-Jan-2025","RITM",NA,NA,"Nanopore","rabvSEasia",NA,"Minion","FAU48941",NA,"Amplicon","barcode45",NA,"Single run",NA,"16563","15388","637.8933121","628.0223312","333","0","3392","11894","11893","11886","11544","No","NA",98.8769694937982,"RADDL4B-23-095__rabv_4b_2025_r10_run4__instance1.fasta",NA,NA,NA,NA,NA,NA,"Other","Unknown","PHL: Philippines","NA","Unknown",NA,"NA","NA","NA",NA,"Other",NA
"RADDL4B-23-097","M-23",NA,"Dog",NA,2023-11-27,NA,"Poctoy","Boac","Marinduque","MIMIROPA",13.43235691,121.8690073,"speedier",NA,NA,0.9889,"1","rabv_4b_2025_run2","1","14-Jan-2025","RITM",NA,NA,"Nanopore","rabvSEasia",NA,"Minion","FAU48941",NA,"Amplicon","barcode46",NA,"Single run",NA,"7824","7392","313.3960778","366.4047476","210","0","1965","11895","11888","11881","8742","No","NA",98.8853503184713,"RADDL4B-23-097__rabv_4b_2025_r10_run4__instance1.fasta",NA,NA,NA,NA,NA,NA,"Other","Unknown","PHL: Philippines","NA","Unknown",NA,"NA","NA","NA",NA,"Other",NA
"RADDL4B-23-098","M-24",NA,"Dog",NA,2023-11-27,NA,"Cawit","Boac","Marinduque","MIMIROPA",13.38170012,121.8415498,"speedier",NA,NA,0.9887,"1","rabv_4b_2025_run2","1","14-Jan-2025","RITM",NA,NA,"Nanopore","rabvSEasia",NA,"Minion","FAU48941",NA,"Amplicon","barcode47",NA,"Single run",NA,"10766","10128","567.1654375","506.2681025","418","0","2932","11894","11893","11887","11531","No","NA",98.868588669125,"RADDL4B-23-098__rabv_4b_2025_r10_run4__instance1.fasta",NA,NA,NA,NA,NA,NA,"Other","Unknown","PHL: Philippines","NA","Unknown",NA,"NA","NA","NA",NA,"Other",NA
"RADDL4B-23-099","M-25",NA,"Dog",NA,2023-11-30,NA,"Bunganay","Boac","Marinduque","MIMIROPA",13.38814351,121.830912,"speedier",NA,NA,0.9889,"1","rabv_4b_2025_run2","1","14-Jan-2025","RITM",NA,NA,"Nanopore","rabvSEasia",NA,"Minion","FAU48941",NA,"Amplicon","barcode48",NA,"Single run",NA,"11268","10222","399.4539893","389.849873","243","0","2365","11896","11887","11881","10850","No","NA",98.8937311431445,"RADDL4B-23-099__rabv_4b_2025_r10_run4__instance1.fasta",NA,NA,NA,NA,NA,NA,"Other","Unknown","PHL: Philippines","NA","Unknown",NA,"NA","NA","NA",NA,"Other",NA
"RADDL4B-23-100","M-26",NA,"Pig",NA,2023-12-05,NA,"Tabigue","Boac","Marinduque","MIMIROPA",13.4508379,121.820882,"speedier",NA,NA,0.9889,"1","rabv_4b_2025_run2","1","14-Jan-2025","RITM",NA,NA,"Nanopore","rabvSEasia",NA,"Minion","FAU48941",NA,"Amplicon","barcode49",NA,"Single run",NA,"10488","9650","381.6632585","383.6787633","201","0","2221","11895","11887","11883","11124","No","NA",98.8937311431445,"RADDL4B-23-100__rabv_4b_2025_r10_run4__instance1.fasta",NA,NA,NA,NA,NA,NA,"Other","Unknown","PHL: Philippines","NA","Unknown",NA,"NA","NA","NA",NA,"Other",NA
"RADDL4B-24-001","M-29",NA,"Dog",NA,2024-01-05,NA,"Dampulan","Torrijos","Marinduque","MIMIROPA",13.23584673,122.0313094,"speedier",NA,NA,0.9891,"1","rabv_4b_2025_run2","1","14-Jan-2025","RITM",NA,NA,"Nanopore","rabvSEasia",NA,"Minion","FAU48941",NA,"Amplicon","barcode50",NA,"Single run",NA,"5838","5283","218.128478","214.0552185","122","0","1304","11888","11887","11859","7410","No","NA",98.9104927924908,"RADDL4B-24-001__rabv_4b_2025_r10_run4__instance1.fasta",NA,NA,NA,NA,NA,NA,"Other","Unknown","PHL: Philippines","NA","Unknown",NA,"NA","NA","NA",NA,"Other",NA
"RADDL4B-24-011","M-38",NA,"Dog",NA,2024-01-24,NA,"Laylay","Boac","Marinduque","MIMIROPA",13.43668126,121.8203817,"speedier",NA,NA,0.9889,"1","rabv_4b_2025_run2","1","14-Jan-2025","RITM",NA,NA,"Nanopore","rabvSEasia",NA,"Minion","FAU48941",NA,"Amplicon","barcode52",NA,"Single run",NA,"6831","6412","259.9507208","299.5691591","128","0","1764","11895","11893","11873","7511","No","NA",98.8937311431445,"RADDL4B-24-011__rabv_4b_2025_r10_run4__instance1.fasta",NA,NA,NA,NA,NA,NA,"Other","Unknown","PHL: Philippines","NA","Unknown",NA,"NA","NA","NA",NA,"Other",NA
"RADDL4B-24-012","M-40",NA,"Dog",NA,2024-01-25,NA,"Poblacion","Torrijos","Marinduque","MIMIROPA",13.32381038,122.0762274,"speedier",NA,NA,0.9713,"1","rabv_4b_2025_run2","1","14-Jan-2025","RITM",NA,NA,"Nanopore","rabvSEasia",NA,"Minion","FAU48941",NA,"Amplicon","barcode53",NA,"Single run",NA,"7871","7373","293.6583138","309.5487971","162","0","1910","11894","11887","11877","8899","No","NA",97.1337579617834,"RADDL4B-24-012__rabv_4b_2025_r10_run4__instance1.fasta",NA,NA,NA,NA,NA,NA,"Other","Unknown","PHL: Philippines","NA","Unknown",NA,"NA","NA","NA",NA,"Other",NA
"RADDL4B-24-015","M-41",NA,"Dog",NA,2024-01-31,NA,"Tampus","Boac","Marinduque","MIMIROPA",13.44607203,121.8483871,"speedier",NA,NA,0.95,"1","rabv_4b_2025_run2","1","14-Jan-2025","RITM",NA,NA,"Nanopore","rabvSEasia",NA,"Minion","FAU48941",NA,"Amplicon","barcode54",NA,"Single run",NA,"3674","3363","134.6438988","127.4222112","75","0","663","11893","11886","11714","4944","No","NA",94.9966476701307,"RADDL4B-24-015__rabv_4b_2025_r10_run4__instance1.fasta",NA,NA,NA,NA,NA,NA,"Other","Unknown","PHL: Philippines","NA","Unknown",NA,"NA","NA","NA",NA,"Other",NA
"RADDL4B-24-016","M-42",NA,"Dog",NA,2024-01-31,NA,"San Isidro","Santa Cruz","Marinduque","MIMIROPA",13.52187638,121.937044,"speedier",NA,NA,0.9679,"1","rabv_4b_2025_run2","1","14-Jan-2025","RITM",NA,NA,"Nanopore","rabvSEasia",NA,"Minion","FAU48941",NA,"Amplicon","barcode55",NA,"Single run",NA,"4967","4535","202.9704157","166.9656065","134","0","896","11891","11886","11785","7626","No","NA",96.7901441501844,"RADDL4B-24-016__rabv_4b_2025_r10_run4__instance1.fasta",NA,NA,NA,NA,NA,NA,"Other","Unknown","PHL: Philippines","NA","Unknown",NA,"NA","NA","NA",NA,"Other",NA
"RADDL4B-24-049","M-63",NA,"Dog",NA,2024-03-13,NA,"Barangay IV","Buenavista","Marinduque","MIMIROPA",13.25222414,121.9482043,"speedier",NA,NA,0.9885,"1","rabv_4b_2025_run2","1","14-Jan-2025","RITM",NA,NA,"Nanopore","rabvSEasia",NA,"Minion","FAU48941",NA,"Amplicon","barcode56",NA,"Single run",NA,"5468","4909","236.7808414","192.3104003","160","0","1180","11895","11886","11878","9343","No","NA",98.8518270197788,"RADDL4B-24-049__rabv_4b_2025_r10_run4__instance1.fasta",NA,NA,NA,NA,NA,NA,"Other","Unknown","PHL: Philippines","NA","Unknown",NA,"NA","NA","NA",NA,"Other",NA
"RADDL4B-24-084","M-91",NA,"Dog",NA,2024-04-19,NA,"Matandang Gasan","Gasan","Marinduque","MIMIROPA",13.32695219,121.8773683,"speedier",NA,NA,0.9888,"1","rabv_4b_2025_run2","1","14-Jan-2025","RITM",NA,NA,"Nanopore","rabvSEasia",NA,"Minion","FAU48941",NA,"Amplicon","barcode58",NA,"Single run",NA,"7722","7135","340.9870935","287.7485675","224","0","1731","11891","11887","11884","11161","No","NA",98.8769694937982,"RADDL4B-24-084__rabv_4b_2025_r10_run4__instance1.fasta",NA,NA,NA,NA,NA,NA,"Other","Unknown","PHL: Philippines","NA","Unknown",NA,"NA","NA","NA",NA,"Other",NA
"RADDL4B-24-085","M-92",NA,"Dog",NA,2024-04-20,NA,"Malibago","Torrijos","Marinduque","MIMIROPA",13.28714633,122.0077236,"speedier",NA,NA,0.9883,"1","rabv_4b_2025_run2","1","14-Jan-2025","RITM",NA,NA,"Nanopore","rabvSEasia",NA,"Minion","FAU48941",NA,"Amplicon","barcode59",NA,"Single run",NA,"12074","11313","559.8043916","437.1725286","370","0","2495","11897","11893","11888","11501","No","NA",98.8266845457593,"RADDL4B-24-085__rabv_4b_2025_r10_run4__instance1.fasta",NA,NA,NA,NA,NA,NA,"Other","Unknown","PHL: Philippines","NA","Unknown",NA,"NA","NA","NA",NA,"Other",NA
"RADDL4B-24-086","M-93",NA,"Dog",NA,2024-04-20,NA,"Pulong-Parang","Santa Cruz","Marinduque","MIMIROPA",13.41549537,122.0584289,"speedier",NA,NA,0.9345,"1","rabv_4b_2025_run2","1","14-Jan-2025","RITM",NA,NA,"Nanopore","rabvSEasia",NA,"Minion","FAU48941",NA,"Amplicon","barcode60",NA,"Single run",NA,"2630","2416","108.3374958","104.4295526","72","0","639","11888","11882","11493","4484","No","NA",93.4461951055984,"RADDL4B-24-086__rabv_4b_2025_r10_run4__instance1.fasta",NA,NA,NA,NA,NA,NA,"Other","Unknown","PHL: Philippines","NA","Unknown",NA,"NA","NA","NA",NA,"Other",NA
"RADDL4B-24-087","M-94",NA,"Dog",NA,2024-04-21,NA,"Marlangga","Torrijos","Marinduque","MIMIROPA",13.33186615,122.0865576,"speedier",NA,NA,0.9712,"1","rabv_4b_2025_run2","1","14-Jan-2025","RITM",NA,NA,"Nanopore","rabvSEasia",NA,"Minion","FAU48941",NA,"Amplicon","barcode61",NA,"Single run",NA,"4379","4079","174.506118","159.4600842","106","0","956","11893","11887","11716","6072","No","NA",97.1169963124371,"RADDL4B-24-087__rabv_4b_2025_r10_run4__instance1.fasta",NA,NA,NA,NA,NA,NA,"Other","Unknown","PHL: Philippines","NA","Unknown",NA,"NA","NA","NA",NA,"Other",NA
"RADDL4B-24-088","M-95",NA,"Dog",NA,2024-04-22,NA,"Mangiliol","Gasan","Marinduque","MIMIROPA",13.35766762,121.8384787,"speedier",NA,NA,0.9155,"1","rabv_4b_2025_run2","1","14-Jan-2025","RITM",NA,NA,"Nanopore","rabvSEasia",NA,"Minion","FAU48941",NA,"Amplicon","barcode62",NA,"Single run",NA,"2624","2408","108.1330037","90.60465078","70","0","587","11887","11884","11584","4538","No","NA",91.552128729467,"RADDL4B-24-088__rabv_4b_2025_r10_run4__instance1.fasta",NA,NA,NA,NA,NA,NA,"Other","Unknown","PHL: Philippines","NA","Unknown",NA,"NA","NA","NA",NA,"Other",NA
"RADDL4B-24-101","M-99",NA,"Dog",NA,2024-04-25,NA,"Poras","Boac","Marinduque","MIMIROPA",13.45804967,121.8323598,"speedier",NA,NA,0.9888,"1","rabv_4b_2025_run2","1","14-Jan-2025","RITM",NA,NA,"Nanopore","rabvSEasia",NA,"Minion","FAU48941",NA,"Amplicon","barcode63",NA,"Single run",NA,"12927","11943","497.6574757","419.1271479","353","0","2411","11896","11892","11886","11544","No","NA",98.8769694937982,"RADDL4B-24-101__rabv_4b_2025_r10_run4__instance1.fasta",NA,NA,NA,NA,NA,NA,"Other","Unknown","PHL: Philippines","NA","Unknown",NA,"NA","NA","NA",NA,"Other",NA
"RADDL4B-24-106","M-104",NA,"Dog",NA,2024-03-20,NA,"Daykitin","Buenavista","Marinduque","MIMIROPA",13.27382681,121.9228134,"speedier",NA,NA,0.9885,"1","rabv_4b_2025_run2","1","14-Jan-2025","RITM",NA,NA,"Nanopore","rabvSEasia",NA,"Minion","FAU48941",NA,"Amplicon","barcode64",NA,"Single run",NA,"5661","5214","225.7340764","228.7723372","121","0","1375","11893","11887","11877","6831","No","NA",98.8518270197788,"RADDL4B-24-106__rabv_4b_2025_r10_run4__instance1.fasta",NA,NA,NA,NA,NA,NA,"Other","Unknown","PHL: Philippines","NA","Unknown",NA,"NA","NA","NA",NA,"Other",NA
"RADDL4B-24-120","M-106",NA,"Dog",NA,2024-09-20,NA,"Mainit","Boac","Marinduque","MIMIROPA",13.40855837,121.8831096,"speedier",NA,NA,0.9886,"1","rabv_4b_2025_run2","1","14-Jan-2025","RITM",NA,NA,"Nanopore","rabvSEasia",NA,"Minion","FAU48941",NA,"Amplicon","barcode65",NA,"Single run",NA,"16153","14856","770.6703822","572.1576621","532","0","3301","11896","11893","11885","11673","No","NA",98.8602078444519,"RADDL4B-24-120__rabv_4b_2025_r10_run4__instance1.fasta",NA,NA,NA,NA,NA,NA,"Other","Unknown","PHL: Philippines","NA","Unknown",NA,"NA","NA","NA",NA,"Other",NA
"RADDL4B-24-124","M-110",NA,"Dog",NA,2024-05-13,NA,"Yook","Buenavista","Marinduque","MIMIROPA",13.22428692,121.9851771,"speedier",NA,NA,0.9889,"1","rabv_4b_2025_run2","1","14-Jan-2025","RITM",NA,NA,"Nanopore","rabvSEasia",NA,"Minion","FAU48941",NA,"Amplicon","barcode66",NA,"Single run",NA,"9975","8901","579.6425578","373.2797657","400","0","1674","11895","11888","11885","11650","No","NA",98.8937311431445,"RADDL4B-24-124__rabv_4b_2025_r10_run4__instance1.fasta",NA,NA,NA,NA,NA,NA,"Other","Unknown","PHL: Philippines","NA","Unknown",NA,"NA","NA","NA",NA,"Other",NA
"RADDL4B-23-042","R-56",NA,"Dog",NA,2023-07-07,NA,"Matutuna","San Andres","Romblon","MIMIROPA",12.485430189542,122.037858315898,"speedier",NA,NA,0.9884,"1","RabV_4B_2025_R10_run1","1","11-Mar-2025","RITM",NA,NA,"Nanopore","rabvSEasia",NA,"Minion","FAZ05819",NA,"Amplicon","barcode01",NA,"Single run",NA,"47022","43426","1602.878813","1460.414938","1201","0","8015","11890","11888","11886","11869","No","NA",98.8350653704324,"RADDL4B-23-042__rabv_4b_2025_r10_run4__instance1.fasta",NA,NA,NA,NA,NA,NA,"Other","Unknown","PHL: Philippines","NA","Unknown",NA,"NA","NA","NA",NA,"Other",NA
"RADDL4B-23-045","R-58",NA,"Dog",NA,2023-08-03,NA,"Linawan","San Andres","Romblon","MIMIROPA",12.5613811526055,122.024643646665,"speedier",NA,NA,0.9884,"1","RabV_4B_2025_R10_run1","1","11-Mar-2025","RITM",NA,NA,"Nanopore","rabvSEasia",NA,"Minion","FAZ05819",NA,"Amplicon","barcode03",NA,"Single run",NA,"15902","13511","623.8164599","510.4828298","504","0","2333","11890","11889","11885","11461","No","NA",98.8350653704324,"RADDL4B-23-045__rabv_4b_2025_r10_run4__instance1.fasta",NA,NA,NA,NA,NA,NA,"Other","Unknown","PHL: Philippines","NA","Unknown",NA,"NA","NA","NA",NA,"Other",NA
"RADDL4B-23-046","R-59",NA,"Dog",NA,2023-07-04,NA,"Carmen","San Agustin","Romblon","MIMIROPA",12.6207441732869,122.112268131429,"speedier",NA,NA,0.9884,"1","RabV_4B_2025_R10_run1","1","11-Mar-2025","RITM",NA,NA,"Nanopore","rabvSEasia",NA,"Minion","FAZ05819",NA,"Amplicon","barcode04",NA,"Single run",NA,"29480","27695","1013.972259","1059.870506","495.5","0","5065","11910","11889","11883","11158","No","NA",98.8434461951056,"RADDL4B-23-046__rabv_4b_2025_r10_run4__instance1.fasta",NA,NA,NA,NA,NA,NA,"Other","Unknown","PHL: Philippines","NA","Unknown",NA,"NA","NA","NA",NA,"Other",NA
"RADDL4B-23-052","R-61",NA,"Dog",NA,2023-08-29,NA,"Mat-I","Santa Fe","Romblon","MIMIROPA",12.1825790019622,121.982068760844,"speedier",NA,NA,0.9887,"1","RabV_4B_2025_R10_run1","1","11-Mar-2025","RITM",NA,NA,"Nanopore","rabvSEasia",NA,"Minion","FAZ05819",NA,"Amplicon","barcode07",NA,"Single run",NA,"35408","33197","1195.444351","1207.713891","805","0","5426","11893","11887","11884","11344","No","NA",98.868588669125,"RADDL4B-23-052__rabv_4b_2025_r10_run4__instance1.fasta",NA,NA,NA,NA,NA,NA,"Other","Unknown","PHL: Philippines","NA","Unknown",NA,"NA","NA","NA",NA,"Other",NA
"RADDL4B-23-056","R-63",NA,"Dog",NA,2023-09-11,NA,"Concepcion Norte","Santa Maria","Romblon","MIMIROPA",12.4009725318673,122.089783542696,"speedier",NA,NA,0.9882,"1","RabV_4B_2025_R10_run1","1","11-Mar-2025","RITM",NA,NA,"Nanopore","rabvSEasia",NA,"Minion","FAZ05819",NA,"Amplicon","barcode09",NA,"Single run",NA,"43074","39864","1437.584395","1519.120343","914","0","8527","11896","11887","11887","11471","No","NA",98.8183037210862,"RADDL4B-23-056__rabv_4b_2025_r10_run4__instance1.fasta",NA,NA,NA,NA,NA,NA,"Other","Unknown","PHL: Philippines","NA","Unknown",NA,"NA","NA","NA",NA,"Other",NA
"RADDL4B-23-076","R-66",NA,"Dog",NA,2023-10-17,NA,"Poblacion","Alcantara","Romblon","MIMIROPA",12.2598547361178,122.053286260471,"speedier",NA,NA,0.972,"1","RabV_4B_2025_R10_run1","1","11-Mar-2025","RITM",NA,NA,"Nanopore","rabvSEasia",NA,"Minion","FAZ05819",NA,"Amplicon","barcode11",NA,"Single run",NA,"40112","37924","1334.443513","1478.364524","860","0","8399","11760","11683","11676","10994","No","NA",97.2008045591686,"RADDL4B-23-076__rabv_4b_2025_r10_run4__instance1.fasta",NA,NA,NA,NA,NA,NA,"Other","Unknown","PHL: Philippines","NA","Unknown",NA,"NA","NA","NA",NA,"Other",NA
"RADDL4B-23-080","R-67",NA,"Dog",NA,2023-10-26,NA,"Pangulo","Calatrava","Romblon","MIMIROPA",12.6133966287614,122.093403546437,"speedier",NA,NA,0.9874,"1","RabV_4B_2025_R10_run1","1","11-Mar-2025","RITM",NA,NA,"Nanopore","rabvSEasia",NA,"Minion","FAZ05819",NA,"Amplicon","barcode12",NA,"Single run",NA,"26558","24561","1191.71832","957.9564676","1045","0","4011","11890","11887","11883","11650","No","NA",98.7428762990278,"RADDL4B-23-080__rabv_4b_2025_r10_run4__instance1.fasta",NA,NA,NA,NA,NA,NA,"Other","Unknown","PHL: Philippines","NA","Unknown",NA,"NA","NA","NA",NA,"Other",NA
"RADDL4B-23-081","R-65",NA,"Dog",NA,2023-09-30,NA,"Bachawan","San Agustin","Romblon","MIMIROPA",12.4577618696032,122.090565303083,"speedier",NA,NA,0.9711,"1","RabV_4B_2025_R10_run1","1","11-Mar-2025","RITM",NA,NA,"Nanopore","rabvSEasia",NA,"Minion","FAZ05819",NA,"Amplicon","barcode13",NA,"Single run",NA,"29045","27043","1115.028495","1062.917914","882","0","5632","11888","11693","11675","11263","No","NA",97.108615487764,"RADDL4B-23-081__rabv_4b_2025_r10_run4__instance1.fasta",NA,NA,NA,NA,NA,NA,"Other","Unknown","PHL: Philippines","NA","Unknown",NA,"NA","NA","NA",NA,"Other",NA
"RADDL4B-23-101","M-27",NA,"Dog",NA,2023-12-05,NA,"Hinapulan","Boac","Marinduque","MIMIROPA",13.40056028,121.9413747,"speedier",NA,NA,0.9886,"1","RabV_4B_2025_R10_run1","1","11-Mar-2025","RITM",NA,NA,"Nanopore","rabvSEasia",NA,"Minion","FAZ05819",NA,"Amplicon","barcode15",NA,"Single run",NA,"11938","10928","455.4171136","533.7269475","295","0","2953","11890","11888","11882","10467","No","NA",98.8602078444519,"RADDL4B-23-101__rabv_4b_2025_r10_run4__instance1.fasta",NA,NA,NA,NA,NA,NA,"Other","Unknown","PHL: Philippines","NA","Unknown",NA,"NA","NA","NA",NA,"Other",NA
"RADDL4B-23-104","R-70",NA,"Dog",NA,2023-12-12,NA,"Poblacion","Alcantara","Romblon","MIMIROPA",12.2598547361178,122.053286260471,"speedier",NA,NA,0.9885,"1","RabV_4B_2025_R10_run1","1","11-Mar-2025","RITM",NA,NA,"Nanopore","rabvSEasia",NA,"Minion","FAZ05819",NA,"Amplicon","barcode17",NA,"Single run",NA,"20008","18334","705.1980389","804.3337124","468","0","5045","11891","11887","11882","10963","No","NA",98.8518270197788,"RADDL4B-23-104__rabv_4b_2025_r10_run4__instance1.fasta",NA,NA,NA,NA,NA,NA,"Other","Unknown","PHL: Philippines","NA","Unknown",NA,"NA","NA","NA",NA,"Other",NA
"RADDL4B-23-105","R-69",NA,"Dog",NA,2023-11-13,NA,"Poblacion","Looc","Romblon","MIMIROPA",12.2710913046505,122.007370649571,"speedier",NA,NA,0.9878,"1","RabV_4B_2025_R10_run1","1","11-Mar-2025","RITM",NA,NA,"Nanopore","rabvSEasia",NA,"Minion","FAZ05819",NA,"Amplicon","barcode18",NA,"Single run",NA,"10718","9568","419.9389038","422.1840129","332","0","2760","11888","11887","11881","9770","No","NA",98.7763995977204,"RADDL4B-23-105__rabv_4b_2025_r10_run4__instance1.fasta",NA,NA,NA,NA,NA,NA,"Other","Unknown","PHL: Philippines","NA","Unknown",NA,"NA","NA","NA",NA,"Other",NA
"RADDL4B-24-002","M-30",NA,"Dog",NA,2024-01-09,NA,"Malusak","Boac","Marinduque","MIMIROPA",13.44708203,121.8412843,"speedier",NA,NA,0.9883,"1","RabV_4B_2025_R10_run1","1","11-Mar-2025","RITM",NA,NA,"Nanopore","rabvSEasia",NA,"Minion","FAZ05819",NA,"Amplicon","barcode19",NA,"Single run",NA,"10164","9090","349.222008","372.7975563","208","0","2143","11888","11886","11881","9368","No","NA",98.8266845457593,"RADDL4B-24-002__rabv_4b_2025_r10_run4__instance1.fasta",NA,NA,NA,NA,NA,NA,"Other","Unknown","PHL: Philippines","NA","Unknown",NA,"NA","NA","NA",NA,"Other",NA
"RADDL4B-24-003","M-31",NA,"Dog",NA,2024-01-09,NA,"Masiga","Gasan","Marinduque","MIMIROPA",13.35871898,121.8255082,"speedier",NA,NA,0.9884,"1","RabV_4B_2025_R10_run1","1","11-Mar-2025","RITM",NA,NA,"Nanopore","rabvSEasia",NA,"Minion","FAZ05819",NA,"Amplicon","barcode20",NA,"Single run",NA,"17227","16004","762.1504358","717.0810223","498","0","3736","11895","11887","11883","11430","No","NA",98.8434461951056,"RADDL4B-24-003__rabv_4b_2025_r10_run4__instance1.fasta",NA,NA,NA,NA,NA,NA,"Other","Unknown","PHL: Philippines","NA","Unknown",NA,"NA","NA","NA",NA,"Other",NA
"RADDL4B-24-017","M-39",NA,"Dog",NA,2024-01-25,NA,"Masiga","Gasan","Marinduque","MIMIROPA",13.35871898,121.8255082,"speedier",NA,NA,0.9883,"1","RabV_4B_2025_R10_run2","1","18-Mar-2025","RITM",NA,NA,"Nanopore","rabvSEasia",NA,"Minion","FAY28415",NA,"Amplicon","barcode01",NA,"Single run",NA,"88403","75482","3335.468404","2843.003807","2406","0","12517","11894","11888","11887","11882","No","NA",98.8266845457593,"RADDL4B-24-017__rabv_4b_2025_r10_run4__instance1.fasta",NA,NA,NA,NA,NA,NA,"Other","Unknown","PHL: Philippines","NA","Unknown",NA,"NA","NA","NA",NA,"Other",NA
"RADDL4B-24-028","M-51",NA,"Dog",NA,2024-02-14,NA,"Masiga","Gasan","Marinduque","MIMIROPA",13.35871898,121.8255082,"speedier",NA,NA,0.9884,"1","RabV_4B_2025_R10_run2","1","18-Mar-2025","RITM",NA,NA,"Nanopore","rabvSEasia",NA,"Minion","FAY28415",NA,"Amplicon","barcode04",NA,"Single run",NA,"14850","12757","643.7653369","486.2712139","455","0","2276","11888","11887","11882","11695","No","NA",98.8350653704324,"RADDL4B-24-028__rabv_4b_2025_r10_run4__instance1.fasta",NA,NA,NA,NA,NA,NA,"Other","Unknown","PHL: Philippines","NA","Unknown",NA,"NA","NA","NA",NA,"Other",NA
"RADDL4B-24-038","M-59",NA,"Dog",NA,2024-03-05,NA,"Barangay I","Buenavista","Marinduque","MIMIROPA",13.2559971,121.9418071,"speedier",NA,NA,0.988,"1","RabV_4B_2025_R10_run2","1","18-Mar-2025","RITM",NA,NA,"Nanopore","rabvSEasia",NA,"Minion","FAY28415",NA,"Amplicon","barcode05",NA,"Single run",NA,"32240","27315","1490.731897","1057.1811","1171.5","0","5420","11894","11889","11887","11882","No","NA",98.8015420717399,"RADDL4B-24-038__rabv_4b_2025_r10_run4__instance1.fasta",NA,NA,NA,NA,NA,NA,"Other","Unknown","PHL: Philippines","NA","Unknown",NA,"NA","NA","NA",NA,"Other",NA
"RADDL4B-24-042","R-63",NA,"Dog",NA,2024-02-12,NA,"Mahabang Baybay","San Agustin","Romblon","MIMIROPA",12.6389756037373,122.150335754756,"speedier",NA,NA,0.9884,"1","RabV_4B_2025_R10_run2","1","18-Mar-2025","RITM",NA,NA,"Nanopore","rabvSEasia",NA,"Minion","FAY28415",NA,"Amplicon","barcode06",NA,"Single run",NA,"69392","60254","3199.346379","2128.307681","2269","0","10327","11902","11896","11888","11883","No","NA",98.8350653704324,"RADDL4B-24-042__rabv_4b_2025_r10_run4__instance1.fasta",NA,NA,NA,NA,NA,NA,"Other","Unknown","PHL: Philippines","NA","Unknown",NA,"NA","NA","NA",NA,"Other",NA
"RADDL4B-24-043","R-56",NA,"Dog",NA,2024-03-04,NA,"Camili","Alcantara","Romblon","MIMIROPA",12.2601674937412,122.042413009168,"speedier",NA,NA,0.9878,"1","RabV_4B_2025_R10_run2","1","18-Mar-2025","RITM",NA,NA,"Nanopore","rabvSEasia",NA,"Minion","FAY28415",NA,"Amplicon","barcode07",NA,"Single run",NA,"7541","6324","328.3547603","231.3260461","276","0","1218","11894","11887","11875","10095","No","NA",98.7763995977204,"RADDL4B-24-043__rabv_4b_2025_r10_run4__instance1.fasta",NA,NA,NA,NA,NA,NA,"Other","Unknown","PHL: Philippines","NA","Unknown",NA,"NA","NA","NA",NA,"Other",NA
"RADDL4B-24-054","M-66",NA,"Dog",NA,2024-03-20,NA,"Caigangan","Buenavista","Marinduque","MIMIROPA",13.26212226,121.9342731,"speedier",NA,NA,0.9884,"1","RabV_4B_2025_R10_run2","1","18-Mar-2025","RITM",NA,NA,"Nanopore","rabvSEasia",NA,"Minion","FAY28415",NA,"Amplicon","barcode10",NA,"Single run",NA,"78187","71025","2847.201559","2828.508152","1741","0","13284","11895","11888","11887","11882","No","NA",98.8434461951056,"RADDL4B-24-054__rabv_4b_2025_r10_run4__instance1.fasta",NA,NA,NA,NA,NA,NA,"Other","Unknown","PHL: Philippines","NA","Unknown",NA,"NA","NA","NA",NA,"Other",NA
"RADDL4B-24-063","R-77",NA,"Dog",NA,2024-04-13,NA,"Tulay","Odiongan","Romblon","MIMIROPA",12.3900864414564,121.992303480972,"speedier",NA,NA,0.9881,"1","RabV_4B_2025_R10_run2","1","18-Mar-2025","RITM",NA,NA,"Nanopore","rabvSEasia",NA,"Minion","FAY28415",NA,"Amplicon","barcode12",NA,"Single run",NA,"29217","26982","1291.908062","1037.820926","1113","0","4759","11892","11888","11885","11852","No","NA",98.809922896413,"RADDL4B-24-063__rabv_4b_2025_r10_run4__instance1.fasta",NA,NA,NA,NA,NA,NA,"Other","Unknown","PHL: Philippines","NA","Unknown",NA,"NA","NA","NA",NA,"Other",NA
"RADDL4B-24-066","R-75",NA,"Dog",NA,2024-10-20,NA,"Tugdan","Alcantara","Romblon","MIMIROPA",12.3272698719486,122.070177099507,"speedier",NA,NA,0.9879,"1","RabV_4B_2025_R10_run2","1","18-Mar-2025","RITM",NA,NA,"Nanopore","rabvSEasia",NA,"Minion","FAY28415",NA,"Amplicon","barcode13",NA,"Single run",NA,"61357","57972","3192.982652","2249.815204","2744","0","10217","11895","11893","11887","11881","No","NA",98.7931612470667,"RADDL4B-24-066__rabv_4b_2025_r10_run4__instance1.fasta",NA,NA,NA,NA,NA,NA,"Other","Unknown","PHL: Philippines","NA","Unknown",NA,"NA","NA","NA",NA,"Other",NA
"RADDL4B-24-069","M-77",NA,"Dog",NA,2024-03-20,NA,"Barangay I","Buenavista","Marinduque","MIMIROPA",13.2559971,121.9418071,"speedier",NA,NA,0.9885,"1","RabV_4B_2025_R10_run2","1","18-Mar-2025","RITM",NA,NA,"Nanopore","rabvSEasia",NA,"Minion","FAY28415",NA,"Amplicon","barcode14",NA,"Single run",NA,"67219","62340","3075.976115","2384.809437","2323.5","0","11569","11899","11889","11887","11882","No","NA",98.8518270197788,"RADDL4B-24-069__rabv_4b_2025_r10_run4__instance1.fasta",NA,NA,NA,NA,NA,NA,"Other","Unknown","PHL: Philippines","NA","Unknown",NA,"NA","NA","NA",NA,"Other",NA
"RADDL4B-24-073","M-81",NA,"Dog",NA,2024-07-20,NA,"Bangbangalon","Boac","Marinduque","MIMIROPA",13.43848981,121.8276107,"speedier",NA,NA,0.9886,"1","RabV_4B_2025_R10_run2","1","18-Mar-2025","RITM",NA,NA,"Nanopore","rabvSEasia",NA,"Minion","FAY28415",NA,"Amplicon","barcode15",NA,"Single run",NA,"34463","32379","1205.165437","1313.484047","661","0","6256","11895","11888","11882","11713","No","NA",98.8602078444519,"RADDL4B-24-073__rabv_4b_2025_r10_run4__instance1.fasta",NA,NA,NA,NA,NA,NA,"Other","Unknown","PHL: Philippines","NA","Unknown",NA,"NA","NA","NA",NA,"Other",NA
"RADDL4B-24-074","M-82",NA,"Dog",NA,2024-11-20,NA,"Caigangan","Buenavista","Marinduque","MIMIROPA",13.26212226,121.9342731,"speedier",NA,NA,0.9889,"1","RabV_4B_2025_R10_run2","1","18-Mar-2025","RITM",NA,NA,"Nanopore","rabvSEasia",NA,"Minion","FAY28415",NA,"Amplicon","barcode16",NA,"Single run",NA,"32222","30526","1092.323081","1229.27763","597","0","6080","11890","11888","11883","11550","No","NA",98.8937311431445,"RADDL4B-24-074__rabv_4b_2025_r10_run4__instance1.fasta",NA,NA,NA,NA,NA,NA,"Other","Unknown","PHL: Philippines","NA","Unknown",NA,"NA","NA","NA",NA,"Other",NA
"RADDL4B-24-076","M-84",NA,"Dog",NA,2024-07-20,NA,"Barangay I","Buenavista","Marinduque","MIMIROPA",13.2559971,121.9418071,"speedier",NA,NA,0.9884,"1","RabV_4B_2025_R10_run2","1","18-Mar-2025","RITM",NA,NA,"Nanopore","rabvSEasia",NA,"Minion","FAY28415",NA,"Amplicon","barcode17",NA,"Single run",NA,"73165","67397","2602.393228","2465.359609","1675.5","0","12636","11892","11888","11887","11882","No","NA",98.8350653704324,"RADDL4B-24-076__rabv_4b_2025_r10_run4__instance1.fasta",NA,NA,NA,NA,NA,NA,"Other","Unknown","PHL: Philippines","NA","Unknown",NA,"NA","NA","NA",NA,"Other",NA
"RADDL4B-24-078","M-86",NA,"Dog",NA,2024-12-20,NA,"Barangay II","Buenavista","Marinduque","MIMIROPA",13.25463205,121.9448458,"speedier",NA,NA,0.9884,"1","RabV_4B_2025_R10_run2","1","18-Mar-2025","RITM",NA,NA,"Nanopore","rabvSEasia",NA,"Minion","FAY28415",NA,"Amplicon","barcode18",NA,"Single run",NA,"70587","64509","2968.320567","2522.782036","1970","0","12116","11895","11889","11887","11882","No","NA",98.8434461951056,"RADDL4B-24-078__rabv_4b_2025_r10_run4__instance1.fasta",NA,NA,NA,NA,NA,NA,"Other","Unknown","PHL: Philippines","NA","Unknown",NA,"NA","NA","NA",NA,"Other",NA
"RADDL4B-24-081","M-88",NA,"Dog",NA,2024-04-15,NA,"Buangan","Torrijos","Marinduque","MIMIROPA",13.31305087,122.0537056,"speedier",NA,NA,0.9882,"1","RabV_4B_2025_R10_run2","1","18-Mar-2025","RITM",NA,NA,"Nanopore","rabvSEasia",NA,"Minion","FAY28415",NA,"Amplicon","barcode19",NA,"Single run",NA,"119526","110331","5162.701978","4046.68374","3803.5","0","19527","11903","11894","11889","11885","No","NA",98.8183037210862,"RADDL4B-24-081__rabv_4b_2025_r10_run4__instance1.fasta",NA,NA,NA,NA,NA,NA,"Other","Unknown","PHL: Philippines","NA","Unknown",NA,"NA","NA","NA",NA,"Other",NA
"RADDL4B-24-099","R-84",NA,"Dog",NA,2024-03-20,NA,"Poctoy","Odiongan","Romblon","MIMIROPA",12.4086736675198,122.002251059774,"speedier",NA,NA,0.9876,"1","RabV_4B_2025_R10_run3","1","24-Mar-2025","RITM",NA,NA,"Nanopore","rabvSEasia",NA,"Minion","FAY28415",NA,"Amplicon","barcode25",NA,"Single run",NA,"33733","31970","1974.942256","1337.350285","1775","0","6623","11899","11894","11892","11673","No","NA",98.7596379483741,"RADDL4B-24-099__rabv_4b_2025_r10_run4__instance1.fasta",NA,NA,NA,NA,NA,NA,"Other","Unknown","PHL: Philippines","NA","Unknown",NA,"NA","NA","NA",NA,"Other",NA
"RADDL4B-24-098","R-83",NA,"Dog",NA,2024-04-30,NA,"Pili","San Fernando","Romblon","MIMIROPA",12.3202302160604,122.59889299915,"speedier",NA,NA,0.9878,"1","RabV_4B_2025_R10_run3","1","24-Mar-2025","RITM",NA,NA,"Nanopore","rabvSEasia",NA,"Minion","FAY28415",NA,"Amplicon","barcode26",NA,"Single run",NA,"33057","30677","1787.839088","1313.196088","1413","0","6160","11896","11893","11891","11878","No","NA",98.7847804223936,"RADDL4B-24-098__rabv_4b_2025_r10_run4__instance1.fasta",NA,NA,NA,NA,NA,NA,"Other","Unknown","PHL: Philippines","NA","Unknown",NA,"NA","NA","NA",NA,"Other",NA
"RADDL4B-24-097","R-82",NA,"Dog",NA,2024-04-26,NA,"Bonlao","Alcantara","Romblon","MIMIROPA",12.3144065613179,122.048142854933,"speedier",NA,NA,0.9878,"1","RabV_4B_2025_R10_run3","1","24-Mar-2025","RITM",NA,NA,"Nanopore","rabvSEasia",NA,"Minion","FAY28415",NA,"Amplicon","barcode27",NA,"Single run",NA,"22322","20671","1036.220583","849.1064428","806","0","4755","11894","11893","11887","11647","No","NA",98.7847804223936,"RADDL4B-24-097__rabv_4b_2025_r10_run4__instance1.fasta",NA,NA,NA,NA,NA,NA,"Other","Unknown","PHL: Philippines","NA","Unknown",NA,"NA","NA","NA",NA,"Other",NA
"RADDL4B-24-096","R-81",NA,"Dog",NA,2024-04-15,NA,"Tumingad","Odiongan","Romblon","MIMIROPA",12.4371876319143,122.042943243506,"speedier",NA,NA,0.9874,"1","RabV_4B_2025_R10_run3","1","24-Mar-2025","RITM",NA,NA,"Nanopore","rabvSEasia",NA,"Minion","FAY28415",NA,"Amplicon","barcode28",NA,"Single run",NA,"42484","40031","2124.292994","1656.414135","1879.5","0","8822","11897","11893","11887","11879","No","NA",98.7428762990278,"RADDL4B-24-096__rabv_4b_2025_r10_run4__instance1.fasta",NA,NA,NA,NA,NA,NA,"Other","Unknown","PHL: Philippines","NA","Unknown",NA,"NA","NA","NA",NA,"Other",NA
"RADDL4B-24-095","R-80",NA,"Dog",NA,2024-03-20,NA,"Malilico","Odiongan","Romblon","MIMIROPA",12.3452844690591,121.972738203729,"speedier",NA,NA,0.9875,"1","RabV_4B_2025_R10_run3","1","24-Mar-2025","RITM",NA,NA,"Nanopore","rabvSEasia",NA,"Minion","FAY28415",NA,"Amplicon","barcode29",NA,"Single run",NA,"67788","63747","3301.729886","2900.49257","2418","0","17283","11894","11894","11893","11882","No","NA",98.751257123701,"RADDL4B-24-095__rabv_4b_2025_r10_run4__instance1.fasta",NA,NA,NA,NA,NA,NA,"Other","Unknown","PHL: Philippines","NA","Unknown",NA,"NA","NA","NA",NA,"Other",NA
"RADDL4B-24-018","M-43",NA,"Dog",NA,2024-02-01,NA,"Barangay IV","Buenavista","Marinduque","MIMIROPA",13.25222414,121.9482043,"speedier",NA,NA,0.9708,"1","RabV_4B_2025_R10_run3","1","24-Mar-2025","RITM",NA,NA,"Nanopore","rabvSEasia",NA,"Minion","FAY28415",NA,"Amplicon","barcode30",NA,"Single run",NA,"177837","165002","6980.366326","5812.939896","4948","0","32742","11899","11700","11690","11679","No","NA",97.0834730137446,"RADDL4B-24-018__rabv_4b_2025_r10_run4__instance1.fasta",NA,NA,NA,NA,NA,NA,"Other","Unknown","PHL: Philippines","NA","Unknown",NA,"NA","NA","NA",NA,"Other",NA
"RADDL4B-24-014","M-35",NA,"Dog",NA,2024-01-29,NA,"Masiga","Gasan","Marinduque","MIMIROPA",13.35871898,121.8255082,"speedier",NA,NA,0.9878,"1","RabV_4B_2025_R10_run3","1","24-Mar-2025","RITM",NA,NA,"Nanopore","rabvSEasia",NA,"Minion","FAY28415",NA,"Amplicon","barcode31",NA,"Single run",NA,"49072","44858","1706.391636","1816.217511","1018","0","10462","11897","11893","11884","11659","No","NA",98.7763995977204,"RADDL4B-24-014__rabv_4b_2025_r10_run4__instance1.fasta",NA,NA,NA,NA,NA,NA,"Other","Unknown","PHL: Philippines","NA","Unknown",NA,"NA","NA","NA",NA,"Other",NA
"RADDL4B-24-138","R-109",NA,"Dog",NA,2024-06-20,NA,"Agutay","Magdiwang","Romblon","MIMIROPA",12.4602661224461,122.448777181916,"speedier",NA,NA,0.9877,"1","RabV_4B_2025_R10_run3","1","24-Mar-2025","RITM",NA,NA,"Nanopore","rabvSEasia",NA,"Minion","FAY28415",NA,"Amplicon","barcode33",NA,"Single run",NA,"44794","42763","2474.174405","1843.791107","2274","0","9859","11920","11896","11893","11881","No","NA",98.7680187730473,"RADDL4B-24-138__rabv_4b_2025_r10_run4__instance1.fasta",NA,NA,NA,NA,NA,NA,"Other","Unknown","PHL: Philippines","NA","Unknown",NA,"NA","NA","NA",NA,"Other",NA
"RADDL4B-24-154","R-111",NA,"Dog",NA,2024-07-15,NA,"Cambajao","Cajidiocan","Romblon","MIMIROPA",12.3683040199771,122.669872643641,"speedier",NA,NA,0.9878,"1","RabV_4B_2025_R10_run3","1","24-Mar-2025","RITM",NA,NA,"Nanopore","rabvSEasia",NA,"Minion","FAY28415",NA,"Amplicon","barcode34",NA,"Single run",NA,"6793","6311","338.9710023","261.2874965","299","0","1594","11891","11886","11870","9782","No","NA",98.7763995977204,"RADDL4B-24-154__rabv_4b_2025_r10_run4__instance1.fasta",NA,NA,NA,NA,NA,NA,"Other","Unknown","PHL: Philippines","NA","Unknown",NA,"NA","NA","NA",NA,"Other",NA
"RADDL4B-24-155","R-110",NA,"Dog",NA,2024-07-11,NA,"Taclobo","San Fernando","Romblon","MIMIROPA",12.3622272502327,122.575373756321,"speedier",NA,NA,0.9877,"1","RabV_4B_2025_R10_run3","1","24-Mar-2025","RITM",NA,NA,"Nanopore","rabvSEasia",NA,"Minion","FAY28415",NA,"Amplicon","barcode35",NA,"Single run",NA,"18439","17290","1055.075511","739.5529433","936","0","3924","11918","11893","11886","11861","No","NA",98.7680187730473,"RADDL4B-24-155__rabv_4b_2025_r10_run4__instance1.fasta",NA,NA,NA,NA,NA,NA,"Other","Unknown","PHL: Philippines","NA","Unknown",NA,"NA","NA","NA",NA,"Other",NA
"RADDL4B-24-100","M-98",NA,"Dog",NA,2024-04-24,NA,"Caigangan","Buenavista","Marinduque","MIMIROPA",13.26212226,121.9342731,"speedier",NA,NA,0.9708,"1","RabV_4B_2025_R10_run3","1","24-Mar-2025","RITM",NA,NA,"Nanopore","rabvSEasia",NA,"Minion","FAY28415",NA,"Amplicon","barcode41",NA,"Single run",NA,"7376","6875","297.7153034","365.2573885","148","0","1890","11894","11888","11715","8021","No","NA",97.0834730137446,"RADDL4B-24-100__rabv_4b_2025_r10_run4__instance1.fasta",NA,NA,NA,NA,NA,NA,"Other","Unknown","PHL: Philippines","NA","Unknown",NA,"NA","NA","NA",NA,"Other",NA
"RADDL4B-24-112","R-88",NA,"Dog",NA,2024-05-16,NA,"Pili","Looc","Romblon","MIMIROPA",12.3030336406049,122.004635465751,"speedier",NA,NA,0.988,"1","RabV_4B_2025_R10_run3","1","24-Mar-2025","RITM",NA,NA,"Nanopore","rabvSEasia",NA,"Minion","FAY28415",NA,"Amplicon","barcode42",NA,"Single run",NA,"48264","45675","2308.224941","1932.093069","1822.5","0","10703","11895","11894","11893","11881","No","NA",98.8015420717399,"RADDL4B-24-112__rabv_4b_2025_r10_run4__instance1.fasta",NA,NA,NA,NA,NA,NA,"Other","Unknown","PHL: Philippines","NA","Unknown",NA,"NA","NA","NA",NA,"Other",NA
"RADDL4B-24-113","R-89",NA,"Dog",NA,2024-08-20,NA,"Limon Norte","Looc","Romblon","MIMIROPA",12.3220188515114,122.021920139859,"speedier",NA,NA,0.9884,"1","RabV_4B_2025_R10_run3","1","24-Mar-2025","RITM",NA,NA,"Nanopore","rabvSEasia",NA,"Minion","FAY28415",NA,"Amplicon","barcode43",NA,"Single run",NA,"48169","45792","2189.019863","1784.631988","1697","0","8563","11895","11893","11892","11878","No","NA",98.8350653704324,"RADDL4B-24-113__rabv_4b_2025_r10_run4__instance1.fasta",NA,NA,NA,NA,NA,NA,"Other","Unknown","PHL: Philippines","NA","Unknown",NA,"NA","NA","NA",NA,"Other",NA
"RADDL4B-24-114","R-90",NA,"Dog",NA,2024-05-18,NA,"Mahabang Baybay","San Agustin","Romblon","MIMIROPA",12.6389756037373,122.150335754756,"speedier",NA,NA,0.9873,"1","RabV_4B_2025_R10_run3","1","24-Mar-2025","RITM",NA,NA,"Nanopore","rabvSEasia",NA,"Minion","FAY28415",NA,"Amplicon","barcode44",NA,"Single run",NA,"44680","42192","2344.681026","1937.899253","1818","0","11397","11899","11894","11893","11882","No","NA",98.7344954743547,"RADDL4B-24-114__rabv_4b_2025_r10_run4__instance1.fasta",NA,NA,NA,NA,NA,NA,"Other","Unknown","PHL: Philippines","NA","Unknown",NA,"NA","NA","NA",NA,"Other",NA
"RADDL4B-24-116","R-91",NA,"Dog",NA,2024-05-13,NA,"Tugdan","Alcantara","Romblon","MIMIROPA",12.3272698719486,122.070177099507,"speedier",NA,NA,0.9872,"1","RabV_4B_2025_R10_run3","1","24-Mar-2025","RITM",NA,NA,"Nanopore","rabvSEasia",NA,"Minion","FAY28415",NA,"Amplicon","barcode45",NA,"Single run",NA,"33433","31726","1945.676249","1411.7672","1650","0","6852","11894","11893","11892","11673","No","NA",98.7177338250084,"RADDL4B-24-116__rabv_4b_2025_r10_run4__instance1.fasta",NA,NA,NA,NA,NA,NA,"Other","Unknown","PHL: Philippines","NA","Unknown",NA,"NA","NA","NA",NA,"Other",NA
"RADDL4B-24-117","R-92",NA,"Dog",NA,2024-08-20,NA,"Tabobo-An","Odiongan","Romblon","MIMIROPA",12.3661296017299,121.992456948138,"speedier",NA,NA,0.9879,"1","RabV_4B_2025_R10_run3","1","24-Mar-2025","RITM",NA,NA,"Nanopore","rabvSEasia",NA,"Minion","FAY28415",NA,"Amplicon","barcode46",NA,"Single run",NA,"22999","21104","912.5097218","819.3613737","776","0","3936","11895","11893","11883","11351","No","NA",98.7931612470667,"RADDL4B-24-117__rabv_4b_2025_r10_run4__instance1.fasta",NA,NA,NA,NA,NA,NA,"Other","Unknown","PHL: Philippines","NA","Unknown",NA,"NA","NA","NA",NA,"Other",NA
"RADDL4B-24-121","M-107",NA,"Dog",NA,2024-09-20,NA,"Barangay II","Buenavista","Marinduque","MIMIROPA",13.25463205,121.9448458,"speedier",NA,NA,0.9882,"1","RabV_4B_2025_R10_run3","1","24-Mar-2025","RITM",NA,NA,"Nanopore","rabvSEasia",NA,"Minion","FAY28415",NA,"Amplicon","barcode47",NA,"Single run",NA,"53107","49594","2028.715136","2224.010428","1077","0","11456","11894","11893","11890","11570","No","NA",98.8183037210862,"RADDL4B-24-121__rabv_4b_2025_r10_run4__instance1.fasta",NA,NA,NA,NA,NA,NA,"Other","Unknown","PHL: Philippines","NA","Unknown",NA,"NA","NA","NA",NA,"Other",NA
"RADDL4B-24-122","M-108",NA,"Dog",NA,2024-10-20,NA,"Bangbangalon","Boac","Marinduque","MIMIROPA",13.43848981,121.8276107,"speedier",NA,NA,0.988,"1","RabV_4B_2025_R10_run3","1","24-Mar-2025","RITM",NA,NA,"Nanopore","rabvSEasia",NA,"Minion","FAY28415",NA,"Amplicon","barcode48",NA,"Single run",NA,"51229","49018","2906.685635","2447.789382","2285.5","0","15764","11895","11894","11892","11673","No","NA",98.8015420717399,"RADDL4B-24-122__rabv_4b_2025_r10_run4__instance1.fasta",NA,NA,NA,NA,NA,NA,"Other","Unknown","PHL: Philippines","NA","Unknown",NA,"NA","NA","NA",NA,"Other",NA
"RADDL4B-24-156","R-113",NA,"Dog",NA,2024-07-26,NA,"Calagonsao","Alcantara","Romblon","MIMIROPA",12.3475553588476,122.079254920785,"speedier",NA,NA,0.971,"1","rabv_4b_2025_r10_run5","1","29-May-2025","RITM",NA,NA,"Nanopore","rabvSEasia",NA,"Minion","FAZ08077",NA,"Amplicon","barcode50",NA,"Single run",NA,"20745","19075","786.6737345","651.967944","606.5","0","3302","11893","11886","11703","11337","No","NA",97.1002346630908,"RADDL4B-24-156__rabv_4b_2025_r10_run4__instance1.fasta",NA,NA,NA,NA,NA,NA,"Other","Unknown","PHL: Philippines","NA","Unknown",NA,"NA","NA","NA",NA,"Other",NA
"RADDL4B-24-157","R-112",NA,"Dog",NA,2024-07-08,NA,"San Isidro","Alcantara","Romblon","MIMIROPA",12.2919290027811,122.052741797624,"speedier",NA,NA,0.9531,"1","rabv_4b_2025_r10_run5","1","29-May-2025","RITM",NA,NA,"Nanopore","rabvSEasia",NA,"Minion","FAZ08077",NA,"Amplicon","barcode51",NA,"Single run",NA,"11719","10149","468.7921555","342.8856859","373","0","1593","11918","11885","11709","11008","No","NA",95.3067381830372,"RADDL4B-24-157__rabv_4b_2025_r10_run4__instance1.fasta",NA,NA,NA,NA,NA,NA,"Other","Unknown","PHL: Philippines","NA","Unknown",NA,"NA","NA","NA",NA,"Other",NA
"RADDL4B-24-178","M-132",NA,"Dog",NA,2024-07-15,NA,"Barangay I","Buenavista","Marinduque","MIMIROPA",13.255314,121.940796,"speedier",NA,NA,0.9875,"1","rabv_4b_2025_r10_run5","1","29-May-2025","RITM",NA,NA,"Nanopore","rabvSEasia",NA,"Minion","FAZ08077",NA,"Amplicon","barcode54",NA,"Single run",NA,"10279","9048","430.339172","392.6667443","322","0","2235","11894","11893","11881","10597","No","NA",98.751257123701,"RADDL4B-24-178__rabv_4b_2025_r10_run4__instance1.fasta",NA,NA,NA,NA,NA,NA,"Other","Unknown","PHL: Philippines","NA","Unknown",NA,"NA","NA","NA",NA,"Other",NA
"RADDL4B-24-180","M-131",NA,"Dog",NA,2024-08-22,NA,"Sawi","Boac","Marinduque","MIMIROPA",13.440701,121.854599,"speedier",NA,NA,0.9884,"1","rabv_4b_2025_r10_run5","1","29-May-2025","RITM",NA,NA,"Nanopore","rabvSEasia",NA,"Minion","FAZ08077",NA,"Amplicon","barcode55",NA,"Single run",NA,"9900","8995","428.0845625","432.254772","289.5","0","2416","11894","11893","11879","10755","No","NA",98.8434461951056,"RADDL4B-24-180__rabv_4b_2025_r10_run4__instance1.fasta",NA,NA,NA,NA,NA,NA,"Other","Unknown","PHL: Philippines","NA","Unknown",NA,"NA","NA","NA",NA,"Other",NA
"RADDL4B-24-181","M-134",NA,"Dog",NA,2024-09-09,NA,"Yook","Buenavista","Marinduque","MIMIROPA",13.223896,121.981628,"speedier",NA,NA,0.9882,"1","rabv_4b_2025_r10_run5","1","29-May-2025","RITM",NA,NA,"Nanopore","rabvSEasia",NA,"Minion","FAZ08077",NA,"Amplicon","barcode56",NA,"Single run",NA,"37193","33947","1459.579031","1384.656563","950.5","0","6844","11897","11893","11886","11514","No","NA",98.8183037210862,"RADDL4B-24-181__rabv_4b_2025_r10_run4__instance1.fasta",NA,NA,NA,NA,NA,NA,"Other","Unknown","PHL: Philippines","NA","Unknown",NA,"NA","NA","NA",NA,"Other",NA
"RADDL4B-24-183","M-127",NA,"Dog",NA,2024-11-20,NA,"Tawiran","Santa Cruz","Marinduque","MIMIROPA",13.462624,122.076691,"speedier",NA,NA,0.9325,"1","rabv_4b_2025_r10_run5","1","29-May-2025","RITM",NA,NA,"Nanopore","rabvSEasia",NA,"Minion","FAZ08077",NA,"Amplicon","barcode58",NA,"Single run",NA,"10689","9494","335.8346463","485.5517488","190","0","3007","11898","11597","11410","8693","No","NA",93.2450553134428,"RADDL4B-24-183__rabv_4b_2025_r10_run4__instance1.fasta",NA,NA,NA,NA,NA,NA,"Other","Unknown","PHL: Philippines","NA","Unknown",NA,"NA","NA","NA",NA,"Other",NA
"RADDL4B-24-185","R-121",NA,"Dog",NA,2024-11-20,NA,"Poblacion","Cajidiocan","Romblon","MIMIROPA",12.3738159498218,122.680201141506,"speedier",NA,NA,0.9875,"1","rabv_4b_2025_r10_run5","1","29-May-2025","RITM",NA,NA,"Nanopore","rabvSEasia",NA,"Minion","FAZ08077",NA,"Amplicon","barcode60",NA,"Single run",NA,"10981","9667","429.9861716","333.1311712","379","0","1810","11894","11892","11881","10507","No","NA",98.751257123701,"RADDL4B-24-185__rabv_4b_2025_r10_run4__instance1.fasta",NA,NA,NA,NA,NA,NA,"Other","Unknown","PHL: Philippines","NA","Unknown",NA,"NA","NA","NA",NA,"Other",NA
"RADDL4B-24-186","R-120",NA,"Dog",NA,2024-12-20,NA,"Poblacion","Magdiwang","Romblon","MIMIROPA",12.4908099892792,122.508178781622,"speedier",NA,NA,0.9358,"1","rabv_4b_2025_r10_run5","1","29-May-2025","RITM",NA,NA,"Nanopore","rabvSEasia",NA,"Minion","FAZ08077",NA,"Amplicon","barcode61",NA,"Single run",NA,"10042","8743","356.4979048","289.9891857","316","0","1575","11790","11724","11640","9514","No","NA",93.5802883003687,"RADDL4B-24-186__rabv_4b_2025_r10_run4__instance1.fasta",NA,NA,NA,NA,NA,NA,"Other","Unknown","PHL: Philippines","NA","Unknown",NA,"NA","NA","NA",NA,"Other",NA
"RADDL4B-24-187","R-122",NA,"Dog",NA,2024-11-20,NA,"Poblacion","Magdiwang","Romblon","MIMIROPA",12.4908099892792,122.508178781622,"speedier",NA,NA,0.9886,"1","rabv_4b_2025_r10_run5","1","29-May-2025","RITM",NA,NA,"Nanopore","rabvSEasia",NA,"Minion","FAZ08077",NA,"Amplicon","barcode62",NA,"Single run",NA,"19373","17810","725.041066","565.647655","606","0","2867","11896","11893","11882","11134","No","NA",98.8602078444519,"RADDL4B-24-187__rabv_4b_2025_r10_run4__instance1.fasta",NA,NA,NA,NA,NA,NA,"Other","Unknown","PHL: Philippines","NA","Unknown",NA,"NA","NA","NA",NA,"Other",NA
"RADDL4B-24-188","R-119",NA,"Dog",NA,2024-11-29,NA,"Ipil","Magdiwang","Romblon","MIMIROPA",12.473056623118,122.475619478547,"speedier",NA,NA,0.9878,"1","rabv_4b_2025_r10_run5","1","29-May-2025","RITM",NA,NA,"Nanopore","rabvSEasia",NA,"Minion","FAZ08077",NA,"Amplicon","barcode63",NA,"Single run",NA,"12754","11425","565.3582803","443.4636208","495","0","2462","11893","11893","11881","10364","No","NA",98.7763995977204,"RADDL4B-24-188__rabv_4b_2025_r10_run4__instance1.fasta",NA,NA,NA,NA,NA,NA,"Other","Unknown","PHL: Philippines","NA","Unknown",NA,"NA","NA","NA",NA,"Other",NA
"RADDL4B-25-005","M-137",NA,"Dog",NA,2024-12-17,NA,"Bahi","Gasan","Marinduque","MIMIROPA",13.368669,121.834976,"speedier",NA,NA,0.9537,"1","rabv_4b_2025_r10_run5","1","29-May-2025","RITM",NA,NA,"Nanopore","rabvSEasia",NA,"Minion","FAZ08077",NA,"Amplicon","barcode64",NA,"Single run",NA,"12109","10813","397.880238","441.833745","249","0","2504","11693","11682","11669","9843","No","NA",95.3737847804224,"RADDL4B-25-005__rabv_4b_2025_r10_run4__instance1.fasta",NA,NA,NA,NA,NA,NA,"Other","Unknown","PHL: Philippines","NA","Unknown",NA,"NA","NA","NA",NA,"Other",NA
"RADDL4B-25-006","M-138",NA,"Dog",NA,2024-12-20,NA,"Ihatub","Boac","Marinduque","MIMIROPA",13.425975,121.829941,"speedier",NA,NA,0.9537,"1","rabv_4b_2025_r10_run5","1","29-May-2025","RITM",NA,NA,"Nanopore","rabvSEasia",NA,"Minion","FAZ08077",NA,"Amplicon","barcode65",NA,"Single run",NA,"14080","12691","476.8829199","573.649647","257","0","3010","11697","11695","11671","10573","No","NA",95.3654039557492,"RADDL4B-25-006__rabv_4b_2025_r10_run4__instance1.fasta",NA,NA,NA,NA,NA,NA,"Other","Unknown","PHL: Philippines","NA","Unknown",NA,"NA","NA","NA",NA,"Other",NA
"RADDL4B-25-008","M-140",NA,"Cow",NA,2025-01-04,NA,"Bocboc","Mogpog","Marinduque","MIMIROPA",13.471229,121.931534,"speedier",NA,NA,0.9539,"1","rabv_4b_2025_r10_run5","1","29-May-2025","RITM",NA,NA,"Nanopore","rabvSEasia",NA,"Minion","FAZ08077",NA,"Amplicon","barcode66",NA,"Single run",NA,"10630","9060","356.1083641","398.0274817","270","0","2376","11893","11885","11677","9922","No","NA",95.3905464297687,"RADDL4B-25-008__rabv_4b_2025_r10_run4__instance1.fasta",NA,NA,NA,NA,NA,NA,"Other","Unknown","PHL: Philippines","NA","Unknown",NA,"NA","NA","NA",NA,"Other",NA
"RADDL4B-25-009","M-141",NA,"Dog",NA,2025-01-09,NA,"Bunganay","Boac","Marinduque","MIMIROPA",13.397696,121.847771,"speedier",NA,NA,0.9313,"1","rabv_4b_2025_r10_run5","1","29-May-2025","RITM",NA,NA,"Nanopore","rabvSEasia",NA,"Minion","FAZ08077",NA,"Amplicon","barcode67",NA,"Single run",NA,"8213","7120","287.9882668","296.1742101","194","0","1451","11800","11682","11670","8747","No","NA",93.1277237680188,"RADDL4B-25-009__rabv_4b_2025_r10_run4__instance1.fasta",NA,NA,NA,NA,NA,NA,"Other","Unknown","PHL: Philippines","NA","Unknown",NA,"NA","NA","NA",NA,"Other",NA
"RADDL4B-24-151","M-124",NA,"Dog",NA,2024-07-08,NA,"Angas","Santa Cruz","Marinduque","MIMIROPA",13.440175,122.105919,"speedier",NA,NA,0.9144317801,"1","rabv_4b_2025_r10_run4","1","24-Mar-2025","RITM",NA,NA,"Nanopore","rabvSEasia",NA,"Minion","FAY28415",NA,"Amplicon","barcode52",NA,"Single run",NA,"2969","2712","132.762655","140.9619085","90","0","745","11887","11884","11653","5218","No","NA",91.443178008716,"RADDL4B-24-151__rabv_4b_2025_r10_run4__instance1.fasta",NA,NA,NA,NA,NA,NA,"Other","Unknown","PHL: Philippines","NA","Unknown",NA,"NA","NA","NA",NA,"Other",NA
"RADDL4B-23-089","M-14",NA,"Dog",NA,2023-07-20,NA,"Maligaya","Boac","Marinduque","MIMIROPA",13.47444205,121.840682,"speedier",NA,NA,0.9509721757,"1","rabv_4b_2025_r10_run6","1","3-Jul-2025","RITM",NA,NA,"Nanopore","rabvSEasia",NA,"Minion","FAY28401",NA,"Amplicon","barcode30",NA,"Single run",NA,"11144","10162","431.1773383","487.1079294","264.5","0","2476","11902","11887","11859","10118","No","NA",95.0972175662085,"RADDL4B-23-089__rabv_4b_2025_r10_run4__instance1.fasta",NA,NA,NA,NA,NA,NA,"Other","Unknown","PHL: Philippines","NA","Unknown",NA,"NA","NA","NA",NA,"Other",NA
"RADDL4B-23-094","M-21",NA,"Dog",NA,2023-11-28,NA,"Maligaya","Boac","Marinduque","MIMIROPA",13.47444205,121.840682,"speedier",NA,NA,0.9146832048,"1","rabv_4b_2025_r10_run6","1","3-Jul-2025","RITM",NA,NA,"Nanopore","rabvSEasia",NA,"Minion","FAY28401",NA,"Amplicon","barcode33",NA,"Single run",NA,"7468","7075","280.8203151","393.9743613","135","0","2073","11896","11882","11439","7571","No","NA",91.4683204827355,"RADDL4B-23-094__rabv_4b_2025_r10_run4__instance1.fasta",NA,NA,NA,NA,NA,NA,"Other","Unknown","PHL: Philippines","NA","Unknown",NA,"NA","NA","NA",NA,"Other",NA
"RADDL4B-24-013","M-34",NA,"Dog",NA,2024-01-16,NA,"Buangan","Torrijos","Marinduque","MIMIROPA",13.31305087,122.0537056,"speedier",NA,NA,0.9503855179,"1","rabv_4b_2025_r10_run6","1","3-Jul-2025","RITM",NA,NA,"Nanopore","rabvSEasia",NA,"Minion","FAY28401",NA,"Amplicon","barcode37",NA,"Single run",NA,"10241","9403","350.6740697","467.7431268","182","0","2416","11888","11885","11511","8082","No","NA",95.0385517934965,"RADDL4B-24-013__rabv_4b_2025_r10_run4__instance1.fasta",NA,NA,NA,NA,NA,NA,"Other","Unknown","PHL: Philippines","NA","Unknown",NA,"NA","NA","NA",NA,"Other",NA
"RADDL4B-24-030","M-49",NA,"Dog",NA,2024-02-17,NA,"Barangay I","Buenavista","Marinduque","MIMIROPA",13.2559971,121.9418071,"speedier",NA,NA,0.9875125712,"1","rabv_4b_2025_r10_run6","1","3-Jul-2025","RITM",NA,NA,"Nanopore","rabvSEasia",NA,"Minion","FAY28401",NA,"Amplicon","barcode38",NA,"Single run",NA,"17832","16951","682.9067214","911.0343916","369","0","4702","11896","11887","11882","10930","No","NA",98.751257123701,"RADDL4B-24-030__rabv_4b_2025_r10_run4__instance1.fasta",NA,NA,NA,NA,NA,NA,"Other","Unknown","PHL: Philippines","NA","Unknown",NA,"NA","NA","NA",NA,"Other",NA
"RADDL4B-24-048","M-62",NA,"Dog",NA,2024-03-07,NA,"Daykitin","Buenavista","Marinduque","MIMIROPA",13.27382681,121.9228134,"speedier",NA,NA,0.9497988602,"1","rabv_4b_2025_r10_run6","1","3-Jul-2025","RITM",NA,NA,"Nanopore","rabvSEasia",NA,"Minion","FAY28401",NA,"Amplicon","barcode39",NA,"Single run",NA,"9234","8522","361.4364733","465.2007231","193","0","2495","11887","11883","11880","8659","No","NA",94.9798860207844,"RADDL4B-24-048__rabv_4b_2025_r10_run4__instance1.fasta",NA,NA,NA,NA,NA,NA,"Other","Unknown","PHL: Philippines","NA","Unknown",NA,"NA","NA","NA",NA,"Other",NA
"RADDL4B-24-062","M-74",NA,"Dog",NA,2024-01-20,NA,"Masiga","Gasan","Marinduque","MIMIROPA",13.35871898,121.8255082,"speedier",NA,NA,0.9025310091,"1","rabv_4b_2025_r10_run6","1","3-Jul-2025","RITM",NA,NA,"Nanopore","rabvSEasia",NA,"Minion","FAY28401",NA,"Amplicon","barcode41",NA,"Single run",NA,"7039","6465","255.8261817","327.0085583","143","0","1594","11889","11885","11503","7233","No","NA",90.2531009051291,"RADDL4B-24-062__rabv_4b_2025_r10_run4__instance1.fasta",NA,NA,NA,NA,NA,NA,"Other","Unknown","PHL: Philippines","NA","Unknown",NA,"NA","NA","NA",NA,"Other",NA
"RADDL4B-24-107","M-105",NA,"Dog",NA,2024-03-20,NA,"Daykitin","Buenavista","Marinduque","MIMIROPA",13.27382681,121.9228134,"speedier",NA,NA,0.9503017097,"1","rabv_4b_2025_r10_run6","1","3-Jul-2025","RITM",NA,NA,"Nanopore","rabvSEasia",NA,"Minion","FAY28401",NA,"Amplicon","barcode46",NA,"Single run",NA,"6030","5529","256.9092357","313.6388823","165","0","1770","11887","11883","11646","7700","No","NA",95.0301709688233,"RADDL4B-24-107__rabv_4b_2025_r10_run4__instance1.fasta",NA,NA,NA,NA,NA,NA,"Other","Unknown","PHL: Philippines","NA","Unknown",NA,"NA","NA","NA",NA,"Other",NA
"RADDL4B-24-125","M-111",NA,"Dog",NA,2024-05-13,NA,"Yook","Buenavista","Marinduque","MIMIROPA",13.22428692,121.9851771,"speedier",NA,NA,0.9871773383,"1","rabv_4b_2025_r10_run6","1","3-Jul-2025","RITM",NA,NA,"Nanopore","rabvSEasia",NA,"Minion","FAY28401",NA,"Amplicon","barcode49",NA,"Single run",NA,"8259","7651","382.7361716","429.4233705","257","0","2572","11888","11886","11881","10625","No","NA",98.7177338250084,"RADDL4B-24-125__rabv_4b_2025_r10_run4__instance1.fasta",NA,NA,NA,NA,NA,NA,"Other","Unknown","PHL: Philippines","NA","Unknown",NA,"NA","NA","NA",NA,"Other",NA
"RADDL4B-24-127","M-113",NA,"Dog",NA,2024-05-16,NA,"Caigangan","Buenavista","Marinduque","MIMIROPA",13.26212226,121.9342731,"speedier",NA,NA,0.9706671136,"1","rabv_4b_2025_r10_run6","1","3-Jul-2025","RITM",NA,NA,"Nanopore","rabvSEasia",NA,"Minion","FAY28401",NA,"Amplicon","barcode50",NA,"Single run",NA,"6711","6354","284.2085987","355.758561","177","0","1999","11886","11885","11845","8314","No","NA",97.0667113643983,"RADDL4B-24-127__rabv_4b_2025_r10_run4__instance1.fasta",NA,NA,NA,NA,NA,NA,"Other","Unknown","PHL: Philippines","NA","Unknown",NA,"NA","NA","NA",NA,"Other",NA
"RADDL4B-23-065","M-4",NA,"Dog",NA,2023-10-23,NA,"Laylay","Boac","Marinduque","MIMIROPA",13.43668126,121.8203817,"speedier",NA,NA,0.9717566209,"2","rabv_4b_2025_r10_run7","2","8/14/25","RITM",NA,NA,"Nanopore","rabvSEasia_tests",NA,"Minion","FAY40590",NA,"Amplicon","barcode25",NA,NA,NA,"97723","94043","3139.331713","2427.800498","2760","0","14271","11893","11892","11837","11678","No",NA,97.1756620851492,"RADDL4B-23-065__rabv_4b_2025_r10_run7__instance2.fasta","Primer optimisation tests",NA,NA,NA,NA,NA,"Other","Unknown","PHL: Philippines","NA","Unknown",NA,"NA","NA","NA",NA,"Other",NA
"RADDL4B-24-184","M-135",NA,"Dog",NA,2024-11-19,NA,"Bangbang","Gasan","Marinduque","MIMIROPA",13.343593,121.838409,"speedier",NA,NA,0.9887696949,"1","rabv_4b_2025_r10_run5","1","29-May-2025","RITM",NA,NA,"Nanopore","rabvSEasia",NA,"Minion","FAZ08077",NA,"Amplicon","barcode59",NA,"Single run",NA,"9755","8254","323.2110292","316.7913143","229","0","1595","11887","11682","11509","9160","No","NA",95.2815957090178,"RADDL4B-24-184__rabv_4b_2025_r10_run4__instance1.fasta",NA,NA,NA,NA,NA,NA,"Other","Unknown","PHL: Philippines","NA","Unknown",NA,"NA","NA","NA",NA,"Other",NA
"RADDL4B-24-184","M-135",NA,"Dog",NA,2024-11-19,NA,"Bangbang","Gasan","Marinduque","MIMIROPA",13.343593,121.838409,"speedier",NA,NA,0.9887696949,"2","rabv_4b_2025_r10_run7","2","8/14/25","RITM",NA,NA,"Nanopore","rabvSEasia_tests",NA,"Minion","FAY40590",NA,"Amplicon","barcode33",NA,NA,NA,"67595","64343","2528.171472","1748.59278","1958","0","9031","11898","11896","11885","11675","No",NA,98.8769694937982,"RADDL4B-24-184__rabv_4b_2025_r10_run7__instance2.fasta","Primer optimisation tests; RADDL4B-24-184-C",NA,NA,NA,NA,NA,"Other","Unknown","PHL: Philippines","NA","Unknown",NA,"NA","NA","NA",NA,"Other",NA
"4B-22-37",NA,NA,"Canis familiaris",NA,2022-10-01,NA,"San Isidro","Alcantara","Romblon","Southwestern Tagalog Region",12.29784708,122.054934,"phd",NA,NA,NA,"1","run10_23","1","2/3/23","RITM",NA,NA,"Nanopore","rabvSEasia",NA,"Minion","FAU43074",NA,"Amplicon","barcode14",NA,"Single run",NA,"42907","42907","1589.750251","788.4247775","1505","0","3466","11787","11676","11676","11676","No","PP858772",97.1505196111297,"4B-22-37__run10_23__instance1.fasta",NA,NA,NA,NA,NA,NA,NA,"Unknown","PHL: Philippines",NA,NA,NA,NA,NA,NA,NA,"RITM",NA
"4B-22-39",NA,NA,"Canis familiaris",NA,2022-10-21,NA,"San Isidro","Alcantara","Romblon","Southwestern Tagalog Region",12.29784708,122.054934,"phd",NA,NA,NA,"1","run10_23","1","2/3/23","RITM",NA,NA,"Nanopore","rabvSEasia",NA,"Minion","FAU43074",NA,"Amplicon","barcode15",NA,"Single run",NA,"41968","41968","1449.961197","851.9478314","1259.5","0","3429","11712","11678","11676","11370","No","PP858770",97.1756620851492,"4B-22-39__run10_23__instance1.fasta",NA,NA,NA,NA,NA,NA,NA,"Unknown","PHL: Philippines",NA,NA,NA,NA,NA,NA,NA,"RITM",NA
"4B-22-41",NA,NA,"Canis familiaris",NA,2022-11-24,NA,"Dapawan","Odiongan","Romblon","Southwestern Tagalog Region",12.39865996,122.0177701,"phd",NA,NA,NA,"1","run5_22","1","11/12/22","RITM",NA,NA,"Nanopore","rabvSEasia",NA,"Minion","FAU03787",NA,"Amplicon","barcode69",NA,"Single run",NA,"63086","63086","2082.013326","1327.846029","1920.5","0","5888","11686","11685","11482","11172","No","PP858764",94.4854173650687,"4B-22-41__run5_22__instance1.fasta",NA,NA,NA,NA,NA,NA,NA,"Unknown","PHL: Philippines",NA,NA,NA,NA,NA,NA,NA,"RITM",NA
"4B-22-42",NA,NA,"Canis familiaris",NA,2022-11-26,NA,"Bonlao","Alcantara","Romblon","Southwestern Tagalog Region",12.29784708,122.054934,"phd",NA,NA,NA,"1","run5_22","1","11/12/22","RITM",NA,NA,"Nanopore","rabvSEasia",NA,"Minion","FAU03787",NA,"Amplicon","barcode70",NA,"Single run",NA,"80686","80686","2841.937395","1516.863432","2763","0","6819","11829","11710","11684","11676","No","PP858775",97.2427086825344,"4B-22-42__run5_22__instance1.fasta",NA,NA,NA,NA,NA,NA,NA,"Unknown","PHL: Philippines",NA,NA,NA,NA,NA,NA,NA,"RITM",NA
"4B-22-44",NA,NA,"Canis familiaris",NA,2022-12-11,NA,"Dapawan","Odiongan","Romblon","Southwestern Tagalog Region",12.39865996,122.0177701,"phd",NA,NA,NA,"1","run10_23","1","2/3/23","RITM",NA,NA,"Nanopore","rabvSEasia",NA,"Minion","FAU43074",NA,"Amplicon","barcode16",NA,"Single run",NA,"73209","73209","2364.5176","1418.94092","2217","0","6259","11865","11698","11677","11668","No","PP858754",97.1756620851492,"4B-22-44__run10_23__instance1.fasta",NA,NA,NA,NA,NA,NA,NA,"Unknown","PHL: Philippines",NA,NA,NA,NA,NA,NA,NA,"RITM",NA
"4B-22-45",NA,NA,"Canis familiaris",NA,2022-12-12,NA,"Concepcion Sur","Santa Maria","Romblon","Southwestern Tagalog Region",12.40310216,122.0836566,"phd",NA,NA,NA,"1","run10_23","1","2/3/23","RITM",NA,NA,"Nanopore","rabvSEasia",NA,"Minion","FAU43074",NA,"Amplicon","barcode17",NA,"Single run",NA,"60931","60931","1958.844703","1171.851007","1813","0","5036","11702","11684","11677","11496","No","PP858773",97.1421387864566,"4B-22-45__run10_23__instance1.fasta",NA,NA,NA,NA,NA,NA,NA,"Unknown","PHL: Philippines",NA,NA,NA,NA,NA,NA,NA,"RITM",NA
"4B-23-01",NA,NA,"Canis familiaris",NA,2023-01-20,NA,"Concepcion Norte","Santa Maria","Romblon","Southwestern Tagalog Region",12.40310216,122.0836566,"phd",NA,NA,NA,"1","run12_23","1","8/3/23","RITM",NA,NA,"Nanopore","rabvSEasia",NA,"Minion","FAT89919",NA,"Amplicon","barcode71",NA,"Single run",NA,"148701","148701","5251.437395","2650.492012","4972","0","13542","11898","11784","11678","11676","No","PP858753",97.2091853838418,"4B-23-01__run12_23__instance1.fasta",NA,NA,NA,NA,NA,NA,NA,"Unknown","PHL: Philippines",NA,NA,NA,NA,NA,NA,NA,"RITM",NA
"4B-23-02",NA,NA,"Canis familiaris",NA,2023-01-13,NA,"Dapawan","Odiongan","Romblon","Southwestern Tagalog Region",12.39865996,122.0177701,"phd",NA,NA,NA,"1","run12_23","1","8/3/23","RITM",NA,NA,"Nanopore","rabvSEasia",NA,"Minion","FAT89919",NA,"Amplicon","barcode72",NA,"Single run",NA,"56689","56689","2863.912085","1190.82322","2785","0","6053","11891","11777","11677","11676","No","PP858752",97.1924237344955,"4B-23-02__run12_23__instance1.fasta",NA,NA,NA,NA,NA,NA,NA,"Unknown","PHL: Philippines",NA,NA,NA,NA,NA,NA,NA,"RITM",NA
"4B-23-03",NA,NA,"Canis familiaris",NA,2023-01-22,NA,"Sugod","San Agustin","Romblon","Southwestern Tagalog Region",12.55403552,122.1124048,"phd",NA,NA,NA,"1","run12_23","1","8/3/23","RITM",NA,NA,"Nanopore","rabvSEasia",NA,"Minion","FAT89919",NA,"Amplicon","barcode73",NA,"Single run",NA,"71238","71238","2897.844368","1434.011117","2809","0","6846","11893","11886","11884","11676","No","PP858771",98.9523969158565,"4B-23-03__run12_23__instance1.fasta",NA,NA,NA,NA,NA,NA,NA,"Unknown","PHL: Philippines",NA,NA,NA,NA,NA,NA,NA,"RITM",NA
"4B-23-04",NA,NA,"Canis familiaris",NA,2023-01-31,NA,"Carmen","San Agustin","Romblon","Southwestern Tagalog Region",12.55403552,122.1124048,"phd",NA,NA,NA,"1","run12_23","1","8/3/23","RITM",NA,NA,"Nanopore","rabvSEasia",NA,"Minion","FAT89919",NA,"Amplicon","barcode74",NA,"Single run",NA,"115937","115937","4400.248408","2205.341577","4264","0","11035","11899","11887","11884","11676","No","PP858765",98.9272544418371,"4B-23-04__run12_23__instance1.fasta",NA,NA,NA,NA,NA,NA,NA,"Unknown","PHL: Philippines",NA,NA,NA,NA,NA,NA,NA,"RITM",NA
"4B-23-05",NA,NA,"Canis familiaris",NA,2023-01-20,NA,"Sugod","San Agustin","Romblon","Southwestern Tagalog Region",12.55403552,122.1124048,"phd",NA,NA,NA,"1","run12_23","1","8/3/23","RITM",NA,NA,"Nanopore","rabvSEasia",NA,"Minion","FAT89919",NA,"Amplicon","barcode75",NA,"Single run",NA,"63730","63730","2266.908314","1252.288002","2183","0","5680","11893","11793","11699","11676","No","PP858750",97.1169963124371,"4B-23-05__run12_23__instance1.fasta",NA,NA,NA,NA,NA,NA,NA,"Unknown","PHL: Philippines",NA,NA,NA,NA,NA,NA,NA,"RITM",NA
"4B-23-06",NA,NA,"Canis familiaris",NA,2023-02-02,NA,"Concepcion Norte","Santa Maria","Romblon","Southwestern Tagalog Region",12.40310216,122.0836566,"phd",NA,NA,NA,"1","run12_23","1","8/3/23","RITM",NA,NA,"Nanopore","rabvSEasia",NA,"Minion","FAT89919",NA,"Amplicon","barcode76",NA,"Single run",NA,"22835","22835","1031.598475","530.3200312","926","0","2574","11733","11678","11676","11672","No","PP858749",97.1840429098223,"4B-23-06__run12_23__instance1.fasta",NA,NA,NA,NA,NA,NA,NA,"Unknown","PHL: Philippines",NA,NA,NA,NA,NA,NA,NA,"RITM",NA
"4B-23-07",NA,NA,"Canis familiaris",NA,2023-02-07,NA,"Concepcion Sur","Santa Maria","Romblon","Southwestern Tagalog Region",12.40310216,122.0836566,"phd",NA,NA,NA,"1","run12_23","1","8/3/23","RITM",NA,NA,"Nanopore","rabvSEasia",NA,"Minion","FAT89919",NA,"Amplicon","barcode77",NA,"Single run",NA,"21344","21344","883.6055146","488.8536643","784","0","2122","11886","11777","11677","11671","No","PP858755",97.1840429098223,"4B-23-07__run12_23__instance1.fasta",NA,NA,NA,NA,NA,NA,NA,"Unknown","PHL: Philippines",NA,NA,NA,NA,NA,NA,NA,"RITM",NA
"4B-23-11",NA,NA,"Canis familiaris",NA,2023-02-07,NA,"Jun Carlo","San Andres","Romblon","Southwestern Tagalog Region",12.53642104,122.0469478,"phd",NA,NA,NA,"1","run12_23","1","8/3/23","RITM",NA,NA,"Nanopore","rabvSEasia",NA,"Minion","FAT89919",NA,"Amplicon","barcode78",NA,"Single run",NA,"97843","97843","4284.652447","1887.091052","4294","0","9284","11894","11866","11712","11676","No","PP858763",97.1840429098223,"4B-23-11__run12_23__instance1.fasta",NA,NA,NA,NA,NA,NA,NA,"Unknown","PHL: Philippines",NA,NA,NA,NA,NA,NA,NA,"RITM",NA
"4B-23-12",NA,NA,"Canis familiaris",NA,2023-02-14,NA,"Concepcion Norte","Santa Maria","Romblon","Southwestern Tagalog Region",12.40310216,122.0836566,"phd",NA,NA,NA,"1","run12_23","1","8/3/23","RITM",NA,NA,"Nanopore","rabvSEasia",NA,"Minion","FAT89919",NA,"Amplicon","barcode79",NA,"Single run",NA,"5356","5356","209.0664599","95.58894212","208","0","473","11881","11677","11676","9940","No","PP858757",97.1589004358029,"4B-23-12__run12_23__instance1.fasta",NA,NA,NA,NA,NA,NA,NA,"Unknown","PHL: Philippines",NA,NA,NA,NA,NA,NA,NA,"RITM",NA
"4B-23-13",NA,NA,"Canis familiaris",NA,2023-02-09,NA,"Rizal","Odiongan","Romblon","Southwestern Tagalog Region",12.39865996,122.0177701,"phd",NA,NA,NA,"1","run12_23","1","8/3/23","RITM",NA,NA,"Nanopore","rabvSEasia",NA,"Minion","FAT89919",NA,"Amplicon","barcode80",NA,"Single run",NA,"72962","72962","2447.54534","1698.6457","2115.5","0","7764","11814","11716","11681","11488","No","PP858758",97.2008045591686,"4B-23-13__run12_23__instance1.fasta",NA,NA,NA,NA,NA,NA,NA,"Unknown","PHL: Philippines",NA,NA,NA,NA,NA,NA,NA,"RITM",NA
"4B-23-15",NA,NA,"Canis familiaris",NA,2023-02-16,NA,"Poctoy","Odiongan","Romblon","Southwestern Tagalog Region",12.39865996,122.0177701,"phd",NA,NA,NA,"1","run12_23","1","8/3/23","RITM",NA,NA,"Nanopore","rabvSEasia",NA,"Minion","FAT89919",NA,"Amplicon","barcode81",NA,"Single run",NA,"68151","68151","2674.935049","1361.523071","2493","0","6541","11895","11783","11681","11676","No","PP858760",97.1421387864566,"4B-23-15__run12_23__instance1.fasta",NA,NA,NA,NA,NA,NA,NA,"Unknown","PHL: Philippines",NA,NA,NA,NA,NA,NA,NA,"RITM",NA
"4B-23-16",NA,NA,"Canis familiaris",NA,2023-02-28,NA,"Dapawan","Odiongan","Romblon","Southwestern Tagalog Region",12.39865996,122.0177701,"phd",NA,NA,NA,"1","run12_23","1","8/3/23","RITM",NA,NA,"Nanopore","rabvSEasia",NA,"Minion","FAT89919",NA,"Amplicon","barcode82",NA,"Single run",NA,"79568","79568","3032.704911","1580.393229","2876.5","0","7403","11892","11789","11708","11675","No","PP858768",97.1756620851492,"4B-23-16__run12_23__instance1.fasta",NA,NA,NA,NA,NA,NA,NA,"Unknown","PHL: Philippines",NA,NA,NA,NA,NA,NA,NA,"RITM",NA
"4B-23-17",NA,NA,"Canis familiaris",NA,2023-03-01,NA,"Poctoy","Odiongan","Romblon","Southwestern Tagalog Region",12.39865996,122.0177701,"phd",NA,NA,NA,"1","run12_23","1","8/3/23","RITM",NA,NA,"Nanopore","rabvSEasia",NA,"Minion","FAT89919",NA,"Amplicon","barcode83",NA,"Single run",NA,"54399","54399","3176.05171","1174.478951","3170","0","6162","11898","11782","11677","11676","No","PP858774",97.1589004358029,"4B-23-17__run12_23__instance1.fasta",NA,NA,NA,NA,NA,NA,NA,"Unknown","PHL: Philippines",NA,NA,NA,NA,NA,NA,NA,"RITM",NA
"4B-23-19",NA,NA,"Canis familiaris",NA,2023-03-01,NA,"Mahabang Baybay","San Agustin","Romblon","Southwestern Tagalog Region",12.55403552,122.1124048,"phd",NA,NA,NA,"1","run12_23","1","8/3/23","RITM",NA,NA,"Nanopore","rabvSEasia",NA,"Minion","FAT89919",NA,"Amplicon","barcode84",NA,"Single run",NA,"99762","99762","3882.936557","2003.076178","3842.5","0","9493","11890","11780","11686","11676","No","PP858756",97.167281260476,"4B-23-19__run12_23__instance1.fasta",NA,NA,NA,NA,NA,NA,NA,"Unknown","PHL: Philippines",NA,NA,NA,NA,NA,NA,NA,"RITM",NA
"H-23-011Sk_12",NA,NA,"Homo sapiens",NA,2023-02-02,NA,"Concepcion Sur","Santa Maria","Romblon","Southwestern Tagalog Region",12.40310216,122.0836566,"phd",NA,NA,NA,"1","run12_23","1","8/3/23","RITM",NA,NA,"Nanopore","rabvSEasia",NA,"Minion","FAT89919",NA,"Amplicon","barcode92",NA,"Single run",NA,"19329","19329","626.5606772","537.1848781","543","0","2432","11206","11174","10734","9251","No","PP858762",88.0992289641301,"H-23-011Sk_12__run12_23__instance1.fasta",NA,NA,NA,NA,NA,NA,NA,"Unknown","PHL: Philippines",NA,NA,NA,NA,NA,NA,NA,"RITM",NA
"Z-22-103",NA,NA,"Canis familiaris",NA,2022-11-21,NA,"Paroyhog","Santa Maria","Romblon","Southwestern Tagalog Region",12.40310216,122.0836566,"phd",NA,NA,NA,"1","run5_22","1","11/12/22","RITM",NA,NA,"Nanopore","rabvSEasia",NA,"Minion","FAU03787",NA,"Amplicon","barcode71",NA,"Single run",NA,"44564","44564","2457.108699","990.3865856","2418","0","4950","11699","11678","11676","11676","No","PP858759",97.1840429098223,"Z-22-103__run5_22__instance1.fasta",NA,NA,NA,NA,NA,NA,NA,"Unknown","PHL: Philippines",NA,NA,NA,NA,NA,NA,NA,"RITM",NA
"Z-22-119",NA,NA,"Canis familiaris",NA,2022-12-28,NA,"Tulay","Odiongan","Romblon","Southwestern Tagalog Region",12.39865996,122.0177701,"phd",NA,NA,NA,"1","run10_23","1","2/3/23","RITM",NA,NA,"Nanopore","rabvSEasia",NA,"Minion","FAU43074",NA,"Amplicon","barcode18",NA,"Single run",NA,"42662","42662","1432.834311","847.1675469","1333","0","3699","11879","11679","11676","11498","No","PP858751",97.0667113643983,"Z-22-119__run10_23__instance1.fasta",NA,NA,NA,NA,NA,NA,NA,"Unknown","PHL: Philippines",NA,NA,NA,NA,NA,NA,NA,"RITM",NA
"Z-22-121",NA,NA,"Canis familiaris",NA,2022-12-19,NA,"Carmen","San Agustin","Romblon","Southwestern Tagalog Region",12.55403552,122.1124048,"phd",NA,NA,NA,"1","run10_23","1","2/3/23","RITM",NA,NA,"Nanopore","rabvSEasia",NA,"Minion","FAU43074",NA,"Amplicon","barcode19",NA,"Single run",NA,"23961","23961","755.3421053","615.4483711","683.5","0","2963","11370","10907","10896","9932","No","PP858766",90.0351994636272,"Z-22-121__run10_230__instance1.fasta",NA,NA,NA,NA,NA,NA,NA,"Unknown","PHL: Philippines",NA,NA,NA,NA,NA,NA,NA,"RITM",NA
