"ID","n_N","n_gap","length","year","lineage","previous"
"OQ326754",0,585,11800,"2018","Asian SEA4_A1",NA
"OQ326753",0,585,11800,"2018","Asian SEA4_A1",NA
"OQ326752",0,585,11800,"2018","Asian SEA4_A1",NA
"OQ326751",0,585,11800,"2018","Asian SEA4_A1",NA
"OQ326750",0,585,11800,"2018","Asian SEA4_A1",NA
"OQ326749",0,585,11800,"2018","Asian SEA4_A1",NA
"OQ326748",0,585,11800,"2018","Asian SEA4_A1",NA
"OQ326747",0,585,11800,"2018","Asian SEA4_A1",NA
"OQ326746",0,585,11800,"2018","Asian SEA4_A1",NA
"OQ326745",0,585,11800,"2018","Asian SEA4_A1",NA
"OQ326744",0,585,11800,"2018","Asian SEA4_A1",NA
"OQ326743",0,585,11800,"2018","Asian SEA4_A1",NA
"OQ326742",0,585,11800,"2018","Asian SEA4_A1",NA
"OQ326741",0,585,11800,"2019","Asian SEA4_A1",NA
"OQ326740",0,585,11800,"2019","Asian SEA4_A1",NA
"OQ326739",0,585,11800,"2019","Asian SEA4_A1",NA
"OQ326738",0,585,11800,"2018","Asian SEA4_A1",NA
"OQ326737",0,585,11800,"2018","Asian SEA4_A1",NA
"OQ326736",0,585,11800,"2018","Asian SEA4_A1",NA
"OR971444",0,458,11927,"2022","Asian SEA4_A1.2",NA
"OR971443",0,458,11927,"2022","Asian SEA4_A1.2",NA
"OR971442",0,458,11927,"2022","Asian SEA4_C1.1.1",NA
"OR971441",0,458,11927,"2022","Asian SEA4_C1",NA
"OR971440",0,458,11927,"2022","Asian SEA4_A1.2",NA
"OR971439",0,458,11927,"2022","Asian SEA4_A1.2",NA
"OR971438",0,458,11927,"2021","Asian SEA4_A1.2",NA
"OR971437",0,458,11927,"2021","Asian SEA4_C1",NA
"OR971436",0,458,11927,"2021","Asian SEA4_A1.2",NA
"OR971435",0,458,11927,"2021","Asian SEA4_A1.2",NA
"OR971434",0,458,11927,"2021","Asian SEA4_C1.1.1",NA
"OR971433",0,458,11927,"2021","Asian SEA4_C1.1.1",NA
"OR971432",0,458,11927,"2021","Asian SEA4_C1.1",NA
"OR971431",0,458,11927,"2021","Asian SEA4_A1.2",NA
"OR971430",0,458,11927,"2021","Asian SEA4_C1.1.1",NA
"OR971429",0,458,11927,"2021","Asian SEA4_B1.1.1",NA
"OR971428",0,457,11928,"2021","Asian SEA4_A1.2",NA
"OR971427",0,458,11927,"2021","Asian SEA4_C1.1.1",NA
"OR971426",0,458,11927,"2021","Asian SEA4_B1.1.1",NA
"OR971425",0,458,11927,"2021","Asian SEA4_A1.2",NA
"OR971424",0,458,11927,"2021","Asian SEA4_A1.2",NA
"OR971423",0,458,11927,"2021","Asian SEA4_A1.2",NA
"OR971422",0,458,11927,"2021","Asian SEA4_C1",NA
"OR971421",0,458,11927,"2021","Asian SEA4_A1.2",NA
"OR971420",0,458,11927,"2021","Asian SEA4_A1.2",NA
"OR971419",0,458,11927,"2021","Asian SEA4_A1.2",NA
"OR971418",0,463,11922,"2021","Asian SEA4_A1.2",NA
"OR971417",0,463,11922,"2021","Asian SEA4_C1.1.1",NA
"OR971416",0,463,11922,"2021","Asian SEA4_A1.2",NA
"OR971415",0,463,11922,"2021","Asian SEA4_B1.1.1",NA
"OR971414",0,463,11922,"2021","Asian SEA4_C1.1.1",NA
"OR971413",0,463,11922,"2021","Asian SEA4_A1.2",NA
"OR971412",0,463,11922,"2021","Asian SEA4_C1.1.1",NA
"OR971411",0,458,11927,"2019","Asian SEA4_A1.2",NA
"OR971409",0,458,11927,"2019","Asian SEA4_A1.2",NA
"OR971408",0,458,11927,"2019","Asian SEA4_A1.2",NA
"OR971407",0,461,11924,"2021","Asian SEA4_A1.2",NA
"OR971406",0,461,11924,"2021","Asian SEA4_A1",NA
"OR971405",0,458,11927,"2021","Asian SEA4_A1.2",NA
"OR971404",0,462,11923,"2021","Asian SEA4_A1",NA
"OR971403",0,458,11927,"2021","Asian SEA4_C1.1.1",NA
"OR971402",0,462,11923,"2021","Asian SEA4_A1",NA
"OR971401",0,458,11927,"2021","Asian SEA4_C1.1.1",NA
"OR971400",0,462,11923,"2021","Asian SEA4_A1",NA
"OR971399",0,461,11924,"2019","Asian SEA4_A1",NA
"OR971398",0,461,11924,"2019","Asian SEA4_A1",NA
"OR971397",0,461,11924,"2019","Asian SEA4_B1.1",NA
"OR971396",0,461,11924,"2019","Asian SEA4_A1",NA
"OR971395",0,461,11924,"2019","Asian SEA4_B1.1",NA
"OQ326784",0,585,11800,"2018","Asian SEA4_A1",NA
"OQ326783",0,585,11800,"2018","Asian SEA4_A1",NA
"OQ326782",0,585,11800,"2018","Asian SEA4_A1",NA
"OQ326781",0,585,11800,"2018","Asian SEA4_A1",NA
"OQ326780",0,585,11800,"2018","Asian SEA4_A1",NA
"OQ326779",0,585,11800,"2018","Asian SEA4_A1",NA
"OQ326778",0,585,11800,"2018","Asian SEA4_A1",NA
"OQ326777",0,585,11800,"2018","Asian SEA4_A1",NA
"OQ326776",0,585,11800,"2018","Asian SEA4_A1",NA
"OQ326775",0,585,11800,"2018","Asian SEA4_A1",NA
"OQ326774",0,585,11800,"2018","Asian SEA4_A1",NA
"OQ326773",0,585,11800,"2018","Asian SEA4_A1",NA
"OQ326772",0,585,11800,"2018","Asian SEA4_A1",NA
"OQ326771",0,585,11800,"2018","Asian SEA4_A1",NA
"OQ326770",0,585,11800,"2019","Asian SEA4_A1",NA
"OQ326769",0,585,11800,"2018","Asian SEA4_A1",NA
"OQ326768",0,585,11800,"2018","Asian SEA4_A1",NA
"OQ326767",0,585,11800,"2018","Asian SEA4_A1",NA
"OQ326766",0,585,11800,"2018","Asian SEA4_A1",NA
"OQ326765",0,585,11800,"2019","Asian SEA4_A1",NA
"OQ326764",0,585,11800,"2018","Asian SEA4_A1",NA
"OQ326763",0,585,11800,"2019","Asian SEA4_A1",NA
"OQ326762",0,585,11800,"2018","Asian SEA4_A1",NA
"OQ326761",0,585,11800,"2018","Asian SEA4_A1",NA
"OQ326760",0,585,11800,"2018","Asian SEA4_A1",NA
"OQ326759",0,585,11800,"2018","Asian SEA4_A1",NA
"OQ326758",0,585,11800,"2018","Asian SEA4_A1",NA
"OQ326757",0,585,11800,"2018","Asian SEA4_A1",NA
"OQ326756",0,585,11800,"2018","Asian SEA4_A1",NA
"OQ326755",0,585,11800,"2018","Asian SEA4_A1",NA
"OR971544",0,457,11928,"2021","Asian SEA4_A1",NA
"OR971543",0,460,11925,"2021","Asian SEA4_B1.1.1",NA
"OR971542",0,457,11928,"2021","Asian SEA4_A1",NA
"OR971541",0,457,11928,"2021","Asian SEA4_A1",NA
"OR971540",0,457,11928,"2021","Asian SEA4_A1",NA
"OR971539",0,457,11928,"2019","Asian SEA4_A1",NA
"OR971538",0,457,11928,"2019","Asian SEA4_A1",NA
"OR971537",0,457,11928,"2019","Asian SEA4_A1",NA
"OR971536",0,457,11928,"2019","Asian SEA4_A1",NA
"OR971535",0,457,11928,"2019","Asian SEA4_A1",NA
"OR971534",0,463,11922,"2019","Asian SEA4_B1.1.1",NA
"OR971533",0,461,11924,"2021","Asian SEA4_A1.2",NA
"OR971532",0,461,11924,"2021","Asian SEA4_A1.2",NA
"OR971531",0,461,11924,"2021","Asian SEA4_A1.2",NA
"OR971530",0,461,11924,"2021","Asian SEA4_A1.2",NA
"OR971529",0,461,11924,"2021","Asian SEA4_A1.2",NA
"OR971528",0,460,11925,"2021","Asian SEA4_A1.2",NA
"OR971527",0,461,11924,"2021","Asian SEA4_A1.2",NA
"OR971526",0,461,11924,"2021","Asian SEA4_A1.2",NA
"OR971525",0,461,11924,"2021","Asian SEA4_A1.2",NA
"OR971524",0,461,11924,"2021","Asian SEA4_A1.2",NA
"OR971523",0,463,11922,"2021","Asian SEA4_A1.2",NA
"OR971522",0,461,11924,"2021","Asian SEA4_A1.2",NA
"OR971521",0,461,11924,"2021","Asian SEA4_A1.2",NA
"OR971520",0,461,11924,"2021","Asian SEA4_A1.2",NA
"OR971519",0,461,11924,"2021","Asian SEA4_A1.2",NA
"OR971518",0,461,11924,"2021","Asian SEA4_A1.2",NA
"OR971517",0,461,11924,"2021","Asian SEA4_A1.2",NA
"OR971516",0,461,11924,"2021","Asian SEA4_A1.2",NA
"OR971515",0,461,11924,"2021","Asian SEA4_A1.2",NA
"OR971514",0,461,11924,"2021","Asian SEA4_A1.2",NA
"OR971513",0,461,11924,"2021","Asian SEA4_A1.2",NA
"OR971512",0,461,11924,"2021","Asian SEA4_A1.2",NA
"OR971511",0,461,11924,"2021","Asian SEA4_A1.2",NA
"OR971510",0,461,11924,"2021","Asian SEA4_A1.2",NA
"OR971509",0,461,11924,"2021","Asian SEA4_A1.2",NA
"OR971508",0,461,11924,"2021","Asian SEA4_A1.2",NA
"OR971507",0,461,11924,"2021","Asian SEA4_A1.2",NA
"OR971506",0,461,11924,"2019","Asian SEA4_A1.2",NA
"OR971505",0,461,11924,"2018","Asian SEA4_A1.2",NA
"OR971504",0,461,11924,"2018","Asian SEA4_A1.2",NA
"OR971503",0,461,11924,"2018","Asian SEA4_A1.2",NA
"OR971502",0,461,11924,"2018","Asian SEA4_A1.2",NA
"OR971501",0,461,11924,"2018","Asian SEA4_A1.2",NA
"OR971500",0,461,11924,"2018","Asian SEA4_A1.2",NA
"OR971499",0,461,11924,"2018","Asian SEA4_A1.2",NA
"OR971498",0,461,11924,"2018","Asian SEA4_A1.2",NA
"OR971497",0,458,11927,"2022","Asian SEA4_A1.1.2",NA
"OR971496",0,458,11927,"2022","Asian SEA4_A1.1.2",NA
"OR971495",0,458,11927,"2022","Asian SEA4_A1.1.2",NA
"OR971344",0,459,11926,"2022","Asian SEA4_A1.1.2",NA
"OR971343",0,459,11926,"2022","Asian SEA4_A1.1.2",NA
"OR971342",0,461,11924,"2022","Asian SEA4_A1",NA
"OR971341",0,459,11926,"2022","Asian SEA4_A1.1.2",NA
"OR971340",0,459,11926,"2021","Asian SEA4_A1.1.2",NA
"OR971339",0,459,11926,"2021","Asian SEA4_A1.1.2",NA
"OR971338",0,463,11922,"2021","Asian SEA4_C1.1",NA
"OR971337",0,459,11926,"2021","Asian SEA4_A1.1.2",NA
"OR971336",0,459,11926,"2021","Asian SEA4_A1.1.2",NA
"OR971335",0,463,11922,"2021","Asian SEA4_C1",NA
"OR971334",0,459,11926,"2021","Asian SEA4_A1.1.2",NA
"OR971333",0,461,11924,"2021","Asian SEA4_A1",NA
"OR971332",0,461,11924,"2021","Asian SEA4_A1",NA
"OR971331",0,459,11926,"2021","Asian SEA4_A1.1.2",NA
"OR971330",0,459,11926,"2021","Asian SEA4_A1.1.2",NA
"OR971329",0,463,11922,"2019","Asian SEA4_A1.2",NA
"OR971328",0,459,11926,"2019","Asian SEA4_A1.1.2",NA
"OR971327",0,460,11925,"2019","Asian SEA4_A1",NA
"OR971326",0,459,11926,"2019","Asian SEA4_A1.1.2",NA
"OR971325",0,461,11924,"2019","Asian SEA4_A1",NA
"OR971324",0,458,11927,"2019","Asian SEA4_A1.1.2",NA
"OR971323",0,460,11925,"2019","Asian SEA4_A1",NA
"OR971644",0,460,11925,"2019","Asian SEA4_A1",NA
"OR971643",0,460,11925,"2019","Asian SEA4_A1",NA
"OR971642",0,460,11925,"2019","Asian SEA4_A1",NA
"OR971641",0,460,11925,"2019","Asian SEA4_A1",NA
"OR971640",0,458,11927,"2022","Asian SEA4_A1",NA
"OR971639",0,460,11925,"2022","Asian SEA4_A1",NA
"OR971638",0,461,11924,"2022","Asian SEA4_A1",NA
"OR971637",0,461,11924,"2022","Asian SEA4_A1",NA
"OR971636",0,458,11927,"2022","Asian SEA4_A1",NA
"OR971635",0,459,11926,"2022","Asian SEA4_A1",NA
"OR971634",0,459,11926,"2022","Asian SEA4_A1",NA
"OR971633",0,458,11927,"2022","Asian SEA4_A1",NA
"OR971632",0,461,11924,"2022","Asian SEA4_A1",NA
"OR971631",0,461,11924,"2022","Asian SEA4_A1",NA
"OR971630",0,461,11924,"2022","Asian SEA4_A1",NA
"OR971629",0,459,11926,"2021","Asian SEA4_A1",NA
"OR971628",0,460,11925,"2021","Asian SEA4_A1",NA
"OR971627",0,457,11928,"2021","Asian SEA4_A1",NA
"OR971626",0,460,11925,"2021","Asian SEA4_A1",NA
"OR971625",0,460,11925,"2021","Asian SEA4_A1",NA
"OR971624",0,461,11924,"2021","Asian SEA4_A1",NA
"OR971623",0,461,11924,"2021","Asian SEA4_A1",NA
"OR971622",0,459,11926,"2021","Asian SEA4_A1",NA
"OR971621",0,460,11925,"2021","Asian SEA4_A1",NA
"OR971620",0,461,11924,"2021","Asian SEA4_A1",NA
"OR971619",0,459,11926,"2021","Asian SEA4_A1",NA
"OR971618",0,459,11926,"2021","Asian SEA4_A1",NA
"OR971617",0,460,11925,"2021","Asian SEA4_A1",NA
"OR971616",0,460,11925,"2021","Asian SEA4_A1",NA
"OR971615",0,460,11925,"2019","Asian SEA4_A1",NA
"OR971614",0,460,11925,"2019","Asian SEA4_A1",NA
"OR971613",0,461,11924,"2019","Asian SEA4_A1",NA
"OR971612",0,460,11925,"2019","Asian SEA4_A1",NA
"OR971611",0,458,11927,"2019","Asian SEA4_A1",NA
"OR971610",0,460,11925,"2019","Asian SEA4_A1",NA
"OR971609",0,458,11927,"2019","Asian SEA4_A1",NA
"OR971608",0,461,11924,"2019","Asian SEA4_A1",NA
"OR971607",0,461,11924,"2019","Asian SEA4_A1",NA
"OR971606",0,460,11925,"2019","Asian SEA4_A1",NA
"OR971605",0,460,11925,"2019","Asian SEA4_A1",NA
"OR971604",0,459,11926,"2019","Asian SEA4_A1",NA
"OR971603",0,460,11925,"2019","Asian SEA4_A1",NA
"OR971602",0,459,11926,"2019","Asian SEA4_A1",NA
"OR971601",0,460,11925,"2019","Asian SEA4_A1",NA
"OR971600",0,461,11924,"2019","Asian SEA4_A1",NA
"OR971599",0,460,11925,"2021","Asian SEA4_A1",NA
"OR971598",0,457,11928,"2021","Asian SEA4_A1",NA
"OR971597",0,458,11927,"2021","Asian SEA4_A1",NA
"OR971596",0,458,11927,"2021","Asian SEA4_A1",NA
"OR971595",0,458,11927,"2021","Asian SEA4_A1",NA
"OR971594",0,459,11926,"2021","Asian SEA4_A1",NA
"OR971593",0,457,11928,"2021","Asian SEA4_A1",NA
"OR971592",0,461,11924,"2019","Asian SEA4_A1",NA
"OR971591",0,463,11922,"2021","Asian SEA4_A1",NA
"OR971590",0,457,11928,"2021","Asian SEA4_A1",NA
"OR971589",0,457,11928,"2021","Asian SEA4_A1",NA
"OR971588",0,461,11924,"2021","Asian SEA4_A1",NA
"OR971587",0,461,11924,"2021","Asian SEA4_A1",NA
"OR971586",0,457,11928,"2021","Asian SEA4_A1",NA
"OR971585",0,457,11928,"2021","Asian SEA4_A1",NA
"OR971584",0,457,11928,"2021","Asian SEA4_A1",NA
"OR971583",0,457,11928,"-","Asian SEA4_A1",NA
"OR971582",0,457,11928,"-","Asian SEA4_A1",NA
"OR971581",0,457,11928,"-","Asian SEA4_A1",NA
"OR971580",0,457,11928,"-","Asian SEA4_A1",NA
"OR971579",0,457,11928,"-","Asian SEA4_A1",NA
"OR971578",0,457,11928,"-","Asian SEA4_A1",NA
"OR971577",0,462,11923,"2022","Asian SEA4_A1",NA
"OR971576",0,463,11922,"2022","Asian SEA4_A1",NA
"OR971575",0,457,11928,"2022","Asian SEA4_A1",NA
"OR971574",0,461,11924,"2022","Asian SEA4_A1",NA
"OR971573",0,462,11923,"2022","Asian SEA4_A1",NA
"OR971572",0,462,11923,"2022","Asian SEA4_A1",NA
"OR971571",0,457,11928,"2022","Asian SEA4_A1",NA
"OR971570",0,462,11923,"2021","Asian SEA4_A1",NA
"OR971569",0,462,11923,"2021","Asian SEA4_A1",NA
"OR971568",0,457,11928,"2021","Asian SEA4_A1",NA
"OR971567",0,463,11922,"2021","Asian SEA4_A1",NA
"OR971566",0,461,11924,"2021","Asian SEA4_A1",NA
"OR971565",0,462,11923,"2021","Asian SEA4_A1",NA
"OR971564",0,457,11928,"2021","Asian SEA4_A1",NA
"OR971563",0,462,11923,"2021","Asian SEA4_A1",NA
"OR971562",0,457,11928,"2021","Asian SEA4_A1",NA
"OR971561",0,462,11923,"2021","Asian SEA4_A1",NA
"OR971560",0,463,11922,"2021","Asian SEA4_A1",NA
"OR971559",0,457,11928,"2021","Asian SEA4_A1",NA
"OR971558",0,460,11925,"2021","Asian SEA4_A1",NA
"OR971557",0,460,11925,"2021","Asian SEA4_A1",NA
"OR971556",0,460,11925,"2021","Asian SEA4_A1",NA
"OR971555",0,457,11928,"2021","Asian SEA4_A1",NA
"OR971554",0,457,11928,"2021","Asian SEA4_A1",NA
"OR971553",0,457,11928,"2021","Asian SEA4_A1",NA
"OR971552",0,457,11928,"2021","Asian SEA4_A1",NA
"OR971551",0,457,11928,"2021","Asian SEA4_A1",NA
"OR971550",0,457,11928,"2021","Asian SEA4_A1",NA
"OR971549",0,457,11928,"2021","Asian SEA4_A1",NA
"OR971548",0,457,11928,"2021","Asian SEA4_A1",NA
"OR971547",0,457,11928,"2021","Asian SEA4_A1",NA
"OR971546",0,457,11928,"2021","Asian SEA4_A1",NA
"OR971545",0,457,11928,"2021","Asian SEA4_A1",NA
"OR971494",0,458,11927,"2022","Asian SEA4_A1.1.2",NA
"OR971493",0,459,11926,"2022","Asian SEA4_A1.1.2",NA
"OR971492",0,459,11926,"2022","Asian SEA4_A1.1.2",NA
"OR971491",0,458,11927,"2022","Asian SEA4_A1.1.2",NA
"OR971490",0,459,11926,"2022","Asian SEA4_A1.1.2",NA
"OR971489",0,459,11926,"2022","Asian SEA4_A1.1.2",NA
"OR971488",0,458,11927,"2021","Asian SEA4_A1.1.2",NA
"OR971487",0,458,11927,"2021","Asian SEA4_A1.1.2",NA
"OR971486",0,458,11927,"2021","Asian SEA4_A1.1.2",NA
"OR971485",0,458,11927,"2021","Asian SEA4_A1.1.2",NA
"OR971484",0,458,11927,"2021","Asian SEA4_A1.1.2",NA
"OR971483",0,458,11927,"2019","Asian SEA4_B1.1.1",NA
"OR971482",0,458,11927,"2022","Asian SEA4_A1.1.2",NA
"OR971481",0,458,11927,"2022","Asian SEA4_A1.1.2",NA
"OR971480",0,457,11928,"2022","Asian SEA4_A1.1.2",NA
"OR971479",0,458,11927,"2022","Asian SEA4_A1.2",NA
"OR971478",0,458,11927,"2022","Asian SEA4_A1.1.2",NA
"OR971477",0,458,11927,"2022","Asian SEA4_A1.1.2",NA
"OR971476",0,457,11928,"2022","Asian SEA4_A1.1.2",NA
"OR971475",0,458,11927,"2022","Asian SEA4_A1.1.2",NA
"OR971474",0,458,11927,"2022","Asian SEA4_A1.2",NA
"OR971473",0,458,11927,"2022","Asian SEA4_A1.1.2",NA
"OR971472",0,458,11927,"2022","Asian SEA4_A1.1.2",NA
"OR971471",0,458,11927,"2022","Asian SEA4_A1.1.2",NA
"OR971470",0,458,11927,"2022","Asian SEA4_A1.1.2",NA
"OR971469",0,458,11927,"2021","Asian SEA4_A1.2",NA
"OR971468",0,458,11927,"2021","Asian SEA4_A1.2",NA
"OR971467",0,458,11927,"2021","Asian SEA4_A1.2",NA
"OR971466",0,458,11927,"2021","Asian SEA4_A1.2",NA
"OR971465",0,458,11927,"2021","Asian SEA4_A1.2",NA
"OR971464",0,458,11927,"2021","Asian SEA4_B1.1.1",NA
"OR971463",0,458,11927,"2021","Asian SEA4_A1.1",NA
"OR971462",0,458,11927,"2021","Asian SEA4_A1.2",NA
"OR971461",0,458,11927,"2021","Asian SEA4_A1.1.2",NA
"OR971460",0,458,11927,"2021","Asian SEA4_A1.1.2",NA
"OR971459",0,457,11928,"2020","Asian SEA4_A1.1",NA
"OR971458",0,461,11924,"2020","Asian SEA4_B1.1.1",NA
"OR971457",0,463,11922,"2020","Asian SEA4_B1.1.1",NA
"OR971456",0,463,11922,"2019","Asian SEA4_A1.2",NA
"OR971455",0,463,11922,"2019","Asian SEA4_A1.2",NA
"OR971454",0,461,11924,"2019","Asian SEA4_B1.1.1",NA
"OR971453",0,459,11926,"2019","Asian SEA4_A1.1.2",NA
"OR971452",0,463,11922,"2019","Asian SEA4_A1.2",NA
"OR971451",0,463,11922,"2019","Asian SEA4_A1.2",NA
"OR971450",0,461,11924,"2019","Asian SEA4_A1.2",NA
"OR971449",0,459,11926,"2019","Asian SEA4_A1.1.2",NA
"OR971448",0,458,11927,"2019","Asian SEA4_A1",NA
"OR971447",0,459,11926,"2019","Asian SEA4_A1.1.2",NA
"OR971446",0,458,11927,"2022","Asian SEA4_A1.2",NA
"OR971445",0,458,11927,"2022","Asian SEA4_A1.2",NA
"OR971394",0,461,11924,"2019","Asian SEA4_A1",NA
"OR971393",0,461,11924,"2019","Asian SEA4_A1",NA
"OR971392",0,458,11927,"2022","Asian SEA4_B1",NA
"OR971391",0,458,11927,"2022","Asian SEA4_A1.2",NA
"OR971390",0,458,11927,"2022","Asian SEA4_B1",NA
"OR971389",0,463,11922,"2021","Asian SEA4_A1.2",NA
"OR971388",0,459,11926,"2021","Asian SEA4_A1.1.2",NA
"OR971387",0,461,11924,"2021","Asian SEA4_A1.2",NA
"OR971386",0,461,11924,"2021","Asian SEA4_A1.2",NA
"OR971385",0,459,11926,"2019","Asian SEA4_A1.1.2",NA
"OR971384",0,461,11924,"2019","Asian SEA4_A1.2",NA
"OR971383",0,461,11924,"2019","Asian SEA4_A1.2",NA
"OR971382",0,461,11924,"2019","Asian SEA4_A1.2",NA
"OR971381",0,459,11926,"2019","Asian SEA4_B1",NA
"OR971380",0,458,11927,"2022","Asian SEA4_A1.2",NA
"OR971379",0,458,11927,"2022","Asian SEA4_A1.2",NA
"OR971378",0,458,11927,"2022","Asian SEA4_A1.1.2",NA
"OR971377",0,458,11927,"2022","Asian SEA4_A1.2",NA
"OR971376",0,458,11927,"2022","Asian SEA4_B1.1.1",NA
"OR971375",0,458,11927,"2022","Asian SEA4_B1.1.1",NA
"OR971374",0,458,11927,"2022","Asian SEA4_A1.2",NA
"OR971373",0,458,11927,"2022","Asian SEA4_A1.2",NA
"OR971372",0,458,11927,"2022","Asian SEA4_A1.2",NA
"OR971371",0,457,11928,"2022","Asian SEA4_A1.2",NA
"OR971370",0,458,11927,"2022","Asian SEA4_A1.1.2",NA
"OR971369",0,458,11927,"2022","Asian SEA4_A1.2",NA
"OR971368",0,458,11927,"2022","Asian SEA4_A1.2",NA
"OR971367",0,458,11927,"2022","Asian SEA4_A1.2",NA
"OR971366",0,458,11927,"2022","Asian SEA4_A1.2",NA
"OR971365",0,458,11927,"2022","Asian SEA4_A1.2",NA
"OR971364",0,458,11927,"2022","Asian SEA4_A1.2",NA
"OR971363",0,458,11927,"2022","Asian SEA4_A1.2",NA
"OR971362",0,458,11927,"2022","Asian SEA4_A1.2",NA
"OR971361",0,458,11927,"2022","Asian SEA4_A1.2",NA
"OR971360",0,457,11928,"2021","Asian SEA4_A1.2",NA
"OR971359",0,458,11927,"2021","Asian SEA4_A1.2",NA
"OR971358",0,458,11927,"2021","Asian SEA4_A1.1.2",NA
"OR971357",0,458,11927,"2021","Asian SEA4_A1.2",NA
"OR971356",0,458,11927,"2020","Asian SEA4_B1.1.1",NA
"OR971355",0,458,11927,"2020","Asian SEA4_A1.2",NA
"OR971354",0,459,11926,"2020","Asian SEA4_A1.2",NA
"OR971353",0,459,11926,"2020","Asian SEA4_A1.1.2",NA
"OR971352",0,461,11924,"2020","Asian SEA4_A1.2",NA
"OR971351",0,461,11924,"2020","Asian SEA4_A1.2",NA
"OR971350",0,461,11924,"2020","Asian SEA4_A1.2",NA
"OR971349",0,463,11922,"2019","Asian SEA4_A1.2",NA
"OR971348",0,463,11922,"2019","Asian SEA4_A1.2",NA
"OR971347",0,461,11924,"2019","Asian SEA4_A1.2",NA
"OR971346",0,459,11926,"2022","Asian SEA4_A1.1.2",NA
"OR971345",0,461,11924,"2022","Asian SEA4_A1",NA
"OR971675",0,460,11925,"2021","Asian SEA4_A1",NA
"OR971674",0,460,11925,"2021","Asian SEA4_A1",NA
"OR971673",0,460,11925,"2021","Asian SEA4_A1",NA
"OR971672",0,458,11927,"2021","Asian SEA4_A1",NA
"OR971671",0,460,11925,"2021","Asian SEA4_A1",NA
"OR971670",0,459,11926,"2021","Asian SEA4_A1",NA
"OR971669",0,459,11926,"2021","Asian SEA4_A1",NA
"OR971668",0,459,11926,"2021","Asian SEA4_A1",NA
"OR971667",0,461,11924,"2021","Asian SEA4_A1",NA
"OR971666",0,459,11926,"2021","Asian SEA4_A1",NA
"OR971665",0,459,11926,"2021","Asian SEA4_A1",NA
"OR971664",0,458,11927,"2021","Asian SEA4_A1",NA
"OR971663",0,459,11926,"2021","Asian SEA4_A1",NA
"OR971662",0,457,11928,"2021","Asian SEA4_A1",NA
"OR971661",0,458,11927,"2021","Asian SEA4_A1",NA
"OR971660",0,458,11927,"2021","Asian SEA4_A1",NA
"OR971659",0,458,11927,"2021","Asian SEA4_A1",NA
"OR971658",0,458,11927,"2021","Asian SEA4_A1",NA
"OR971657",0,458,11927,"2021","Asian SEA4_A1",NA
"OR971656",0,460,11925,"2021","Asian SEA4_A1",NA
"OR971655",0,459,11926,"2021","Asian SEA4_A1",NA
"OR971654",0,457,11928,"2021","Asian SEA4_A1",NA
"OR971653",0,460,11925,"2021","Asian SEA4_A1",NA
"OR971652",0,458,11927,"2021","Asian SEA4_A1",NA
"OR971651",0,457,11928,"2021","Asian SEA4_A1",NA
"OR971650",0,460,11925,"2021","Asian SEA4_A1",NA
"OR971649",0,457,11928,"2019","Asian SEA4_A1",NA
"OR971648",0,460,11925,"2019","Asian SEA4_A1",NA
"OR971647",0,458,11927,"2019","Asian SEA4_A1",NA
"OR971646",0,460,11925,"2019","Asian SEA4_A1",NA
"OR971645",0,458,11927,"2019","Asian SEA4_A1",NA
"14",335,453,11597,"2019","Asian SEA4_A1.2",NA
"153",326,453,11606,"2018","Asian SEA4_B1",NA
"19-30",333,453,11599,"2019","Asian SEA4_A1.2",NA
"19-40",124,453,11808,"2019","Asian SEA4_A1.2",NA
"4A-22-104",332,453,11600,"2022","Asian SEA4_A1.2",NA
"4A-22-171",326,453,11606,"2022","Asian SEA4_A1.1.2",NA
"4A-22-203",662,453,11270,"2022","Asian SEA4_A1.1.2",NA
"4A-22-40",138,453,11794,"2022","Asian SEA4_A1.1.2",NA
"4A-22-98",131,453,11801,"2022","Asian SEA4_A1.1.2",NA
"4B-21-126",135,453,11797,"2021","Asian SEA4_A1.1.2",NA
"4B-21-29",132,453,11800,"2021","Asian SEA4_A1.1.2",NA
"4B-21-310",332,453,11600,"2021","Asian SEA4_A1.1.2",NA
"4B-21-35",330,453,11602,"2021","Asian SEA4_A1.1.2",NA
"4B-21-412",124,453,11808,"2021","Asian SEA4_A1.1.2",NA
"4B-21-421",132,453,11800,"2021","Asian SEA4_A1.1.2",NA
"4B-21-423",335,453,11597,"2021","Asian SEA4_A1.1.2",NA
"4B-21-528",122,453,11810,"2021","Asian SEA4_A1.1.2",NA
"4B-21622",143,453,11789,"2022","Asian SEA4_A1.1.2",NA
"4B-22-114",131,453,11801,"2022","Asian SEA4_A1.1.2",NA
"4B-22-13",345,453,11587,"2022","Asian SEA4_A1.1.2",NA
"4B-22-15",124,453,11808,"2022","Asian SEA4_A1.1.2",NA
"4B-22-16",361,453,11571,"2022","Asian SEA4_A1.1.2",NA
"4B-22-17",338,453,11594,"2022","Asian SEA4_A1.1.2",NA
"4B-22-20",362,453,11570,"2022","Asian SEA4_A1.1.2",NA
"4B-22-21",375,453,11557,"2022","Asian SEA4_A1.1.2",NA
"4B-22-28",325,453,11607,"2022","Asian SEA4_A1.1.2",NA
"4B-22-30",460,453,11472,"2022","Asian SEA4_A1.1.2",NA
"4B-22-31",340,453,11592,"2022","Asian SEA4_A1.1.2",NA
"4B-22-35",339,453,11593,"2022","Asian SEA4_A1.1.2",NA
"4B-22-37",331,453,11601,"2022","Asian SEA4_A1.2",NA
"4B-22-39",328,453,11604,"2022","Asian SEA4_A1.2",NA
"4B-22-40",351,453,11581,"2022","Asian SEA4_A1.1.2",NA
"4B-22-41",649,453,11283,"2022","Asian SEA4_A1.2",NA
"4B-22-42",320,453,11612,"2022","Asian SEA4_A1.2",NA
"4B-22-44",328,453,11604,"2022","Asian SEA4_A1.2",NA
"4B-22-45",332,453,11600,"2022","Asian SEA4_A1.2",NA
"4B-23-01",324,453,11608,"2023","Asian SEA4_A1.2",NA
"4B-23-02",326,453,11606,"2023","Asian SEA4_A1.2",NA
"4B-23-03",116,453,11816,"2023","Asian SEA4_A1.1.2",NA
"4B-23-04",119,453,11813,"2023","Asian SEA4_A1.1.2",NA
"4B-23-05",335,453,11597,"2023","Asian SEA4_A1.2",NA
"4B-23-06",327,453,11605,"2023","Asian SEA4_A1.2",NA
"4B-23-07",327,453,11605,"2023","Asian SEA4_A1.2",NA
"4B-23-11",327,453,11605,"2023","Asian SEA4_A1.2",NA
"4B-23-12",330,453,11602,"2023","Asian SEA4_A1.2",NA
"4B-23-13",325,453,11607,"2023","Asian SEA4_A1.2",NA
"4B-23-15",332,453,11600,"2023","Asian SEA4_A1.2",NA
"4B-23-16",328,453,11604,"2023","Asian SEA4_A1.2",NA
"4B-23-17",330,453,11602,"2023","Asian SEA4_A1.2",NA
"4B-23-19",329,453,11603,"2023","Asian SEA4_A1.2",NA
"4B-2422",328,453,11604,"2022","Asian SEA4_A1.1.2",NA
"4B-2922HM",138,453,11794,"2022","Asian SEA4_A1.1.2",NA
"4B-2922JG",141,453,11791,"2022","Asian SEA4_A1.1.2",NA
"CAR-22-018",339,453,11593,"2022","Asian SEA4_A1",NA
"CAR-22-020",125,453,11807,"2022","Asian SEA4_A1.1.2",NA
"COW",329,453,11603,"-","Asian SEA4_A1.1.2",NA
"GOAT",342,453,11590,"-","Asian SEA4_A1.1.2",NA
"H24-028",516,453,11416,"2024","Asian SEA4_A1",NA
"R1-21-148",329,453,11603,"2021","Asian SEA4_A1.2",NA
"R10-688",363,453,11569,"2021","Asian SEA4_A1",NA
"R10-711",593,453,11339,"2021","Asian SEA4_A1",NA
"R10-714",373,453,11559,"2021","Asian SEA4_A1",NA
"R10-824",447,453,11485,"2021","Asian SEA4_A1",NA
"R10-856",642,453,11290,"2021","Asian SEA4_A1",NA
"R10-907",365,453,11567,"2021","Asian SEA4_A1",NA
"R10-920",351,453,11581,"2021","Asian SEA4_A1",NA
"R10-989",586,453,11346,"2021","Asian SEA4_A1",NA
"R10-990",361,453,11571,"2021","Asian SEA4_A1",NA
"R11-21-61",123,453,11809,"2021","Asian SEA4_A1",NA
"R11-21-63",332,453,11600,"2021","Asian SEA4_A1",NA
"R11-22-001",360,453,11572,"2022","Asian SEA4_A1",NA
"R11-22-002",193,453,11739,"2022","Asian SEA4_A1",NA
"R2-081",332,453,11600,"2020","Asian SEA4_A1",NA
"R2-22-5302",340,453,11592,"2022","Asian SEA4_A1",NA
"R2-22-5814",1103,453,10829,"2022","Asian SEA4_A1",NA
"R2-22-84711",657,453,11275,"2022","Asian SEA4_A1",NA
"R2-22-8924",332,453,11600,"2022","Asian SEA4_A1",NA
"R3-0483",344,453,11588,"2022","Asian SEA4_A1.2",NA
"R3-731",327,453,11605,"2021","Asian SEA4_A1.2",NA
"R5-21-115",128,453,11804,"2021","Asian SEA4_A1.2",NA
"R5-21-119",122,453,11810,"2021","Asian SEA4_A1.2",NA
"R5-21-128",125,453,11807,"2021","Asian SEA4_A1.2",NA
"R5-21-132",124,453,11808,"2021","Asian SEA4_A1.2",NA
"R5-21-136",322,453,11610,"2021","Asian SEA4_A1.2",NA
"R5-21-140",123,453,11809,"2021","Asian SEA4_A1.2",NA
"R5-22-008",327,453,11605,"2022","Asian SEA4_A1.2",NA
"R5-22-09",121,453,11811,"2022","Asian SEA4_A1.2",NA
"R6-21-4343",332,453,11600,"2021","Asian SEA4_A1",NA
"R6-21-4375",350,453,11582,"2021","Asian SEA4_A1",NA
"R6-21-4511",334,450,11601,"2021","Asian SEA4_B1.1.1",NA
"R6-21-4600",337,453,11595,"2021","Asian SEA4_A1",NA
"R6-4342",384,453,11548,"2021","Asian SEA4_A1",NA
"R6-4568",354,453,11578,"2021","Asian SEA4_A1",NA
"R7-21-149",383,453,11549,"2021","Asian SEA4_A1",NA
"R7-21-161",570,453,11362,"2021","Asian SEA4_A1",NA
"R9-010",349,453,11583,"2020","Asian SEA4_A1",NA
"R9-074",338,453,11594,"2021","Asian SEA4_A1",NA
"R9-089",632,453,11300,"2021","Asian SEA4_A1",NA
"R9-105",189,453,11743,"2021","Asian SEA4_A1",NA
"RADDL1-16-153",325,453,11607,"2016","Asian SEA4_B1",NA
"RADDL1-16-154",255,832,11298,"2016","Asian SEA4_A1.1.2",NA
"RADDL1-16-166",566,453,11366,"2016","Asian SEA4_A1.2",NA
"RADDL3-1038",951,732,10702,"2015","Asian SEA4_C1.1",NA
"RADDL3-1045",327,453,11605,"2015","Asian SEA4_B1",NA
"RADDL3-15-172",331,453,11601,"2015","Asian SEA4_B1.1.1",NA
"RADDL3-16-1008",343,453,11589,"2016","Asian SEA4_B1",NA
"RADDL3-16-468",331,453,11601,"2016","Asian SEA4_C1.1",NA
"RADDL3-16-521",329,453,11603,"2016","Asian SEA4_C1.1",NA
"RADDL3-16-627",558,453,11374,"2016","Asian SEA4_B1.1.1",NA
"RADDL3-845",335,453,11597,"2015","Asian SEA4_C1.1.1",NA
"RADDL4B-23-042",130,453,11802,"2023","Asian SEA4_A1.2",NA
"RADDL4B-23-044",119,453,11813,"2023","Asian SEA4_A1.1.2",NA
"RADDL4B-23-045",130,453,11802,"2023","Asian SEA4_A1.2",NA
"RADDL4B-23-046",129,453,11803,"2023","Asian SEA4_A1.1.2",NA
"RADDL4B-23-047",129,453,11803,"2023","Asian SEA4_A1.1.2",NA
"RADDL4B-23-049",123,453,11809,"2023","Asian SEA4_A1.1.2",NA
"RADDL4B-23-052",126,453,11806,"2023","Asian SEA4_A1.2",NA
"RADDL4B-23-056",132,453,11800,"2023","Asian SEA4_A1.2",NA
"RADDL4B-23-057",126,453,11806,"2023","Asian SEA4_A1.1.2",NA
"RADDL4B-23-058",605,453,11327,"2023","Asian SEA4_A1.1.2",NA
"RADDL4B-23-060",330,453,11602,"2023","Asian SEA4_A1.1.2",NA
"RADDL4B-23-061",128,453,11804,"2023","Asian SEA4_A1.1.2",NA
"RADDL4B-23-065",328,453,11604,"2023","Asian SEA4_A1.1.2",NA
"RADDL4B-23-070",128,453,11804,"2023","Asian SEA4_A1.1.2",NA
"RADDL4B-23-072",334,453,11598,"2023","Asian SEA4_A1.1.2",NA
"RADDL4B-23-076",325,453,11607,"2023","Asian SEA4_A1.2",NA
"RADDL4B-23-080",141,453,11791,"2023","Asian SEA4_A1.2",NA
"RADDL4B-23-081",336,453,11596,"2023","Asian SEA4_A1.2",NA
"RADDL4B-23-085",121,453,11811,"2023","Asian SEA4_A1.1.2",NA
"RADDL4B-23-089",576,453,11356,"2023","Asian SEA4_A1.1.2",NA
"RADDL4B-23-090",130,453,11802,"2023","Asian SEA4_A1.1.2",NA
"RADDL4B-23-092",579,453,11353,"2023","Asian SEA4_A1.1.2",NA
"RADDL4B-23-093",125,453,11807,"2023","Asian SEA4_A1.1.2",NA
"RADDL4B-23-094",1009,453,10923,"2023","Asian SEA4_A1.1.2",NA
"RADDL4B-23-095",125,453,11807,"2023","Asian SEA4_A1.1.2",NA
"RADDL4B-23-097",125,453,11807,"2023","Asian SEA4_A1.1.2",NA
"RADDL4B-23-098",126,453,11806,"2023","Asian SEA4_A1.1.2",NA
"RADDL4B-23-099",123,453,11809,"2023","Asian SEA4_A1.1.2",NA
"RADDL4B-23-100",122,453,11810,"2023","Asian SEA4_A1.1.2",NA
"RADDL4B-23-101",127,453,11805,"2023","Asian SEA4_A1.1.2",NA
"RADDL4B-23-104",128,453,11804,"2023","Asian SEA4_A1.2",NA
"RADDL4B-23-105",137,453,11795,"2023","Asian SEA4_A1.2",NA
"RADDL4B-24-001",334,453,11598,"2024","Asian SEA4_A1.1.2",NA
"RADDL4B-24-002",131,453,11801,"2024","Asian SEA4_A1.1.2",NA
"RADDL4B-24-003",129,453,11803,"2024","Asian SEA4_A1.1.2",NA
"RADDL4B-24-007",346,453,11586,"2024","Asian SEA4_A1.1.2",NA
"RADDL4B-24-009",142,453,11790,"2024","Asian SEA4_A1.1.2",NA
"RADDL4B-24-011",332,453,11600,"2024","Asian SEA4_A1.1.2",NA
"RADDL4B-24-012",332,453,11600,"2024","Asian SEA4_A1.1.2",NA
"RADDL4B-24-013",583,453,11349,"2024","Asian SEA4_A1.1.2",NA
"RADDL4B-24-014",137,453,11795,"2024","Asian SEA4_A1.1.2",NA
"RADDL4B-24-015",1013,453,10919,"2024","Asian SEA4_A1.1.2",NA
"RADDL4B-24-016",594,453,11338,"2024","Asian SEA4_A1.1.2",NA
"RADDL4B-24-017",131,453,11801,"2024","Asian SEA4_A1.1.2",NA
"RADDL4B-24-018",339,453,11593,"2024","Asian SEA4_A1.1.2",NA
"RADDL4B-24-019",128,453,11804,"2024","Asian SEA4_A1.1.2",NA
"RADDL4B-24-021",324,453,11608,"2024","Asian SEA4_A1.1.2",NA
"RADDL4B-24-023",132,453,11800,"2024","Asian SEA4_A1.1.2",NA
"RADDL4B-24-026",325,453,11607,"2024","Asian SEA4_A1.1.2",NA
"RADDL4B-24-027",330,453,11602,"2024","Asian SEA4_A1.1.2",NA
"RADDL4B-24-028",130,453,11802,"2024","Asian SEA4_A1.1.2",NA
"RADDL4B-24-029",330,453,11602,"2024","Asian SEA4_A1.1.2",NA
"RADDL4B-24-030",140,453,11792,"2024","Asian SEA4_A1.1.2",NA
"RADDL4B-24-034",333,453,11599,"2024","Asian SEA4_A1.1.2",NA
"RADDL4B-24-035",123,453,11809,"2024","Asian SEA4_A1.1.2",NA
"RADDL4B-24-037",327,453,11605,"2024","Asian SEA4_A1.1.2",NA
"RADDL4B-24-038",134,453,11798,"2024","Asian SEA4_A1.1.2",NA
"RADDL4B-24-042",130,453,11802,"2024","Asian SEA4_A1.1.2",NA
"RADDL4B-24-043",137,453,11795,"2024","Asian SEA4_A1.2",NA
"RADDL4B-24-046",125,453,11807,"2024","Asian SEA4_A1.1.2",NA
"RADDL4B-24-048",590,453,11342,"2024","Asian SEA4_A1.1.2",NA
"RADDL4B-24-049",127,453,11805,"2024","Asian SEA4_A1.1.2",NA
"RADDL4B-24-051",126,453,11806,"2024","Asian SEA4_A1.1.2",NA
"RADDL4B-24-052",130,453,11802,"2024","Asian SEA4_A1.1.2",NA
"RADDL4B-24-053",327,453,11605,"2024","Asian SEA4_A1.1.2",NA
"RADDL4B-24-054",129,453,11803,"2024","Asian SEA4_A1.1.2",NA
"RADDL4B-24-055",125,453,11807,"2024","Asian SEA4_A1.1.2",NA
"RADDL4B-24-056",120,453,11812,"2024","Asian SEA4_A1.1.2",NA
"RADDL4B-24-057",130,453,11802,"2024","Asian SEA4_A1.1.2",NA
"RADDL4B-24-058",329,453,11603,"2024","Asian SEA4_A1.1.2",NA
"RADDL4B-24-059",125,453,11807,"2024","Asian SEA4_A1.1.2",NA
"RADDL4B-24-062",1154,453,10778,"2024","Asian SEA4_A1.1.2",NA
"RADDL4B-24-063",133,453,11799,"2024","Asian SEA4_A1.2",NA
"RADDL4B-24-066",135,453,11797,"2024","Asian SEA4_A1.2",NA
"RADDL4B-24-067",120,453,11812,"2024","Asian SEA4_A1.1.2",NA
"RADDL4B-24-069",128,453,11804,"2024","Asian SEA4_A1.1.2",NA
"RADDL4B-24-070",131,453,11801,"2024","Asian SEA4_A1.1.2",NA
"RADDL4B-24-071",323,453,11609,"2024","Asian SEA4_A1.1.2",NA
"RADDL4B-24-073",127,453,11805,"2024","Asian SEA4_A1.1.2",NA
"RADDL4B-24-074",123,453,11809,"2024","Asian SEA4_A1.1.2",NA
"RADDL4B-24-076",130,453,11802,"2024","Asian SEA4_A1.1.2",NA
"RADDL4B-24-077",126,453,11806,"2024","Asian SEA4_A1.1.2",NA
"RADDL4B-24-078",129,453,11803,"2024","Asian SEA4_A1.1.2",NA
"RADDL4B-24-080",343,453,11589,"2024","Asian SEA4_A1.1.2",NA
"RADDL4B-24-081",132,453,11800,"2024","Asian SEA4_A1.1.2",NA
"RADDL4B-24-082",130,453,11802,"2024","Asian SEA4_A1.1.2",NA
"RADDL4B-24-084",126,453,11806,"2024","Asian SEA4_A1.1.2",NA
"RADDL4B-24-085",128,453,11804,"2024","Asian SEA4_A1.1.2",NA
"RADDL4B-24-086",1510,453,10422,"2024","Asian SEA4_A1.1.2",NA
"RADDL4B-24-087",363,453,11569,"2024","Asian SEA4_A1.1.2",NA
"RADDL4B-24-088",998,453,10934,"2024","Asian SEA4_A1.2",NA
"RADDL4B-24-093",129,453,11803,"2024","Asian SEA4_A1.1.2",NA
"RADDL4B-24-095",140,453,11792,"2024","Asian SEA4_A1.2",NA
"RADDL4B-24-096",141,453,11791,"2024","Asian SEA4_A1.2",NA
"RADDL4B-24-097",136,453,11796,"2024","Asian SEA4_A1.2",NA
"RADDL4B-24-098",136,453,11796,"2024","Asian SEA4_A1.2",NA
"RADDL4B-24-099",139,453,11793,"2024","Asian SEA4_A1.2",NA
"RADDL4B-24-100",339,453,11593,"2024","Asian SEA4_A1.1.2",NA
"RADDL4B-24-101",124,453,11808,"2024","Asian SEA4_A1.1.2",NA
"RADDL4B-24-102",127,453,11805,"2024","Asian SEA4_A1.1.2",NA
"RADDL4B-24-106",336,453,11596,"2024","Asian SEA4_A1.1.2",NA
"RADDL4B-24-107",584,453,11348,"2024","Asian SEA4_A1.1.2",NA
"RADDL4B-24-112",134,453,11798,"2024","Asian SEA4_A1.2",NA
"RADDL4B-24-113",130,453,11802,"2024","Asian SEA4_A1.2",NA
"RADDL4B-24-114",142,453,11790,"2024","Asian SEA4_A1.1.2",NA
"RADDL4B-24-116",144,453,11788,"2024","Asian SEA4_A1.2",NA
"RADDL4B-24-117",135,453,11797,"2024","Asian SEA4_A1.2",NA
"RADDL4B-24-120",125,453,11807,"2024","Asian SEA4_A1.1.2",NA
"RADDL4B-24-121",132,453,11800,"2024","Asian SEA4_A1.1.2",NA
"RADDL4B-24-122",134,453,11798,"2024","Asian SEA4_A1.1.2",NA
"RADDL4B-24-124",123,453,11809,"2024","Asian SEA4_A1.1.2",NA
"RADDL4B-24-125",144,453,11788,"2024","Asian SEA4_A1.1.2",NA
"RADDL4B-24-127",341,453,11591,"2024","Asian SEA4_A1.1.2",NA
"RADDL4B-24-138",138,453,11794,"2024","Asian SEA4_A1.2",NA
"RADDL4B-24-151",1012,453,10920,"2024","Asian SEA4_A1.1.2",NA
"RADDL4B-24-153",339,453,11593,"2024","Asian SEA4_A1.1.2",NA
"RADDL4B-24-154",137,453,11795,"2024","Asian SEA4_A1.2",NA
"RADDL4B-24-155",138,453,11794,"2024","Asian SEA4_A1.2",NA
"RADDL4B-24-156",337,453,11595,"2024","Asian SEA4_A1.2",NA
"RADDL4B-24-157",551,453,11381,"2024","Asian SEA4_A1.2",NA
"RADDL4B-24-162",136,453,11796,"2024","Asian SEA4_A1.1.2",NA
"RADDL4B-24-173",844,453,11088,"2024","Asian SEA4_A1.1.2",NA
"RADDL4B-24-174",540,453,11392,"2024","Asian SEA4_A1.1.2",NA
"RADDL4B-24-178",140,453,11792,"2024","Asian SEA4_A1.1.2",NA
"RADDL4B-24-180",129,453,11803,"2024","Asian SEA4_A1.1.2",NA
"RADDL4B-24-181",132,453,11800,"2024","Asian SEA4_A1.1.2",NA
"RADDL4B-24-183",797,453,11135,"2024","Asian SEA4_A1.1.2",NA
"RADDL4B-24-184",125,453,11807,"2024","Asian SEA4_A1.1.2",NA
"RADDL4B-24-185",140,453,11792,"2024","Asian SEA4_A1.2",NA
"RADDL4B-24-186",757,453,11175,"2024","Asian SEA4_A1.2",NA
"RADDL4B-24-187",127,453,11805,"2024","Asian SEA4_A1.2",NA
"RADDL4B-24-188",137,453,11795,"2024","Asian SEA4_A1.2",NA
"RADDL4B-25-005",543,453,11389,"2024","Asian SEA4_A1.1.2",NA
"RADDL4B-25-006",544,453,11388,"2024","Asian SEA4_A1.1.2",NA
"RADDL4B-25-008",541,453,11391,"2025","Asian SEA4_A1.1.2",NA
"RADDL4B-25-009",811,453,11121,"2025","Asian SEA4_A1.1.2",NA
"RADDL4B-25-017",147,453,11785,"2025","Asian SEA4_A1",NA
"RADDL4B-25-022",395,453,11537,"2025","Asian SEA4_A1.2",NA
"RADDL4B-25-032",386,453,11546,"2025","Asian SEA4_A1.1.2",NA
"RADDL4B-25-039",759,453,11173,"2025","Asian SEA4_A1.1.2",NA
"RADDL5-005",123,453,11809,"2015","Asian SEA4_B1",NA
"REGION_5_2018-100",14,732,11639,"2018","Asian SEA4_A1.2",NA
"REGION_5_2018-304",13,732,11640,"2018","Asian SEA4_A1.2",NA
"REGION_5_2018-311",15,732,11638,"2018","Asian SEA4_A1.2",NA
"REGION_5_2018-50",12,732,11641,"2018","Asian SEA4_A1.2",NA
"REGION_5_2019-1",12,732,11641,"2019","Asian SEA4_A1.2",NA
"REGION_5_2019-13",12,732,11641,"2019","Asian SEA4_A1.2",NA
"Z-05-102",572,453,11360,"2005","Asian SEA4_A1.1.2",NA
"Z-05-191",810,453,11122,"2005","Asian SEA4_A1.2",NA
"Z-05-557",382,453,11550,"2005","Asian SEA4_A1.1.2",NA
"Z-05-96",580,453,11352,"2005","Asian SEA4_A1.2",NA
"Z-06-150",713,453,11219,"2006","Asian SEA4_A1",NA
"Z-06-295",321,453,11611,"2006","Asian SEA4_A1.1.2",NA
"Z-06-39",122,453,11810,"2006","Asian SEA4_A1.2",NA
"Z-07-07",327,453,11605,"2007","Asian SEA4_A1.1.2",NA
"Z-07-351",324,453,11608,"2007","Asian SEA4_A1.1.2",NA
"Z-07-366",800,453,11132,"2007","Asian SEA4_B1.1",NA
"Z-07-38",119,453,11813,"2007","Asian SEA4_A1.1.2",NA
"Z-07-387",325,453,11607,"2007","Asian SEA4_B1.1",NA
"Z-07-398",326,453,11606,"2007","Asian SEA4_A1.1.2",NA
"Z-07-403",328,453,11604,"2007","Asian SEA4_A1.1.2",NA
"Z-07-407",327,453,11605,"2007","Asian SEA4_A1.1.2",NA
"Z-08-351",872,453,11060,"2008","Asian SEA4_A1.1.2",NA
"Z-08-359",590,453,11342,"2008","Asian SEA4_A1",NA
"Z-09-94",322,453,11610,"2009","Asian SEA4_A1.1.2",NA
"Z-12-001",223,732,11430,"2012","Asian SEA4_B1.1.1",NA
"Z-12-012",331,453,11601,"2012","Asian SEA4_A1.1.2",NA
"Z-12-029",325,453,11607,"2012","Asian SEA4_B1.1",NA
"Z-12-060",331,453,11601,"2012","Asian SEA4_B1.1.1",NA
"Z-12-088",99,732,11554,"2012","Asian SEA4_A1.1.2",NA
"Z-12-118",619,732,11034,"2012","Asian SEA4_A1.1.2",NA
"Z-12-134",414,732,11239,"2012","Asian SEA4_A1.1.2",NA
"Z-12-149",329,453,11603,"2012","Asian SEA4_A1.1.2",NA
"Z-12-208",335,453,11597,"2012","Asian SEA4_B1.1.1",NA
"Z-12-212",41,522,11822,"2012","Asian SEA4_A1",NA
"Z-13-002",20,522,11843,"2013","Asian SEA4_A1.1.2",NA
"Z-13-009",13,732,11640,"2013","Asian SEA4_A1.1.2",NA
"Z-13-020",345,453,11587,"2013","Asian SEA4_A1.1.2",NA
"Z-13-032",177,453,11755,"2013","Asian SEA4_A1.1.2",NA
"Z-13-036",324,453,11608,"2013","Asian SEA4_A1.1.2",NA
"Z-13-065",379,453,11553,"2013","Asian SEA4_A1",NA
"Z-13-066",122,453,11810,"2013","Asian SEA4_A1.1.2",NA
"Z-13-071",327,453,11605,"2013","Asian SEA4_A1.1.2",NA
"Z-13-073",361,453,11571,"2013","Asian SEA4_A1.1.2",NA
"Z-13-081",443,453,11489,"2013","Asian SEA4_A1",NA
"Z-13-086",323,453,11609,"2013","Asian SEA4_A1.1.2",NA
"Z-13-089",125,453,11807,"2013","Asian SEA4_A1.1.2",NA
"Z-13-094",123,453,11809,"2013","Asian SEA4_A1.1.2",NA
"Z-13-096",123,453,11809,"2013","Asian SEA4_A1.1.2",NA
"Z-13-098",214,453,11718,"2013","Asian SEA4_A1",NA
"Z-13-134",331,453,11601,"2013","Asian SEA4_A1.1.2",NA
"Z-13-135",326,453,11606,"2013","Asian SEA4_A1.1.2",NA
"Z-13-161",325,453,11607,"2013","Asian SEA4_A1.1.2",NA
"Z-13-171",155,453,11777,"2013","Asian SEA4_A1",NA
"Z-13-184",161,453,11771,"2013","Asian SEA4_A1",NA
"Z-13-204",254,453,11678,"2013","Asian SEA4_A1",NA
"Z-13-216",175,453,11757,"2013","Asian SEA4_A1",NA
"Z-13-234",160,453,11772,"2013","Asian SEA4_A1",NA
"Z-13-259",324,453,11608,"2013","Asian SEA4_A1.1.2",NA
"Z-14-023",336,453,11596,"2014","Asian SEA4_B1.1.1",NA
"Z-14-033",332,453,11600,"2014","Asian SEA4_B1.1.1",NA
"Z-14-05",119,453,11813,"2014","Asian SEA4_A1.1.2",NA
"Z-14-058",532,453,11400,"2014","Asian SEA4_A1.1.2",NA
"Z-14-098",336,453,11596,"2014","Asian SEA4_A1.1.2",NA
"Z-14-101",652,453,11280,"2014","Asian SEA4_A1.2",NA
"Z-14-106",884,453,11048,"2014","Asian SEA4_A1.1.2",NA
"Z-14-126",323,453,11609,"2014","Asian SEA4_A1.1.2",NA
"Z-14-136",340,453,11592,"2014","Asian SEA4_A1.1.2",NA
"Z-14-138",39,620,11726,"2014","Asian SEA4_A1.1.2",NA
"Z-14-142",323,453,11609,"2014","Asian SEA4_A1.1.2",NA
"Z-14-146",244,522,11619,"2014","Asian SEA4_A1",NA
"Z-14-149",1014,522,10849,"2014","Asian SEA4_A1",NA
"Z-14-152",16,522,11847,"2014","Asian SEA4_A1.1.2",NA
"Z-14-182",328,453,11604,"2014","Asian SEA4_C1.1",NA
"Z-14-243",160,453,11772,"2014","Asian SEA4_A1",NA
"Z-15-001",124,453,11808,"2015","Asian SEA4_A1.1.2",NA
"Z-15-009",665,453,11267,"2015","Asian SEA4_B1.1.1",NA
"Z-15-019",19,594,11772,"2015","Asian SEA4_A1.1.2",NA
"Z-15-116",15,522,11848,"2015","Asian SEA4_A1.1.2",NA
"Z-15-130",233,732,11420,"2015","Asian SEA4_A1.1.2",NA
"Z-15-148",254,732,11399,"2015","Asian SEA4_A1.1.2",NA
"Z-15-163",322,453,11610,"2015","Asian SEA4_A1.1.2",NA
"Z-15-185",26,648,11711,"2015","Asian SEA4_A1.1.2",NA
"Z-16-013",235,732,11418,"2016","Asian SEA4_A1.1.2",NA
"Z-16-082",131,453,11801,"2016","Asian SEA4_A1.1.2",NA
"Z-16-150",334,453,11598,"2016","Asian SEA4_A1.2",NA
"Z-16-151",137,453,11795,"2016","Asian SEA4_A1.2",NA
"Z-16-159",192,732,11461,"2016","Asian SEA4_A1.1.2",NA
"Z-16-186",209,732,11444,"2016","Africa_A1",NA
"Z-16-196",354,453,11578,"2016","Asian SEA4_A1.1.2",NA
"Z-16-209",155,453,11777,"2016","Asian SEA4_A1",NA
"Z-16-210",126,453,11806,"2016","Asian SEA4_A1.1.2",NA
"Z-16-211",125,453,11807,"2016","Asian SEA4_A1.1.2",NA
"Z-17-046",118,453,11814,"2017","Asian SEA4_A1.1.2",NA
"Z-17-174",326,453,11606,"2017","Asian SEA4_A1.1.2",NA
"Z-17-177",121,453,11811,"2017","Asian SEA4_A1.1.2",NA
"Z-17-193",350,453,11582,"2017","Asian SEA4_A1.1",NA
"Z-17-200",326,453,11606,"2017","Asian SEA4_A1.2",NA
"Z-17-217",351,453,11581,"2017","Asian SEA4_A1.1.2",NA
"Z-17-221",554,453,11378,"2017","Asian SEA4_A1.1.2",NA
"Z-17-57",134,453,11798,"2017","Asian SEA4_A1",NA
"Z-18-001",327,453,11605,"2018","Asian SEA4_A1.1.2",NA
"Z-18-114",322,453,11610,"2018","Asian SEA4_A1.1.2",NA
"Z-18-159",328,453,11604,"2018","Asian SEA4_C1.1",NA
"Z-18-224",1085,453,10847,"2018","Asian SEA4_A1.2",NA
"Z-18-251",322,453,11610,"2018","Asian SEA4_A1.1.2",NA
"Z-19-029",394,453,11538,"2019","Asian SEA4_A1",NA
"Z-19-123",1146,453,10786,"2019","Asian SEA4_A1.1.2",NA
"Z-19-136",890,453,11042,"2019","Asian SEA4_A1.2",NA
"Z-19-88",324,453,11608,"2019","Asian SEA4_A1.2",NA
"Z-20-01",121,453,11811,"2020","Asian SEA4_A1.1.2",NA
"Z-20-110",325,453,11607,"2020","Asian SEA4_A1.2",NA
"Z-20-24",324,453,11608,"2020","Asian SEA4_A1.2",NA
"Z-20-33",323,453,11609,"2020","Asian SEA4_A1.1.2",NA
"Z-20-51",326,453,11606,"2020","Asian SEA4_A1.2",NA
"Z-22-103",327,453,11605,"2022","Asian SEA4_A1.2",NA
"Z-22-119",341,453,11591,"2022","Asian SEA4_A1.2",NA
"Z-22-121",1180,453,10752,"2022","Asian SEA4_A1.1.2",NA
"Z-23-01",324,453,11608,"2023","Asian SEA4_A1.2",NA
"Z-23-01Sa",552,453,11380,"2023","Asian SEA4_A1.2",NA
"Z-24-141",130,453,11802,"2024","Asian SEA4_A1",NA
"Z-24-142",330,453,11602,"2024","Asian SEA4_A1",NA
"Z-98-1061",414,453,11518,"1998","Asian SEA4_A1",NA
"Z-98-285",731,453,11201,"1998","Asian SEA4_A1",NA
"Z-98-286",929,453,11003,"1998","Asian SEA4_A1",NA
"Z-98-433",328,453,11604,"1998","Asian SEA4_B1",NA
"Z-98-454",392,453,11540,"1998","Asian SEA4_A1",NA
"Z-98-515",335,453,11597,"1998","Asian SEA4_A1.1.2",NA
"Z-98-616",339,453,11593,"1998","Asian SEA4_A1.2",NA
"Z-98-718",1036,453,10896,"1998","Asian SEA4_A1",NA
"Z-98-780",934,453,10998,"1998","Asian SEA4_A1",NA
"Z-98-838",1082,453,10850,"1998","Asian SEA4_A1.2",NA
"Z-98-860",1103,453,10829,"1998","Asian SEA4_A1",NA
