"","Sample_ID","Accession","Preferred_date","Region_std"
"1","Z-24-141",NA,"2024-09-24","Mimaropa Region"
"2","Z-24-142",NA,"2024-09-24","Mimaropa Region"
"3","RADDL4B-23-060",NA,"2023-10-06","Mimaropa Region"
"4","RADDL4B-23-061",NA,"2023-10-09","Mimaropa Region"
"5","RADDL4B-23-070",NA,"2023-10-23","Mimaropa Region"
"6","RADDL4B-23-072",NA,"2023-10-23","Mimaropa Region"
"7","RADDL4B-23-057",NA,"2023-09-24","Mimaropa Region"
"8","RADDL4B-24-019",NA,"2024-02-08","Mimaropa Region"
"9","RADDL4B-24-021",NA,"2024-02-01","Mimaropa Region"
"10","RADDL4B-24-026",NA,"2024-02-16","Mimaropa Region"
"11","RADDL4B-24-027",NA,"2024-02-14","Mimaropa Region"
"12","RADDL4B-24-029",NA,"2024-02-20","Mimaropa Region"
"13","RADDL4B-24-034",NA,"2024-02-29","Mimaropa Region"
"14","RADDL4B-24-035",NA,"2024-02-26","Mimaropa Region"
"15","RADDL4B-24-037",NA,"2024-02-28","Mimaropa Region"
"16","RADDL4B-24-053",NA,"2024-03-17","Mimaropa Region"
"17","RADDL4B-24-055",NA,"2024-03-21","Mimaropa Region"
"18","RADDL4B-24-056",NA,"2024-03-26","Mimaropa Region"
"19","RADDL4B-24-057",NA,"2024-01-20","Mimaropa Region"
"20","RADDL4B-24-058",NA,"2024-03-20","Mimaropa Region"
"21","RADDL4B-24-059",NA,"2024-03-20","Mimaropa Region"
"22","RADDL4B-24-067",NA,"2024-02-20","Mimaropa Region"
"23","RADDL4B-24-070",NA,"2024-04-20","Mimaropa Region"
"24","RADDL4B-24-071",NA,"2024-05-20","Mimaropa Region"
"25","RADDL4B-24-077",NA,"2024-11-20","Mimaropa Region"
"26","RADDL4B-24-082",NA,"2024-04-18","Mimaropa Region"
"27","RADDL4B-24-102",NA,"2024-04-28","Mimaropa Region"
"28","RADDL4B-23-085",NA,"2023-08-20","Mimaropa Region"
"29","RADDL4B-23-093",NA,"2023-11-26","Mimaropa Region"
"30","RADDL4B-23-095",NA,"2023-11-28","Mimaropa Region"
"31","RADDL4B-23-097",NA,"2023-11-27","Mimaropa Region"
"32","RADDL4B-23-098",NA,"2023-11-27","Mimaropa Region"
"33","RADDL4B-23-099",NA,"2023-11-30","Mimaropa Region"
"34","RADDL4B-23-100",NA,"2023-12-05","Mimaropa Region"
"35","RADDL4B-24-001",NA,"2024-01-05","Mimaropa Region"
"36","RADDL4B-24-011",NA,"2024-01-24","Mimaropa Region"
"37","RADDL4B-24-012",NA,"2024-01-25","Mimaropa Region"
"38","RADDL4B-24-015",NA,"2024-01-31","Mimaropa Region"
"39","RADDL4B-24-016",NA,"2024-01-31","Mimaropa Region"
"40","RADDL4B-24-049",NA,"2024-03-13","Mimaropa Region"
"41","RADDL4B-24-084",NA,"2024-04-19","Mimaropa Region"
"42","RADDL4B-24-085",NA,"2024-04-20","Mimaropa Region"
"43","RADDL4B-24-086",NA,"2024-04-20","Mimaropa Region"
"44","RADDL4B-24-087",NA,"2024-04-21","Mimaropa Region"
"45","RADDL4B-24-088",NA,"2024-04-22","Mimaropa Region"
"46","RADDL4B-24-101",NA,"2024-04-25","Mimaropa Region"
"47","RADDL4B-24-106",NA,"2024-03-20","Mimaropa Region"
"48","RADDL4B-24-120",NA,"2024-09-20","Mimaropa Region"
"49","RADDL4B-24-124",NA,"2024-05-13","Mimaropa Region"
"50","RADDL4B-23-042",NA,"2023-07-07","Mimaropa Region"
"51","RADDL4B-23-044",NA,"2023-08-01","Mimaropa Region"
"52","RADDL4B-23-045",NA,"2023-08-03","Mimaropa Region"
"53","RADDL4B-23-046",NA,"2023-07-04","Mimaropa Region"
"54","RADDL4B-23-047",NA,"2023-08-23","Mimaropa Region"
"55","RADDL4B-23-049",NA,"2023-08-31","Mimaropa Region"
"56","RADDL4B-23-052",NA,"2023-08-29","Mimaropa Region"
"57","RADDL4B-23-056",NA,"2023-09-11","Mimaropa Region"
"58","RADDL4B-23-058",NA,"2023-10-02","Mimaropa Region"
"59","RADDL4B-23-076",NA,"2023-10-17","Mimaropa Region"
"60","RADDL4B-23-080",NA,"2023-10-26","Mimaropa Region"
"61","RADDL4B-23-081",NA,"2023-09-30","Mimaropa Region"
"62","RADDL4B-23-090",NA,"2023-11-16","Mimaropa Region"
"63","RADDL4B-23-101",NA,"2023-12-05","Mimaropa Region"
"64","RADDL4B-23-104",NA,"2023-12-12","Mimaropa Region"
"65","RADDL4B-23-105",NA,"2023-11-13","Mimaropa Region"
"66","RADDL4B-24-002",NA,"2024-01-09","Mimaropa Region"
"67","RADDL4B-24-003",NA,"2024-01-09","Mimaropa Region"
"68","RADDL4B-24-017",NA,"2024-01-25","Mimaropa Region"
"69","RADDL4B-24-023",NA,"2024-02-15","Mimaropa Region"
"70","RADDL4B-24-028",NA,"2024-02-14","Mimaropa Region"
"71","RADDL4B-24-038",NA,"2024-03-05","Mimaropa Region"
"72","RADDL4B-24-042",NA,"2024-02-12","Mimaropa Region"
"73","RADDL4B-24-043",NA,"2024-03-04","Mimaropa Region"
"74","RADDL4B-24-046",NA,"2024-03-10","Mimaropa Region"
"75","RADDL4B-24-051",NA,"2024-03-26","Mimaropa Region"
"76","RADDL4B-24-054",NA,"2024-03-20","Mimaropa Region"
"77","RADDL4B-24-063",NA,"2024-04-13","Mimaropa Region"
"78","RADDL4B-24-066",NA,"2024-10-20","Mimaropa Region"
"79","RADDL4B-24-069",NA,"2024-03-20","Mimaropa Region"
"80","RADDL4B-24-073",NA,"2024-07-20","Mimaropa Region"
"81","RADDL4B-24-074",NA,"2024-11-20","Mimaropa Region"
"82","RADDL4B-24-076",NA,"2024-07-20","Mimaropa Region"
"83","RADDL4B-24-078",NA,"2024-12-20","Mimaropa Region"
"84","RADDL4B-24-081",NA,"2024-04-15","Mimaropa Region"
"85","RADDL4B-24-099",NA,"2024-03-20","Mimaropa Region"
"86","RADDL4B-24-098",NA,"2024-04-30","Mimaropa Region"
"87","RADDL4B-24-097",NA,"2024-04-26","Mimaropa Region"
"88","RADDL4B-24-096",NA,"2024-04-15","Mimaropa Region"
"89","RADDL4B-24-095",NA,"2024-03-20","Mimaropa Region"
"90","RADDL4B-24-018",NA,"2024-02-01","Mimaropa Region"
"91","RADDL4B-24-014",NA,"2024-01-29","Mimaropa Region"
"92","RADDL4B-24-009",NA,"2024-01-29","Mimaropa Region"
"93","RADDL4B-24-138",NA,"2024-06-20","Mimaropa Region"
"94","RADDL4B-24-154",NA,"2024-07-15","Mimaropa Region"
"95","RADDL4B-24-155",NA,"2024-07-11","Mimaropa Region"
"96","RADDL4B-24-100",NA,"2024-04-24","Mimaropa Region"
"97","RADDL4B-24-112",NA,"2024-05-16","Mimaropa Region"
"98","RADDL4B-24-113",NA,"2024-08-20","Mimaropa Region"
"99","RADDL4B-24-114",NA,"2024-05-18","Mimaropa Region"
"100","RADDL4B-24-116",NA,"2024-05-13","Mimaropa Region"
"101","RADDL4B-24-117",NA,"2024-08-20","Mimaropa Region"
"102","RADDL4B-24-121",NA,"2024-09-20","Mimaropa Region"
"103","RADDL4B-24-122",NA,"2024-10-20","Mimaropa Region"
"104","RADDL4B-24-153",NA,"2024-07-25","Mimaropa Region"
"105","RADDL4B-24-156",NA,"2024-07-26","Mimaropa Region"
"106","RADDL4B-24-157",NA,"2024-07-08","Mimaropa Region"
"107","RADDL4B-24-173",NA,"2024-08-20","Mimaropa Region"
"108","RADDL4B-24-174",NA,"2024-11-22","Mimaropa Region"
"109","RADDL4B-24-178",NA,"2024-07-15","Mimaropa Region"
"110","RADDL4B-24-180",NA,"2024-08-22","Mimaropa Region"
"111","RADDL4B-24-181",NA,"2024-09-09","Mimaropa Region"
"112","RADDL4B-24-183",NA,"2024-11-20","Mimaropa Region"
"113","RADDL4B-24-185",NA,"2024-11-20","Mimaropa Region"
"114","RADDL4B-24-186",NA,"2024-12-20","Mimaropa Region"
"115","RADDL4B-24-187",NA,"2024-11-20","Mimaropa Region"
"116","RADDL4B-24-188",NA,"2024-11-29","Mimaropa Region"
"117","RADDL4B-25-005",NA,"2024-12-17","Mimaropa Region"
"118","RADDL4B-25-006",NA,"2024-12-20","Mimaropa Region"
"119","RADDL4B-25-008",NA,"2025-01-04","Mimaropa Region"
"120","RADDL4B-25-009",NA,"2025-01-09","Mimaropa Region"
"121","RADDL4B-25-017",NA,"2025-03-07","Mimaropa Region"
"122","RADDL4B-24-151",NA,"2024-07-08","Mimaropa Region"
"123","RADDL4B-23-089",NA,"2023-07-20","Mimaropa Region"
"124","RADDL4B-23-092",NA,"2023-12-07","Mimaropa Region"
"125","RADDL4B-23-094",NA,"2023-11-28","Mimaropa Region"
"126","RADDL4B-24-007",NA,"2024-01-17","Mimaropa Region"
"127","RADDL4B-24-013",NA,"2024-01-16","Mimaropa Region"
"128","RADDL4B-24-030",NA,"2024-02-17","Mimaropa Region"
"129","RADDL4B-24-048",NA,"2024-03-07","Mimaropa Region"
"130","RADDL4B-24-052",NA,"2024-03-29","Mimaropa Region"
"131","RADDL4B-24-062",NA,"2024-01-20","Mimaropa Region"
"132","RADDL4B-24-080",NA,"2024-04-18","Mimaropa Region"
"133","RADDL4B-24-093",NA,"2024-04-29","Mimaropa Region"
"134","RADDL4B-24-107",NA,"2024-03-20","Mimaropa Region"
"135","RADDL4B-24-125",NA,"2024-05-13","Mimaropa Region"
"136","RADDL4B-24-127",NA,"2024-05-16","Mimaropa Region"
"137","H24-028",NA,"2024-03-27","Mimaropa Region"
"138","RADDL4B-23-065",NA,"2023-10-23","Mimaropa Region"
"139","RADDL4B-24-162",NA,"2024-09-27","Mimaropa Region"
"140","RADDL4B-24-184",NA,"2024-11-19","Mimaropa Region"
"141","RADDL4B-25-022",NA,"2025-12-20","Mimaropa Region"
"142","RADDL4B-25-032",NA,"2025-06-06","Mimaropa Region"
"143","RADDL4B-25-039",NA,"2025-07-21","Mimaropa Region"
"144","94275PHI","KX148263","1994-01-01",NA
"145","94278PHI","KX148262","1994-01-01",NA
"146","94281PHI","KX148261","1994-01-01",NA
"147","04030PHI","KX148260","2004-01-01",NA
"148","94272PHI","KX148259","1994-01-01",NA
"149","18-103","OQ326754","2018-01-01","Region XI (Davao Region)"
"150","18-116","OQ326753","2018-01-01","Region XI (Davao Region)"
"151","18-102","OQ326752","2018-01-01","Region XI (Davao Region)"
"152","18-106","OQ326751","2018-01-01","Region XI (Davao Region)"
"153","18-099","OQ326750","2018-01-01","Region XI (Davao Region)"
"154","18-107","OQ326749","2018-01-01","Region XI (Davao Region)"
"155","18-138","OQ326748","2018-01-01","Region XI (Davao Region)"
"156","18-163","OQ326747","2018-01-01","Region XI (Davao Region)"
"157","18-188","OQ326746","2018-01-01","Region XI (Davao Region)"
"158","18-214","OQ326745","2018-01-01","Region XI (Davao Region)"
"159","18-162","OQ326744","2018-01-01","Region XI (Davao Region)"
"160","18-174","OQ326743","2018-01-01","Region XI (Davao Region)"
"161","18-216","OQ326742","2018-01-01","Region XI (Davao Region)"
"162","19-011","OQ326741","2019-01-01","Region XI (Davao Region)"
"163","19-004","OQ326740","2019-01-01","Region XI (Davao Region)"
"164","19-015","OQ326739","2019-01-01","Region XI (Davao Region)"
"165","18-164","OQ326738","2018-01-01","Region XI (Davao Region)"
"166","18-172","OQ326737","2018-01-01","Region XI (Davao Region)"
"167","18-199","OQ326736","2018-01-01","Region XI (Davao Region)"
"168","R3-2022-0016","OR971444","2022-11-01","Region III (Central Luzon)"
"169","R3-2022-0014","OR971443","2022-10-01","Region III (Central Luzon)"
"170","R3-2022-0013","OR971442","2022-07-01","Region III (Central Luzon)"
"171","R3-2022-0006","OR971441","2022-01-18","Region III (Central Luzon)"
"172","R3-2022-0004","OR971440","2022-04-01","Region III (Central Luzon)"
"173","R3-2022-0002","OR971439","2022-03-01","Region III (Central Luzon)"
"174","R3-2021-3790","OR971438","2021-10-25","Region III (Central Luzon)"
"175","R3-2021-0753","OR971437","2021-12-22","Region III (Central Luzon)"
"176","R3-2021-0731","OR971436","2021-09-12","Region III (Central Luzon)"
"177","R3-2021-0543","OR971435","2021-10-27","Region III (Central Luzon)"
"178","R3-2021-0514","OR971434","2021-10-13","Region III (Central Luzon)"
"179","R3-2021-0513","OR971433","2021-10-13","Region III (Central Luzon)"
"180","R3-2021-0504","OR971432","2021-08-10","Region III (Central Luzon)"
"181","R3-2021-0502","OR971431","2021-07-10","Region III (Central Luzon)"
"182","R3-2021-0501","OR971430","2021-05-10","Region III (Central Luzon)"
"183","R3-2021-0498","OR971429","2021-04-10","Region III (Central Luzon)"
"184","R3-2021-0495","OR971428","2021-09-24","Region III (Central Luzon)"
"185","R3-2021-0487","OR971427","2021-10-09","Region III (Central Luzon)"
"186","R3-2021-0484","OR971426","2021-09-09","Region III (Central Luzon)"
"187","R3-2021-0483","OR971425","2021-09-09","Region III (Central Luzon)"
"188","R3-2021-0472","OR971424","2021-03-09","Region III (Central Luzon)"
"189","R3-2021-0469","OR971423","2021-08-31","Region III (Central Luzon)"
"190","R3-2021-0468","OR971422","2021-08-31","Region III (Central Luzon)"
"191","R3-2021-0467","OR971421","2021-08-31","Region III (Central Luzon)"
"192","R3-2021-0322","OR971420","2021-05-24","Region III (Central Luzon)"
"193","R3-2021-0304","OR971419","2021-05-05","Region III (Central Luzon)"
"194","R3-2021-0300","OR971418","2021-04-26","Region III (Central Luzon)"
"195","R3-2021-0296","OR971417","2021-04-16","Region III (Central Luzon)"
"196","R3-2021-0294","OR971416","2021-04-16","Region III (Central Luzon)"
"197","R3-2021-0289","OR971415","2021-04-13","Region III (Central Luzon)"
"198","R3-2021-0286","OR971414","2021-04-07","Region III (Central Luzon)"
"199","R3-2021-0282","OR971413","2021-04-05","Region III (Central Luzon)"
"200","R3-2021-0274","OR971412","2021-03-17","Region III (Central Luzon)"
"201","R3-2019-6317","OR971411","2019-09-13","Region III (Central Luzon)"
"202","R3-2019-5868","OR971410","2019-08-20","Region III (Central Luzon)"
"203","R3-2019-5829","OR971409","2019-08-20","Region III (Central Luzon)"
"204","R3-2019-5590","OR971408","2019-02-08","Region III (Central Luzon)"
"205","R2-2021-125","OR971407","2021-12-30","Region II (Cagayan Valley)"
"206","R2-2021-124","OR971406","2021-12-27","Region II (Cagayan Valley)"
"207","R2-2021-121","OR971405","2021-12-20","Region II (Cagayan Valley)"
"208","R2-2021-106","OR971404","2021-05-11","Region II (Cagayan Valley)"
"209","R2-2021-087","OR971403","2021-08-17","Region II (Cagayan Valley)"
"210","R2-2021-084","OR971402","2021-08-13","Region II (Cagayan Valley)"
"211","R2-2021-083","OR971401","2021-10-08","Region II (Cagayan Valley)"
"212","R2-2021-082","OR971400","2021-09-08","Region II (Cagayan Valley)"
"213","R2-2019-8228","OR971399","2019-10-10","Region II (Cagayan Valley)"
"214","R2-2019-8204","OR971398","2019-10-08","Region II (Cagayan Valley)"
"215","R2-2019-8166","OR971397","2019-10-07","Region II (Cagayan Valley)"
"216","R2-2019-8088","OR971396","2019-10-04","Region II (Cagayan Valley)"
"217","R2-2019-7838","OR971395","2019-09-20","Region II (Cagayan Valley)"
"218","18-142","OQ326784","2018-01-01","Region XI (Davao Region)"
"219","18-181","OQ326783","2018-01-01","Region XI (Davao Region)"
"220","18-221","OQ326782","2018-01-01","Region XI (Davao Region)"
"221","18-209","OQ326781","2018-01-01","Region XI (Davao Region)"
"222","18-194","OQ326780","2018-01-01","Region XI (Davao Region)"
"223","18-196","OQ326779","2018-01-01","Region XI (Davao Region)"
"224","18-223","OQ326778","2018-01-01","Region XI (Davao Region)"
"225","18-183","OQ326777","2018-01-01","Region XI (Davao Region)"
"226","18-144","OQ326776","2018-01-01","Region XI (Davao Region)"
"227","18-179","OQ326775","2018-01-01","Region XII (Soccsksargen)"
"228","18-151","OQ326774","2018-01-01","Region XI (Davao Region)"
"229","18-153","OQ326773","2018-01-01","Region XI (Davao Region)"
"230","18-147","OQ326772","2018-01-01","Region XI (Davao Region)"
"231","18-225","OQ326771","2018-01-01","Region XI (Davao Region)"
"232","19-022","OQ326770","2019-01-01","Region XI (Davao Region)"
"233","18-224","OQ326769","2018-01-01","Region XI (Davao Region)"
"234","18-191","OQ326768","2018-01-01","Region XI (Davao Region)"
"235","18-135","OQ326767","2018-01-01","Region XI (Davao Region)"
"236","18-121","OQ326766","2018-01-01","Region XI (Davao Region)"
"237","19-050","OQ326765","2019-01-01","Region XI (Davao Region)"
"238","18-096","OQ326764","2018-01-01","Region XI (Davao Region)"
"239","19-045","OQ326763","2019-01-01","Region XI (Davao Region)"
"240","18-120","OQ326762","2018-01-01","Region XI (Davao Region)"
"241","18-094","OQ326761","2018-01-01","Region XI (Davao Region)"
"242","18-133","OQ326760","2018-01-01","Region XI (Davao Region)"
"243","18-130","OQ326759","2018-01-01","Region XI (Davao Region)"
"244","18-118","OQ326758","2018-01-01","Region XI (Davao Region)"
"245","18-092","OQ326757","2018-01-01","Region XI (Davao Region)"
"246","18-114","OQ326756","2018-01-01","Region XI (Davao Region)"
"247","18-101","OQ326755","2018-01-01","Region XI (Davao Region)"
"248","R6-2021-4568","OR971544","2021-10-12","Region VI (Western Visayas)"
"249","R6-2021-4511","OR971543","2021-10-07","Region VI (Western Visayas)"
"250","R6-2021-4447","OR971542","2021-10-06","Region VI (Western Visayas)"
"251","R6-2021-4446","OR971541","2021-10-06","Region VI (Western Visayas)"
"252","R6-2021-4431","OR971540","2021-10-05","Region VI (Western Visayas)"
"253","R6-2019-3499","OR971539","2019-10-10","Region VI (Western Visayas)"
"254","R6-2019-3303","OR971538","2019-09-17","Region VI (Western Visayas)"
"255","R6-2019-2940","OR971537","2019-08-29","Region VI (Western Visayas)"
"256","R6-2019-2722","OR971536","2019-06-17","Region VI (Western Visayas)"
"257","R6-2019-2184","OR971535","2019-06-11","Region VI (Western Visayas)"
"258","R6-2019-1399","OR971534","2019-04-15","Region VI (Western Visayas)"
"259","R5-2021-0517","OR971533","2021-05-10","Region V (Bicol Region)"
"260","R5-2021-0478","OR971532","2021-05-06","Region V (Bicol Region)"
"261","R5-2021-0475","OR971531","2021-05-05","Region V (Bicol Region)"
"262","R5-2021-0472","OR971530","2021-05-03","Region V (Bicol Region)"
"263","R5-2021-0470","OR971529","2021-05-03","Region V (Bicol Region)"
"264","R5-2021-0447","OR971528","2021-04-26","Region V (Bicol Region)"
"265","R5-2021-0446","OR971527","2021-04-27","Region V (Bicol Region)"
"266","R5-2021-0445","OR971526","2021-04-26","Region V (Bicol Region)"
"267","R5-2021-0426","OR971525","2021-04-19","Region V (Bicol Region)"
"268","R5-2021-0424","OR971524","2021-04-19","Region V (Bicol Region)"
"269","R5-2021-0404","OR971523","2021-04-12","Region V (Bicol Region)"
"270","R5-2021-0376","OR971522","2021-04-02","Region V (Bicol Region)"
"271","R5-2021-0335","OR971521","2021-03-22","Region V (Bicol Region)"
"272","R5-2021-0334","OR971520","2021-03-22","Region V (Bicol Region)"
"273","R5-2021-0329","OR971519","2021-03-22","Region V (Bicol Region)"
"274","R5-2021-0328","OR971518","2021-03-22","Region V (Bicol Region)"
"275","R5-2021-0278","OR971517","2021-03-05","Region V (Bicol Region)"
"276","R5-2021-0276","OR971516","2021-03-05","Region V (Bicol Region)"
"277","R5-2021-0142","OR971515","2021-02-01","Region V (Bicol Region)"
"278","R5-2021-0140","OR971514","2021-02-01","Region V (Bicol Region)"
"279","R5-2021-0139","OR971513","2021-02-01","Region V (Bicol Region)"
"280","R5-2021-0138","OR971512","2021-02-01","Region V (Bicol Region)"
"281","R5-2021-0093","OR971511","2021-01-20","Region V (Bicol Region)"
"282","R5-2021-0092","OR971510","2021-01-19","Region V (Bicol Region)"
"283","R5-2021-0069","OR971509","2021-01-11","Region V (Bicol Region)"
"284","R5-2021-0042","OR971508","2021-01-05","Region V (Bicol Region)"
"285","R5-2021-0041","OR971507","2021-01-05","Region V (Bicol Region)"
"286","R5-2019-0064","OR971506","2019-03-07","Region V (Bicol Region)"
"287","R5-2018-0334","OR971505","2018-12-07","Region V (Bicol Region)"
"288","R5-2018-0259","OR971504","2018-09-14","Region V (Bicol Region)"
"289","R5-2018-0219","OR971503","2018-08-10","Region V (Bicol Region)"
"290","R5-2018-0151","OR971502","2018-05-02","Region V (Bicol Region)"
"291","R5-2018-0070","OR971501","2018-02-27","Region V (Bicol Region)"
"292","R5-2018-0069","OR971500","2018-02-27","Region V (Bicol Region)"
"293","R5-2018-0067","OR971499","2018-02-20","Region V (Bicol Region)"
"294","R5-2018-0051","OR971498","2018-02-08","Region V (Bicol Region)"
"295","R4B-2022-00011","OR971497",NA,"Mimaropa Region"
"296","R4B-2022-00010","OR971496","2022-03-03","Mimaropa Region"
"297","R4B-2022-00008","OR971495","2022-02-17","Mimaropa Region"
"298","CAR-2022-007","OR971344","2022-01-02","Cordillera Administrative Region (CAR)"
"299","CAR-2022-004","OR971343","2022-01-14","Cordillera Administrative Region (CAR)"
"300","CAR-2022-002","OR971342","2022-06-01","Cordillera Administrative Region (CAR)"
"301","CAR-2022-001","OR971341","2022-04-01","Cordillera Administrative Region (CAR)"
"302","CAR-2021-075","OR971340","2021-11-15","Cordillera Administrative Region (CAR)"
"303","CAR-2021-074","OR971339","2021-03-11","Cordillera Administrative Region (CAR)"
"304","CAR-2021-046","OR971338","2021-06-25","Cordillera Administrative Region (CAR)"
"305","CAR-2021-044","OR971337","2021-06-18","Cordillera Administrative Region (CAR)"
"306","CAR-2021-040","OR971336","2021-08-06","Cordillera Administrative Region (CAR)"
"307","CAR-2021-034","OR971335","2021-05-14","Cordillera Administrative Region (CAR)"
"308","CAR-2021-033","OR971334","2021-05-10","Cordillera Administrative Region (CAR)"
"309","CAR-2021-032","OR971333","2021-05-03","Cordillera Administrative Region (CAR)"
"310","CAR-2021-022","OR971332","2021-03-11","Cordillera Administrative Region (CAR)"
"311","CAR-2021-016","OR971331","2021-02-28","Cordillera Administrative Region (CAR)"
"312","CAR-2021-015","OR971330","2021-02-24","Cordillera Administrative Region (CAR)"
"313","CAR-2019-208","OR971329","2019-10-28","Cordillera Administrative Region (CAR)"
"314","CAR-2019-111","OR971328","2019-10-14","Cordillera Administrative Region (CAR)"
"315","CAR-2019-103","OR971327","2019-09-23","Cordillera Administrative Region (CAR)"
"316","CAR-2019-099","OR971326","2019-09-26","Cordillera Administrative Region (CAR)"
"317","CAR-2019-098","OR971325","2019-09-16","Cordillera Administrative Region (CAR)"
"318","CAR-2019-092","OR971324","2019-09-04","Cordillera Administrative Region (CAR)"
"319","CAR-2019-085","OR971323","2019-08-26","Cordillera Administrative Region (CAR)"
"320","R12-2019-0538","OR971644","2019-06-24","Region XII (Soccsksargen)"
"321","R12-2019-0521","OR971643","2019-06-19","Region XII (Soccsksargen)"
"322","R12-2019-0472","OR971642","2019-06-07","Region XII (Soccsksargen)"
"323","R12-2019-0014","OR971641","2019-01-09","Region XII (Soccsksargen)"
"324","R11-2022-33","OR971640","2022-05-05","Region XI (Davao Region)"
"325","R11-2022-32","OR971639","2022-05-02","Region XI (Davao Region)"
"326","R11-2022-30","OR971638","2022-04-25","Region XI (Davao Region)"
"327","R11-2022-28","OR971637","2022-04-01","Region XI (Davao Region)"
"328","R11-2022-25","OR971636","2022-03-25","Region XI (Davao Region)"
"329","R11-2022-19","OR971635","2022-03-11","Region XI (Davao Region)"
"330","R11-2022-16","OR971634","2022-02-15","Region XI (Davao Region)"
"331","R11-2022-15","OR971633","2022-02-15","Region XI (Davao Region)"
"332","R11-2022-14","OR971632","2022-02-15","Region XI (Davao Region)"
"333","R11-2022-11","OR971631","2022-02-04","Region XI (Davao Region)"
"334","R11-2022-07","OR971630","2022-01-18","Region XI (Davao Region)"
"335","R11-2021-68","OR971629","2021-12-07","Region XI (Davao Region)"
"336","R11-2021-61","OR971628","2021-10-14","Region XI (Davao Region)"
"337","R11-2021-58","OR971627","2021-06-10","Region XI (Davao Region)"
"338","R11-2021-02","OR971626","2021-01-06","Region XI (Davao Region)"
"339","R10-2021-010","OR971625","2021-04-21","Region X (Northern Mindanao)"
"340","R10-2021-009","OR971624","2021-05-18","Region X (Northern Mindanao)"
"341","R10-2021-008","OR971623","2021-05-21","Region X (Northern Mindanao)"
"342","R10-2021-007","OR971622","2021-06-07","Region X (Northern Mindanao)"
"343","R10-2021-006","OR971621","2021-06-09","Region X (Northern Mindanao)"
"344","R10-2021-005","OR971620","2021-07-02","Region X (Northern Mindanao)"
"345","R10-2021-004","OR971619","2021-08-20","Region X (Northern Mindanao)"
"346","R10-2021-003","OR971618","2021-08-23","Region X (Northern Mindanao)"
"347","R10-2021-002","OR971617","2021-09-27","Region X (Northern Mindanao)"
"348","R10-2021-001","OR971616","2021-09-06","Region X (Northern Mindanao)"
"349","R10-2019-970","OR971615","2019-12-27","Region X (Northern Mindanao)"
"350","R10-2019-951","OR971614","2019-12-16","Region X (Northern Mindanao)"
"351","R10-2019-950","OR971613","2019-12-16","Region X (Northern Mindanao)"
"352","R10-2019-909","OR971612","2019-12-04","Region X (Northern Mindanao)"
"353","R10-2019-908","OR971611","2019-12-04","Region X (Northern Mindanao)"
"354","R10-2019-907","OR971610","2019-12-04","Region X (Northern Mindanao)"
"355","R10-2019-892","OR971609","2019-11-28","Region X (Northern Mindanao)"
"356","R10-2019-887","OR971608","2019-11-25","Region X (Northern Mindanao)"
"357","R10-2019-823","OR971607","2019-11-11","Region X (Northern Mindanao)"
"358","R10-2019-819","OR971606","2019-11-09","Region X (Northern Mindanao)"
"359","R10-2019-818","OR971605","2019-11-08","Region X (Northern Mindanao)"
"360","R10-2019-810","OR971604","2019-11-07","Region X (Northern Mindanao)"
"361","R10-2019-777","OR971603","2019-10-21","Region X (Northern Mindanao)"
"362","R10-2019-753","OR971602","2019-10-14","Region X (Northern Mindanao)"
"363","R10-2019-752","OR971601","2019-10-11","Region X (Northern Mindanao)"
"364","R10-2019-669","OR971600","2019-09-12","Region X (Northern Mindanao)"
"365","R9-2021-105","OR971599","2021-09-12","Region IX (Zamboanga Peninsula)"
"366","R9-2021-090","OR971598","2021-12-10","Region IX (Zamboanga Peninsula)"
"367","R9-2021-089","OR971597","2021-07-10","Region IX (Zamboanga Peninsula)"
"368","R9-2021-078","OR971596","2021-08-27","Region IX (Zamboanga Peninsula)"
"369","R9-2021-075","OR971595","2021-08-23","Region IX (Zamboanga Peninsula)"
"370","BAI/BAI3/2019-01/fel","MN857171","2019-05-06","Region III (Central Luzon)"
"371","BAI/BAI4A/2019-01/can","MN857170","2019-05-27","Region IV-A (Calabarzon)"
"372","BAI/BAINCR/2019-03/can","MN857169","2019-05-31","National Capital Region (NCR)"
"373","BAI/BAINCR/2019-02/can","MN857168","2019-05-28","National Capital Region (NCR)"
"374","BAI/BAINCR/2019-01/can","MN857167","2019-06-26","National Capital Region (NCR)"
"375","R9-2021-074","OR971594","2021-08-20","Region IX (Zamboanga Peninsula)"
"376","R9-2021-041","OR971593","2021-01-05","Region IX (Zamboanga Peninsula)"
"377","R9-2019-311","OR971592","2019-10-09","Region IX (Zamboanga Peninsula)"
"378","R8-2021-025","OR971591","2021-04-26","Region VIII (Eastern Visayas)"
"379","R8-2021-024","OR971590","2021-04-16","Region VIII (Eastern Visayas)"
"380","R8-2021-021","OR971589","2021-04-15","Region VIII (Eastern Visayas)"
"381","R8-2021-020","OR971588","2021-04-07","Region VIII (Eastern Visayas)"
"382","R8-2021-019","OR971587","2021-03-30","Region VIII (Eastern Visayas)"
"383","R8-2021-015","OR971586","2021-03-23","Region VIII (Eastern Visayas)"
"384","R8-2021-011","OR971585","2021-02-26","Region VIII (Eastern Visayas)"
"385","R8-2021-010","OR971584","2021-02-22","Region VIII (Eastern Visayas)"
"386","R7-0205","OR971583",NA,"Region VII (Central Visayas)"
"387","R7-0203","OR971582",NA,"Region VII (Central Visayas)"
"388","R7-0201","OR971581",NA,"Region VII (Central Visayas)"
"389","R7-0185","OR971580",NA,"Region VII (Central Visayas)"
"390","R7-0106","OR971579",NA,"Region VII (Central Visayas)"
"391","R7-0095","OR971578",NA,"Region VII (Central Visayas)"
"392","R7-2022-0010","OR971577","2022-02-28","Region VII (Central Visayas)"
"393","R7-2022-0009","OR971576","2022-02-21","Region VII (Central Visayas)"
"394","R7-2022-0008","OR971575","2022-02-15","Region VII (Central Visayas)"
"395","R7-2022-0007","OR971574","2022-02-14","Region VII (Central Visayas)"
"396","R7-2022-0004","OR971573","2022-08-02","Region VII (Central Visayas)"
"397","R7-2022-0003","OR971572","2022-01-26","Region VII (Central Visayas)"
"398","R7-2022-0001","OR971571","2022-07-01","Region VII (Central Visayas)"
"399","R7-2021-0168","OR971570","2021-11-22","Region VII (Central Visayas)"
"400","R7-2021-0167","OR971569","2021-11-22","Region VII (Central Visayas)"
"401","R7-2021-0163","OR971568","2021-12-11","Region VII (Central Visayas)"
"402","R7-2021-0162","OR971567","2021-10-11","Region VII (Central Visayas)"
"403","R7-2021-0161","OR971566","2021-09-11","Region VII (Central Visayas)"
"404","R7-2021-0160","OR971565","2021-09-11","Region VII (Central Visayas)"
"405","R7-2021-0159","OR971564","2021-09-11","Region VII (Central Visayas)"
"406","R7-2021-0155","OR971563","2021-10-26","Region VII (Central Visayas)"
"407","R7-2021-0153","OR971562","2021-10-21","Region VII (Central Visayas)"
"408","R7-2021-0151","OR971561","2021-10-18","Region VII (Central Visayas)"
"409","R7-2021-0150","OR971560","2021-10-13","Region VII (Central Visayas)"
"410","R7-2021-0149","OR971559","2021-10-13","Region VII (Central Visayas)"
"411","R6-2021-5964","OR971558","2021-09-12","Region VI (Western Visayas)"
"412","R6-2021-5961","OR971557","2021-09-12","Region VI (Western Visayas)"
"413","R6-2021-5932","OR971556","2021-07-12","Region VI (Western Visayas)"
"414","R6-2021-4965","OR971555","2021-10-27","Region VI (Western Visayas)"
"415","R6-2021-4798","OR971554","2021-10-29","Region VI (Western Visayas)"
"416","R6-2021-4770","OR971553","2021-10-27","Region VI (Western Visayas)"
"417","R6-2021-4769","OR971552","2021-10-26","Region VI (Western Visayas)"
"418","R6-2021-4768","OR971551","2021-10-25","Region VI (Western Visayas)"
"419","R6-2021-4767","OR971550","2021-10-25","Region VI (Western Visayas)"
"420","R6-2021-4711","OR971549","2021-10-22","Region VI (Western Visayas)"
"421","R6-2021-4703","OR971548","2021-10-19","Region VI (Western Visayas)"
"422","R6-2021-4702","OR971547","2021-10-19","Region VI (Western Visayas)"
"423","R6-2021-4600","OR971546","2021-10-13","Region VI (Western Visayas)"
"424","R6-2021-4599","OR971545","2021-10-12","Region VI (Western Visayas)"
"425","R4B-2022-00007","OR971494","2022-02-16","Mimaropa Region"
"426","R4B-2022-00006","OR971493","2022-02-09","Mimaropa Region"
"427","R4B-2022-00005","OR971492","2022-09-02","Mimaropa Region"
"428","R4B-2022-00004","OR971491","2022-02-04","Mimaropa Region"
"429","R4B-2022-00002","OR971490","2022-01-14","Mimaropa Region"
"430","R4B-2022-00001","OR971489","2022-01-05","Mimaropa Region"
"431","R4B-2021-070","OR971488","2021-04-23","Mimaropa Region"
"432","R4B-2021-067","OR971487","2021-04-14","Mimaropa Region"
"433","R4B-2021-061","OR971486","2021-10-03","Mimaropa Region"
"434","R4B-2021-060","OR971485","2021-05-03","Mimaropa Region"
"435","R4B-2021-058","OR971484","2021-09-02","Mimaropa Region"
"436","R4B-2019-5816","OR971483","2019-08-16","Mimaropa Region"
"437","R4A-2022-577","OR971482","2022-03-24","Region IV-A (Calabarzon)"
"438","R4A-2022-408","OR971481","2022-10-03","Region IV-A (Calabarzon)"
"439","R4A-2022-261","OR971480","2022-02-24","Region IV-A (Calabarzon)"
"440","R4A-2022-252","OR971479","2022-02-22","Region IV-A (Calabarzon)"
"441","R4A-2022-234","OR971478","2022-02-17","Region IV-A (Calabarzon)"
"442","R4A-2022-210","OR971477","2022-02-15","Region IV-A (Calabarzon)"
"443","R4A-2022-203","OR971476","2022-02-14","Region IV-A (Calabarzon)"
"444","R4A-2022-171","OR971475","2022-07-02","Region IV-A (Calabarzon)"
"445","R4A-2022-104","OR971474","2022-01-25","Region IV-A (Calabarzon)"
"446","R4A-2022-99","OR971473","2022-01-25","Region IV-A (Calabarzon)"
"447","R4A-2022-98","OR971472","2022-01-24","Region IV-A (Calabarzon)"
"448","R4A-2022-93","OR971471","2022-01-21","Region IV-A (Calabarzon)"
"449","R4A-2022-40","OR971470","2022-11-01","Region IV-A (Calabarzon)"
"450","R4A-2021-4446","OR971469","2021-01-12","Region IV-A (Calabarzon)"
"451","R4A-2021-4119","OR971468","2021-11-11","Region IV-A (Calabarzon)"
"452","R4A-2021-3398","OR971467","2021-09-23","Region IV-A (Calabarzon)"
"453","R4A-2021-3000","OR971466","2021-08-26","Region IV-A (Calabarzon)"
"454","R4A-2021-2999","OR971465","2021-08-26","Region IV-A (Calabarzon)"
"455","R4A-2021-2849","OR971464","2021-11-08","Region IV-A (Calabarzon)"
"456","R4A-2021-2750","OR971463","2021-05-08","Region IV-A (Calabarzon)"
"457","R4A-2021-2633","OR971462","2021-07-27","Region IV-A (Calabarzon)"
"458","R4A-2021-1668","OR971461","2021-11-29","Region IV-A (Calabarzon)"
"459","R4A-2021-1574","OR971460","2021-12-10","Region IV-A (Calabarzon)"
"460","R4A-2020-2577","OR971459","2020-05-29","Region IV-A (Calabarzon)"
"461","R4A-2020-2377","OR971458","2020-03-04","Region IV-A (Calabarzon)"
"462","R4A-2020-0084","OR971457","2020-01-03","Region IV-A (Calabarzon)"
"463","R4A-2019-5970","OR971456","2019-08-27","Region IV-A (Calabarzon)"
"464","R4A-2019-5622","OR971455","2019-08-05","Region IV-A (Calabarzon)"
"465","R4A-2019-1033","OR971454","2019-10-24","Region IV-A (Calabarzon)"
"466","R4A-2019-1023","OR971453","2019-10-17","Region IV-A (Calabarzon)"
"467","R4A-2019-989","OR971452","2019-10-03","Region IV-A (Calabarzon)"
"468","R4A-2019-949","OR971451","2019-09-25","Region IV-A (Calabarzon)"
"469","R4A-2019-892","OR971450","2019-09-09","Region IV-A (Calabarzon)"
"470","R4A-2019-857","OR971449","2019-08-27","Region IV-A (Calabarzon)"
"471","R4A-2019-772","OR971448","2019-08-01","Region IV-A (Calabarzon)"
"472","R4A-2019-472","OR971447","2019-05-06","Region IV-A (Calabarzon)"
"473","R3-2022-0019","OR971446","2022-01-18","Region III (Central Luzon)"
"474","R3-2022-0017","OR971445","2022-01-13","Region III (Central Luzon)"
"475","R2-2019-7465","OR971394",NA,"Region I (Ilocos Region)"
"476","R2-2019-7027","OR971393","2019-08-20","Region II (Cagayan Valley)"
"477","R1-2022-042","OR971392","2022-04-21","Region I (Ilocos Region)"
"478","R1-2022-040","OR971391","2022-04-18","Region I (Ilocos Region)"
"479","R1-2022-034","OR971390","2022-04-04","Region I (Ilocos Region)"
"480","R1-2021-166","OR971389","2021-11-08","Region I (Ilocos Region)"
"481","R1-2021-165","OR971388","2021-11-02","Region I (Ilocos Region)"
"482","R1-2021-162","OR971387","2021-10-29","Region I (Ilocos Region)"
"483","R1-2021-161","OR971386","2021-10-28","Region I (Ilocos Region)"
"484","R1-2019-212","OR971385","2019-11-06","Region I (Ilocos Region)"
"485","R1-2019-204","OR971384","2019-10-21","Region I (Ilocos Region)"
"486","R1-2019-196","OR971383","2019-10-15","Region I (Ilocos Region)"
"487","R1-2019-193","OR971382","2019-10-01","Region I (Ilocos Region)"
"488","R1-2019-178","OR971381","2019-09-10","Region I (Ilocos Region)"
"489","NCR-2022-3616","OR971380","2022-09-28","National Capital Region (NCR)"
"490","NCR-2022-3580","OR971379","2022-09-23","National Capital Region (NCR)"
"491","NCR-2022-3487","OR971378","2022-09-16","National Capital Region (NCR)"
"492","NCR-2022-3357","OR971377","2022-09-08","National Capital Region (NCR)"
"493","NCR-2022-3281","OR971376","2022-09-05","National Capital Region (NCR)"
"494","NCR-2022-3207","OR971375","2022-08-30","National Capital Region (NCR)"
"495","NCR-2022-3197","OR971374","2022-08-26","National Capital Region (NCR)"
"496","NCR-2022-3192","OR971373","2022-08-26","National Capital Region (NCR)"
"497","NCR-2022-3089","OR971372","2022-08-22","National Capital Region (NCR)"
"498","NCR-2022-3041","OR971371","2022-08-18","National Capital Region (NCR)"
"499","NCR-2022-2995","OR971370","2022-08-15","National Capital Region (NCR)"
"500","NCR-2022-2994","OR971369","2022-08-15","National Capital Region (NCR)"
"501","NCR-2022-2923","OR971368","2022-08-09","National Capital Region (NCR)"
"502","NCR-2022-2918","OR971367","2022-08-09","National Capital Region (NCR)"
"503","NCR-2022-2837","OR971366","2022-08-05","National Capital Region (NCR)"
"504","NCR-2022-2610","OR971365","2022-07-21","National Capital Region (NCR)"
"505","NCR-2022-2209","OR971364","2022-06-28","National Capital Region (NCR)"
"506","NCR-2022-2199","OR971363","2022-06-27","National Capital Region (NCR)"
"507","NCR-2022-1961","OR971362","2022-06-13","National Capital Region (NCR)"
"508","NCR-2022-1945","OR971361","2022-06-10","National Capital Region (NCR)"
"509","NCR-2021-4011","OR971360","2021-05-11","National Capital Region (NCR)"
"510","NCR-2021-3901","OR971359","2021-02-11","National Capital Region (NCR)"
"511","NCR-2021-3654","OR971358","2021-10-13","National Capital Region (NCR)"
"512","NCR-2021-3600","OR971357","2021-07-10","National Capital Region (NCR)"
"513","NCR-2020-3323","OR971356","2020-01-10","National Capital Region (NCR)"
"514","NCR-2020-3257","OR971355","2020-09-21","National Capital Region (NCR)"
"515","NCR-2020-3068","OR971354","2020-08-24","National Capital Region (NCR)"
"516","NCR-2020-2865","OR971353","2020-07-23","National Capital Region (NCR)"
"517","NCR-2020-2625","OR971352","2020-06-15","National Capital Region (NCR)"
"518","NCR-2020-2509","OR971351","2020-03-31","National Capital Region (NCR)"
"519","NCR-2020-1676","OR971350","2020-02-05","National Capital Region (NCR)"
"520","NCR-2019-6661","OR971349","2019-09-30","National Capital Region (NCR)"
"521","NCR-2019-6544","OR971348","2019-09-24","National Capital Region (NCR)"
"522","NCR-2019-6154","OR971347","2019-09-05","National Capital Region (NCR)"
"523","CAR-2022-020","OR971346","2022-03-16","Cordillera Administrative Region (CAR)"
"524","CAR-2022-018","OR971345","2022-10-03","Cordillera Administrative Region (CAR)"
"525","R13-2021-2155","OR971675","2021-10-20","Region XIII (Caraga)"
"526","R13-2021-2146","OR971674","2021-10-18","Region XIII (Caraga)"
"527","R13-2021-2136","OR971673","2021-06-10","Region XIII (Caraga)"
"528","R13-2021-2131","OR971672","2021-09-15","Region XIII (Caraga)"
"529","R13-2021-2121","OR971671","2021-08-25","Region XIII (Caraga)"
"530","R13-2021-1748","OR971670","2021-05-07","Region XIII (Caraga)"
"531","R13-2021-1745","OR971669","2021-06-30","Region XIII (Caraga)"
"532","R13-2021-1498","OR971668","2021-05-30","Region XIII (Caraga)"
"533","R13-2021-617","OR971667","2021-10-03","Region XIII (Caraga)"
"534","R12-2021-1087","OR971666","2021-08-09","Region XII (Soccsksargen)"
"535","R12-2021-1086","OR971665","2021-08-09","Region XII (Soccsksargen)"
"536","R12-2021-954","OR971664","2021-07-01","Region XII (Soccsksargen)"
"537","R12-2021-905","OR971663","2021-06-24","Region XII (Soccsksargen)"
"538","R12-2021-384","OR971662","2021-03-09","Region XII (Soccsksargen)"
"539","R12-2021-339","OR971661","2021-03-03","Region XII (Soccsksargen)"
"540","R12-2021-280","OR971660","2021-02-23","Region XII (Soccsksargen)"
"541","R12-2021-244","OR971659","2021-02-18","Region XII (Soccsksargen)"
"542","R12-2021-237","OR971658","2021-02-16","Region XII (Soccsksargen)"
"543","R12-2021-232","OR971657","2021-02-16","Region XII (Soccsksargen)"
"544","R12-2021-176","OR971656","2021-02-02","Region XII (Soccsksargen)"
"545","R12-2021-175","OR971655","2021-02-02","Region XII (Soccsksargen)"
"546","R12-2021-100","OR971654","2021-01-19","Region XII (Soccsksargen)"
"547","R12-2021-063","OR971653","2021-01-14","Region XII (Soccsksargen)"
"548","R12-2021-047","OR971652","2021-01-11","Region XII (Soccsksargen)"
"549","R12-2021-033","OR971651","2021-01-11","Region XII (Soccsksargen)"
"550","R12-2021-020","OR971650","2021-01-05","Region XII (Soccsksargen)"
"551","R12-2019-0861","OR971649","2019-11-07","Region XII (Soccsksargen)"
"552","R12-2019-0699","OR971648","2019-09-05","Region XII (Soccsksargen)"
"553","R12-2019-0684","OR971647","2019-08-27","Region XII (Soccsksargen)"
"554","R12-2019-0637","OR971646","2019-08-02","Region XII (Soccsksargen)"
"555","R12-2019-0611","OR971645","2019-07-23","Region XII (Soccsksargen)"
"556","153",NA,"2018-05-17","Region V (Bicol Region)"
"557","4A-22-104",NA,"2022-01-25","Region IV-A (Calabarzon)"
"558","4A-22-171",NA,"2022-02-06","Region IV-A (Calabarzon)"
"559","4A-22-203",NA,"2022-02-11","Region IV-A (Calabarzon)"
"560","4A-22-40",NA,"2022-01-10","Region IV-A (Calabarzon)"
"561","4A-22-98",NA,"2022-01-22","Region IV-A (Calabarzon)"
"562","4B-21-126",NA,"2021-01-26","Mimaropa Region"
"563","4B-21-29",NA,"2021-02-09","Mimaropa Region"
"564","4B-21-310",NA,"2021-03-10","Mimaropa Region"
"565","4B-21-35",NA,"2021-03-05","Mimaropa Region"
"566","4B-21-412",NA,"2021-04-12","Mimaropa Region"
"567","4B-21-421",NA,"2021-04-14","Mimaropa Region"
"568","4B-21-423",NA,"2021-04-23","Mimaropa Region"
"569","4B-21-528",NA,"2021-05-28","Mimaropa Region"
"570","4B-21622",NA,"2022-02-16","Mimaropa Region"
"571","4B-22-114",NA,"2022-01-14","Mimaropa Region"
"572","4B-22-13",NA,"2022-04-22","Mimaropa Region"
"573","4B-22-15",NA,"2022-01-05","Mimaropa Region"
"574","4B-22-16",NA,"2022-04-28","Mimaropa Region"
"575","4B-22-17",NA,"2022-05-08","Mimaropa Region"
"576","4B-22-20",NA,"2022-05-19","Mimaropa Region"
"577","4B-22-21",NA,"2022-05-31","Mimaropa Region"
"578","4B-22-28",NA,"2022-07-27","Mimaropa Region"
"579","4B-22-30",NA,"2022-08-12","Mimaropa Region"
"580","4B-22-31",NA,"2022-08-18","Mimaropa Region"
"581","4B-22-35",NA,"2022-10-25","Mimaropa Region"
"582","4B-22-37",NA,"2022-10-01","Mimaropa Region"
"583","4B-22-39",NA,"2022-10-21","Mimaropa Region"
"584","4B-22-40",NA,"2022-12-02","Mimaropa Region"
"585","4B-22-41",NA,"2022-11-24","Mimaropa Region"
"586","4B-22-42",NA,"2022-11-26","Mimaropa Region"
"587","4B-22-44",NA,"2022-12-11","Mimaropa Region"
"588","4B-22-45",NA,"2022-12-12","Mimaropa Region"
"589","4B-23-01",NA,"2023-01-20","Mimaropa Region"
"590","4B-23-02",NA,"2023-01-13","Mimaropa Region"
"591","4B-23-03",NA,"2023-01-22","Mimaropa Region"
"592","4B-23-04",NA,"2023-01-31","Mimaropa Region"
"593","4B-23-05",NA,"2023-01-20","Mimaropa Region"
"594","4B-23-06",NA,"2023-02-02","Mimaropa Region"
"595","4B-23-07",NA,"2023-02-07","Mimaropa Region"
"596","4B-23-11",NA,"2023-02-07","Mimaropa Region"
"597","4B-23-12",NA,"2023-02-14","Mimaropa Region"
"598","4B-23-13",NA,"2023-02-09","Mimaropa Region"
"599","4B-23-15",NA,"2023-02-16","Mimaropa Region"
"600","4B-23-16",NA,"2023-02-28","Mimaropa Region"
"601","4B-23-17",NA,"2023-03-01","Mimaropa Region"
"602","4B-23-19",NA,"2023-03-01","Mimaropa Region"
"603","4B-2422",NA,"2022-02-04","Mimaropa Region"
"604","4B-2922HM",NA,"2022-02-09","Mimaropa Region"
"605","4B-2922JG",NA,"2022-02-09","Mimaropa Region"
"606","H-23-011Sk_12",NA,"2023-02-02","Mimaropa Region"
"607","Z-14-033",NA,"2014-02-07","Region IV-A (Calabarzon)"
"608","Z-13-032",NA,"2013-02-14","National Capital Region (NCR)"
"609","R1-21-148",NA,"2021-04-10","Region I (Ilocos Region)"
"610","R10-688",NA,"2021-07-02","Region X (Northern Mindanao)"
"611","R10-711",NA,"2021-07-12","Region X (Northern Mindanao)"
"612","R10-714",NA,"2021-07-11","Region X (Northern Mindanao)"
"613","R10-824",NA,"2021-09-09","Region X (Northern Mindanao)"
"614","R10-856",NA,"2021-09-27","Region X (Northern Mindanao)"
"615","R10-907",NA,"2021-10-25","Region X (Northern Mindanao)"
"616","R10-920",NA,"2021-10-26","Region X (Northern Mindanao)"
"617","R10-989",NA,"2021-11-25","Region X (Northern Mindanao)"
"618","R10-990",NA,"2021-11-25","Region X (Northern Mindanao)"
"619","R11-21-61",NA,"2021-08-11","Bangsamoro Autonomous Region In Muslim Mindanao (BARMM)"
"620","R11-21-63",NA,"2021-10-04","Region XI (Davao Region)"
"621","R11-22-002",NA,"2022-01-05","Region XI (Davao Region)"
"622","R2-081",NA,"2020-08-31","Region II (Cagayan Valley)"
"623","R3-731",NA,"2021-12-09","Region III (Central Luzon)"
"624","R5-22-09",NA,"2022-02-07","Region V (Bicol Region)"
"625","R5-21-115",NA,"2021-09-28","Region V (Bicol Region)"
"626","R5-21-119",NA,"2021-10-15","Region V (Bicol Region)"
"627","R5-21-128",NA,"2021-11-09","Region V (Bicol Region)"
"628","R5-21-132",NA,"2021-11-15","Region V (Bicol Region)"
"629","R5-21-136",NA,"2021-12-02","Region V (Bicol Region)"
"630","R5-21-140",NA,"2021-12-10","Region V (Bicol Region)"
"631","R5-22-008",NA,"2022-02-02","Region V (Bicol Region)"
"632","R6-21-4375",NA,"2021-10-01","Region VI (Western Visayas)"
"633","R6-21-4511",NA,"2021-10-08","Region VI (Western Visayas)"
"634","R6-21-4600",NA,"2021-10-14","Region VI (Western Visayas)"
"635","R6-4342",NA,"2021-09-30","Region VI (Western Visayas)"
"636","R6-4568",NA,"2021-10-13","Region VI (Western Visayas)"
"637","R7-21-161",NA,"2021-10-18","Region VII (Central Visayas)"
"638","R9-010",NA,"2020-01-27","Region IX (Zamboanga Peninsula)"
"639","R9-074",NA,"2021-08-20","Region IX (Zamboanga Peninsula)"
"640","R9-089",NA,"2021-10-07","Region IX (Zamboanga Peninsula)"
"641","R9-105",NA,"2021-12-09","Region IX (Zamboanga Peninsula)"
"642","RADDL1-16-153",NA,"2016-07-18","Region I (Ilocos Region)"
"643","RADDL1-16-166",NA,"2016-08-09","Region I (Ilocos Region)"
"644","RADDL3-1045",NA,"2015-10-23","Region III (Central Luzon)"
"645","RADDL3-15-172",NA,"2015-02-12","Region III (Central Luzon)"
"646","RADDL3-16-1008",NA,"2016-10-27","Region III (Central Luzon)"
"647","RADDL3-16-468",NA,"2016-06-01","Region III (Central Luzon)"
"648","RADDL3-16-521",NA,"2016-06-15","Region III (Central Luzon)"
"649","RADDL3-16-627",NA,"2016-07-27","Region III (Central Luzon)"
"650","RADDL3-845",NA,"2015-09-02","Region III (Central Luzon)"
"651","RADDL5-005",NA,"2015-01-30","Region V (Bicol Region)"
"652","Z-04-664",NA,"2004-12-15","National Capital Region (NCR)"
"653","Z-05-102",NA,"2005-02-21","National Capital Region (NCR)"
"654","Z-05-191",NA,"2005-04-10","National Capital Region (NCR)"
"655","Z-05-557",NA,"2005-12-03","National Capital Region (NCR)"
"656","Z-05-96",NA,"2005-02-17","National Capital Region (NCR)"
"657","Z-06-150",NA,"2006-04-24","Region IV-A (Calabarzon)"
"658","Z-06-295",NA,"2006-07-22","Region IV-A (Calabarzon)"
"659","Z-06-39",NA,"2006-01-26","Region IV-A (Calabarzon)"
"660","Z-07-07",NA,"2007-01-08","Region IV-A (Calabarzon)"
"661","Z-07-22",NA,"2007-01-23","Region IV-A (Calabarzon)"
"662","Z-07-222",NA,"2007-06-30","Region IV-A (Calabarzon)"
"663","Z-07-351",NA,"2007-10-25","National Capital Region (NCR)"
"664","Z-07-366",NA,"2007-11-12","Region IV-A (Calabarzon)"
"665","Z-07-38",NA,"2007-05-02","Region IV-A (Calabarzon)"
"666","Z-07-387",NA,"2007-12-07","Region IV-A (Calabarzon)"
"667","Z-07-398",NA,"2007-12-19","Region IV-A (Calabarzon)"
"668","Z-07-403",NA,"2007-12-22","Region IV-A (Calabarzon)"
"669","Z-07-407",NA,"2007-12-26","National Capital Region (NCR)"
"670","Z-08-351",NA,"2008-12-12","Region IV-A (Calabarzon)"
"671","Z-08-359",NA,"2008-12-25","Region IV-A (Calabarzon)"
"672","Z-09-94",NA,"2009-04-08","National Capital Region (NCR)"
"673","Z-12-012",NA,"2012-01-16","Region IV-A (Calabarzon)"
"674","Z-12-029",NA,"2012-02-03","National Capital Region (NCR)"
"675","Z-12-034",NA,"2012-02-06","Region IV-A (Calabarzon)"
"676","Z-12-060",NA,"2012-02-25","Region IV-A (Calabarzon)"
"677","Z-12-149",NA,"2012-06-28","Mimaropa Region"
"678","Z-12-208",NA,"2012-10-02","National Capital Region (NCR)"
"679","Z-13-020",NA,"2013-02-02","National Capital Region (NCR)"
"680","Z-13-036",NA,"2013-02-25","National Capital Region (NCR)"
"681","Z-13-037",NA,"2013-02-25","Region IV-A (Calabarzon)"
"682","Z-13-065",NA,"2013-04-04","Region IV-A (Calabarzon)"
"683","Z-13-066",NA,"2013-04-05","Region IV-A (Calabarzon)"
"684","Z-13-071",NA,"2013-04-10","National Capital Region (NCR)"
"685","Z-13-073",NA,"2013-04-12","National Capital Region (NCR)"
"686","Z-13-081",NA,"2013-04-25","Region IV-A (Calabarzon)"
"687","Z-13-086",NA,"2013-05-03","Region IV-A (Calabarzon)"
"688","Z-13-089",NA,"2013-05-04","Region IV-A (Calabarzon)"
"689","Z-13-094",NA,"2013-05-10","Region IV-A (Calabarzon)"
"690","Z-13-096",NA,"2013-05-12","National Capital Region (NCR)"
"691","Z-13-098",NA,"2013-05-13","National Capital Region (NCR)"
"692","Z-13-134",NA,"2013-06-10","National Capital Region (NCR)"
"693","Z-13-135",NA,"2013-06-12","Region IV-A (Calabarzon)"
"694","Z-13-161",NA,"2013-07-20","Region IV-A (Calabarzon)"
"695","Z-13-171",NA,"2013-08-05","Region IV-A (Calabarzon)"
"696","Z-13-184",NA,"2013-08-29","Region IV-A (Calabarzon)"
"697","Z-13-204",NA,"2013-09-26","Region IV-A (Calabarzon)"
"698","Z-13-216",NA,"2013-10-25","Mimaropa Region"
"699","Z-13-234",NA,"2013-11-15","Region IV-A (Calabarzon)"
"700","Z-13-259",NA,"2013-12-18","Region IV-A (Calabarzon)"
"701","Z-14-023",NA,"2014-01-31","Region IV-A (Calabarzon)"
"702","Z-14-05",NA,"2014-01-05","Region IV-A (Calabarzon)"
"703","Z-14-058",NA,"2014-03-14","Region IV-A (Calabarzon)"
"704","Z-14-098",NA,"2014-04-29","Region IV-A (Calabarzon)"
"705","Z-14-101",NA,"2014-05-04","National Capital Region (NCR)"
"706","Z-14-106",NA,"2014-05-08","Region IV-A (Calabarzon)"
"707","Z-14-126",NA,"2014-05-31","National Capital Region (NCR)"
"708","Z-14-136",NA,"2014-06-11","Region IV-A (Calabarzon)"
"709","Z-14-142",NA,"2014-06-21","Region IV-A (Calabarzon)"
"710","Z-14-182",NA,"2014-08-20","Region III (Central Luzon)"
"711","Z-14-243",NA,"2014-11-13","Region IV-A (Calabarzon)"
"712","Z-15-001",NA,"2015-01-01","Region IV-A (Calabarzon)"
"713","Z-15-009",NA,"2015-01-16","National Capital Region (NCR)"
"714","Z-15-163",NA,"2015-09-05","Region IV-A (Calabarzon)"
"715","Z-16-082",NA,"2016-05-24","Region IV-A (Calabarzon)"
"716","Z-16-150",NA,"2016-09-05","National Capital Region (NCR)"
"717","Z-16-151",NA,"2016-09-05","Region IV-A (Calabarzon)"
"718","Z-16-196",NA,"2016-11-23","Region IV-A (Calabarzon)"
"719","Z-16-209",NA,"2016-12-14","Region IV-A (Calabarzon)"
"720","Z-16-210",NA,"2016-12-16","National Capital Region (NCR)"
"721","Z-16-211",NA,"2016-12-19","Region IV-A (Calabarzon)"
"722","Z-17-046",NA,"2017-03-06","Region IV-A (Calabarzon)"
"723","Z-17-174",NA,"2017-09-23","National Capital Region (NCR)"
"724","Z-17-177",NA,"2017-09-25","Region IV-A (Calabarzon)"
"725","Z-17-193",NA,"2017-10-13","Region IV-A (Calabarzon)"
"726","Z-17-200",NA,"2017-10-31","Region IV-A (Calabarzon)"
"727","Z-17-217",NA,"2017-11-16","Region IV-A (Calabarzon)"
"728","Z-17-221",NA,"2017-11-28","Region IV-A (Calabarzon)"
"729","Z-17-57",NA,"2017-03-29","Mimaropa Region"
"730","Z-18-001",NA,"2018-01-02","Region IV-A (Calabarzon)"
"731","Z-18-114",NA,"2018-05-28","Region IV-A (Calabarzon)"
"732","Z-18-159",NA,"2018-07-19","Region III (Central Luzon)"
"733","Z-18-224",NA,"2018-10-28","National Capital Region (NCR)"
"734","Z-18-251",NA,"2018-12-07","Region IV-A (Calabarzon)"
"735","Z-19-029",NA,"2019-02-26","Region IV-A (Calabarzon)"
"736","Z-19-123",NA,"2019-08-11","Region IV-A (Calabarzon)"
"737","Z-19-136",NA,"2019-09-05","Region IV-A (Calabarzon)"
"738","Z-19-88",NA,"2019-05-31","Region IV-A (Calabarzon)"
"739","Z-20-01",NA,"2020-01-03","Region IV-A (Calabarzon)"
"740","Z-20-110",NA,"2020-10-23","Region IV-A (Calabarzon)"
"741","Z-20-24",NA,"2020-02-14","National Capital Region (NCR)"
"742","Z-20-33",NA,"2020-02-18","National Capital Region (NCR)"
"743","Z-20-51",NA,"2020-03-02","Region IV-A (Calabarzon)"
"744","Z-22-103",NA,"2022-11-21","Mimaropa Region"
"745","Z-22-119",NA,"2022-12-28","Mimaropa Region"
"746","Z-22-121",NA,"2022-12-19","Mimaropa Region"
"747","Z-23-01",NA,"2023-01-03","Region IV-A (Calabarzon)"
"748","Z-23-01Sa",NA,"2023-01-03","Region IV-A (Calabarzon)"
"749","Z-98-1061",NA,"1998-08-05","Region IV-A (Calabarzon)"
"750","Z-98-134",NA,"1998-02-09","Region IV-A (Calabarzon)"
"751","Z-98-206",NA,"1998-03-02","Region IV-A (Calabarzon)"
"752","Z-98-285",NA,"1998-03-18","Region IV-A (Calabarzon)"
"753","Z-98-286",NA,"1998-03-19","Region IV-A (Calabarzon)"
"754","Z-98-335",NA,"1998-04-01","Region IV-A (Calabarzon)"
"755","Z-98-433",NA,"1998-04-30","Region IV-A (Calabarzon)"
"756","Z-98-454",NA,"1998-05-04","National Capital Region (NCR)"
"757","Z-98-515",NA,"1998-05-20","National Capital Region (NCR)"
"758","Z-98-616",NA,"1998-06-18","Region III (Central Luzon)"
"759","Z-98-667",NA,"1998-06-29","Region IV-A (Calabarzon)"
"760","Z-98-712",NA,"1998-07-11","Region IV-A (Calabarzon)"
"761","Z-98-718",NA,"1998-07-13","Region IV-A (Calabarzon)"
"762","Z-98-780",NA,"1998-07-25","Region IV-A (Calabarzon)"
"763","Z-98-823",NA,"1998-08-05","Region IV-A (Calabarzon)"
"764","Z-98-838",NA,"1998-08-09","National Capital Region (NCR)"
"765","Z-98-860",NA,"1998-08-14","Region IV-A (Calabarzon)"
"766","RADDL1-16-154",NA,"2016-07-21","Region I (Ilocos Region)"
"767","RADDL3-1038",NA,"2015-10-22","Region III (Central Luzon)"
"768","REGION_5_2018-50",NA,"2018-12-20","Region V (Bicol Region)"
"769","REGION_5_2018-100",NA,"2018-03-27","Region V (Bicol Region)"
"770","REGION_5_2018-304",NA,"2018-10-25","Region V (Bicol Region)"
"771","REGION_5_2018-311",NA,"2018-11-13","Region V (Bicol Region)"
"772","REGION_5_2019-1",NA,"2019-03-20","Region V (Bicol Region)"
"773","REGION_5_2019-13",NA,"2019-01-17","Region V (Bicol Region)"
"774","Z-12-001",NA,"2012-01-20","Region IV-A (Calabarzon)"
"775","Z-12-088",NA,"2012-03-29","National Capital Region (NCR)"
"776","Z-12-118",NA,"2012-05-31","Region IV-A (Calabarzon)"
"777","Z-12-134",NA,"2012-06-18","Region IV-A (Calabarzon)"
"778","Z-12-180",NA,"2012-08-18","Region IV-A (Calabarzon)"
"779","Z-12-212",NA,"2012-04-20","Region IV-A (Calabarzon)"
"780","Z-13-002",NA,"2013-02-20","National Capital Region (NCR)"
"781","Z-13-009",NA,"2013-01-19","Region IV-A (Calabarzon)"
"782","Z-13-011",NA,"2013-01-21","Region IV-A (Calabarzon)"
"783","Z-14-138",NA,"2014-06-16","National Capital Region (NCR)"
"784","Z-14-146",NA,"2014-06-26","Region IV-A (Calabarzon)"
"785","Z-14-149",NA,"2014-06-28","Region IV-A (Calabarzon)"
"786","Z-14-152",NA,"2014-02-20","National Capital Region (NCR)"
"787","Z-15-012",NA,"2015-01-22","Region IV-A (Calabarzon)"
"788","Z-15-019",NA,"2015-01-28","National Capital Region (NCR)"
"789","Z-15-116",NA,"2015-06-17","Region IV-A (Calabarzon)"
"790","Z-15-119",NA,"2015-06-19","National Capital Region (NCR)"
"791","Z-15-130",NA,"2015-06-20","Region IV-A (Calabarzon)"
"792","Z-15-148",NA,"2015-04-20","National Capital Region (NCR)"
"793","Z-15-185",NA,"2015-10-18","National Capital Region (NCR)"
"794","Z-16-013",NA,"2016-01-16","Region IV-A (Calabarzon)"
"795","Z-16-052",NA,"2016-03-20","Region IV-A (Calabarzon)"
"796","Z-16-159",NA,"2016-12-20","Region IV-A (Calabarzon)"
"797","Z-16-186",NA,"2016-03-20","Region IV-A (Calabarzon)"
"798","19-30",NA,"2019-01-01",NA
"799","19-40",NA,"2019-01-01",NA
"800","CAR-22-018",NA,"2022-01-01",NA
"801","CAR-22-020",NA,"2022-01-01",NA
"802","COW",NA,"2020-01-01",NA
"803","GOAT",NA,"2020-01-01",NA
"804","R11-22-001",NA,"2022-01-01",NA
"805","R2-22-5302",NA,"2022-01-01",NA
"806","R2-22-5814",NA,"2022-01-01",NA
"807","R2-22-84711",NA,"2022-01-01",NA
"808","R2-22-8924",NA,"2022-01-01",NA
"809","R3-0483",NA,"2022-01-01",NA
"810","R6-21-4343",NA,"2021-01-01",NA
"811","R7-21-149",NA,"2021-01-01",NA
