seqName,errors,warnings,failedGenes
KX148260,,,
KX148259,,,
KX148262,,,
KX148261,,,
OQ326752,,,
OQ326749,,,
OQ326750,,,
OQ326754,,,
OQ326751,,,
OQ326748,,,
KX148263,,,
OQ326746,,,
OQ326745,,,
OQ326753,,,
OQ326743,,,
OQ326742,,,
OQ326747,,,
OQ326741,,,
OQ326744,,,
OQ326737,,,
OQ326736,,,
OR971444,,,
OQ326740,,,
OR971443,,,
OQ326738,,,
OR971442,,,
OR971440,,,
OR971441,,,
OR971437,,,
OR971431,,,
OR971439,,,
OR971430,,,
OR971438,,,
OR971436,,,
OR971435,,,
OQ326739,,,
OR971432,,,
OR971434,,,
OR971433,,,
OR971429,,,
OR971428,,,
OR971426,,,
OR971422,,,
OR971420,,,
OR971423,,,
OR971424,,,
OR971427,,,
OR971418,,,
OR971421,,,
OR971425,,,
OR971415,,,
OR971417,,,
OR971419,,,
OR971411,,,
OR971409,,,
OR971416,,,
OR971412,,,
OR971413,,,
OR971408,,,
OR971414,,,
OR971406,,,
OR971405,,,
OR971404,,,
OR971401,,,
OR971400,,,
OR971407,,,
OR971402,,,
OR971403,,,
OR971395,,,
OR971396,,,
OR971399,,,
OR971397,,,
OR971398,,,
OQ326784,,,
OQ326783,,,
OQ326782,,,
OQ326777,,,
OQ326780,,,
OQ326781,,,
OQ326775,,,
OQ326779,,,
OQ326771,,,
OQ326778,,,
OQ326776,,,
OQ326769,,,
OQ326767,,,
OQ326773,,,
OQ326774,,,
OQ326772,,,
OQ326766,,,
OQ326765,,,
OQ326764,,,
OQ326768,,,
OQ326770,,,
OQ326763,,,
OQ326759,,,
OQ326758,,,
OQ326762,,,
OQ326761,,,
OQ326757,,,
OQ326756,,,
OR971543,,,
OQ326755,,,
OR971544,,,
OQ326760,,,
OR971539,,,
OR971537,,,
OR971534,,,
OR971533,,,
OR971535,,,
OR971531,,,
OR971532,,,
OR971540,,,
OR971542,,,
OR971541,,,
OR971529,,,
OR971528,,,
OR971538,,,
OR971527,,,
OR971536,,,
OR971525,,,
OR971530,,,
OR971521,,,
OR971526,,,
OR971523,,,
OR971524,,,
OR971520,,,
OR971519,,,
OR971514,,,
OR971517,,,
OR971522,,,
OR971518,,,
OR971512,,,
OR971513,,,
OR971515,,,
OR971516,,,
OR971511,,,
OR971503,,,
OR971505,,,
OR971506,,,
OR971502,,,
OR971507,,,
OR971500,,,
OR971510,,,
OR971499,,,
OR971504,,,
OR971498,,,
OR971497,,,
OR971501,,,
OR971509,,,
OR971496,,,
OR971508,,,
OR971343,,,
OR971339,,,
OR971341,,,
OR971336,,,
OR971337,,,
OR971344,,,
OR971342,,,
OR971495,,,
OR971338,,,
OR971340,,,
OR971331,,,
OR971335,,,
OR971329,,,
OR971330,,,
OR971332,,,
OR971333,,,
OR971334,,,
OR971328,,,
OR971327,,,
OR971323,,,
OR971644,,,
OR971326,,,
OR971642,,,
OR971639,,,
OR971638,,,
OR971325,,,
OR971324,,,
OR971635,,,
OR971637,,,
OR971641,,,
OR971636,,,
OR971640,,,
OR971643,,,
OR971634,,,
OR971632,,,
OR971628,,,
OR971633,,,
OR971631,,,
OR971624,,,
OR971630,,,
OR971622,,,
OR971627,,,
OR971625,,,
OR971629,,,
OR971621,,,
OR971623,,,
OR971618,,,
OR971626,,,
OR971615,,,
OR971614,,,
OR971620,,,
OR971612,,,
OR971616,,,
OR971619,,,
OR971617,,,
OR971613,,,
OR971609,,,
OR971608,,,
OR971611,,,
OR971610,,,
OR971606,,,
OR971601,,,
OR971600,,,
OR971607,,,
OR971604,,,
OR971602,,,
OR971605,,,
OR971597,,,
OR971599,,,
OR971603,,,
MN857170,,,
OR971598,,,
MN857171,,,
MN857168,,,
OR971595,,,
OR971596,,,
OR971593,,,
MN857167,,,
MN857169,,,
OR971591,,,
OR971588,,,
OR971592,,,
OR971594,,,
OR971587,,,
OR971586,,,
OR971589,,,
OR971583,,,
OR971582,,,
OR971590,,,
OR971579,,,
OR971584,,,
OR971577,,,
OR971580,,,
OR971585,,,
OR971581,,,
OR971578,,,
OR971575,,,
OR971574,,,
OR971576,,,
OR971573,,,
OR971572,,,
OR971571,,,
OR971570,,,
OR971568,,,
OR971569,,,
OR971566,,,
OR971567,,,
OR971564,,,
OR971560,,,
OR971565,,,
OR971561,,,
OR971562,,,
OR971558,,,
OR971563,,,
OR971557,,,
OR971559,,,
OR971553,,,
OR971550,,,
OR971549,,,
OR971548,,,
OR971556,,,
OR971555,,,
OR971554,,,
OR971552,,,
OR971547,,,
OR971494,,,
OR971551,,,
OR971545,,,
OR971491,,,
OR971493,,,
OR971492,,,
OR971487,,,
OR971546,,,
OR971486,,,
OR971490,,,
OR971485,,,
OR971489,,,
OR971484,,,
OR971488,,,
OR971481,,,
OR971480,,,
OR971476,,,
OR971477,,,
OR971483,,,
OR971474,,,
OR971479,,,
OR971478,,,
OR971482,,,
OR971475,,,
OR971471,,,
OR971468,,,
OR971466,,,
OR971472,,,
OR971469,,,
OR971464,,,
OR971473,,,
OR971470,,,
OR971465,,,
OR971463,,,
OR971467,,,
OR971456,,,
OR971459,,,
OR971455,,,
OR971462,,,
OR971454,,,
OR971458,,,
OR971457,,,
OR971461,,,
OR971460,,,
OR971453,,,
OR971451,,,
OR971446,,,
OR971449,,,
OR971452,,,
OR971450,,,
OR971394,,,
OR971393,,,
OR971448,,,
OR971445,,,
OR971392,,,
OR971447,,,
OR971391,,,
OR971384,,,
OR971385,,,
OR971390,,,
OR971383,,,
OR971388,,,
OR971386,,,
OR971382,,,
OR971387,,,
OR971379,,,
OR971378,,,
OR971389,,,
OR971380,,,
OR971381,,,
OR971374,,,
OR971375,,,
OR971372,,,
OR971370,,,
OR971377,,,
OR971376,,,
OR971367,,,
OR971369,,,
OR971373,,,
OR971366,,,
OR971371,,,
OR971368,,,
OR971360,,,
OR971363,,,
OR971362,,,
OR971365,,,
OR971357,,,
OR971364,,,
OR971361,,,
OR971355,,,
OR971354,,,
OR971353,,,
OR971358,,,
OR971356,,,
OR971359,,,
OR971347,,,
OR971350,,,
OR971346,,,
OR971348,,,
OR971345,,,
OR971352,,,
OR971674,,,
OR971351,,,
OR971349,,,
OR971671,,,
OR971670,,,
OR971675,,,
OR971666,,,
OR971667,,,
OR971673,,,
OR971665,,,
OR971672,,,
OR971669,,,
OR971664,,,
OR971668,,,
OR971662,,,
OR971658,,,
OR971659,,,
OR971663,,,
OR971661,,,
OR971657,,,
OR971655,,,
OR971660,,,
OR971656,,,
OR971653,,,
OR971652,,,
OR971650,,,
OR971654,,,
OR971648,,,
OR971649,,,
OR971651,,,
14,,,
19-30,,,
19-40,,,
OR971645,,,
153,,,
OR971647,,,
4A-22-40,,,
4A-22-203,,,
OR971646,,,
4A-22-104,,,
4B-21-35,,,
4A-22-171,,,
4A-22-98,,,
4B-21-310,,,
4B-21-412,,,
4B-21-126,,,
4B-21-29,,,
4B-21-421,,,
4B-21-423,,,
4B-21-528,,,
4B-21622,,,
4B-22-15,,,
4B-22-114,,,
4B-22-17,,,
4B-22-30,,,
4B-22-31,,,
4B-22-37,,,
4B-22-35,,,
4B-22-16,,,
4B-22-13,,,
4B-22-20,,,
4B-22-39,,,
4B-22-41,,,
4B-22-28,,,
4B-22-40,,,
4B-22-21,,,
4B-23-04,,,
4B-23-02,,,
4B-22-45,,,
4B-23-03,,,
4B-22-44,,,
4B-23-01,,,
4B-23-11,,,
4B-23-06,,,
4B-22-42,,,
4B-23-12,,,
4B-23-13,,,
4B-23-16,,,
4B-23-07,,,
4B-2422,,,
4B-2922HM,,,
4B-23-19,,,
CAR-22-020,,,
COW,,,
4B-23-15,,,
4B-23-05,,,
4B-23-17,,,
4B-2922JG,,,
GOAT,,,
R1-21-148,,,
CAR-22-018,,,
R10-688,,,
R10-824,,,
R10-907,,,
R10-989,,,
R10-990,,,
R10-711,,,
H24-028,,,
R10-920,,,
R11-22-001,,,
R10-856,,,
R11-21-61,,,
R11-22-002,,,
R11-21-63,,,
R2-081,,,
R2-22-5302,,,
R10-714,,,
R2-22-5814,,,
R5-21-115,,,
R3-731,,,
R2-22-8924,,,
R5-21-119,,,
R2-22-84711,,,
R5-22-09,,,
R3-0483,,,
R6-21-4511,,,
R5-21-140,,,
R5-21-136,,,
R5-21-128,,,
R5-21-132,,,
R6-21-4343,,,
R5-22-008,,,
R6-21-4375,,,
R6-4568,,,
R9-074,,,
R7-21-161,,,
R7-21-149,,,
R6-21-4600,,,
R6-4342,,,
RADDL1-16-153,,,
RADDL1-16-154,,,
R9-010,,,
RADDL3-1038,,,
R9-089,,,
R9-105,,,
RADDL3-16-1008,,,
RADDL3-15-172,,,
RADDL3-1045,,,
RADDL1-16-166,,,
RADDL3-16-627,,,
RADDL3-16-468,,,
RADDL4B-23-044,,,
RADDL4B-23-045,,,
RADDL3-16-521,,,
RADDL4B-23-047,,,
RADDL3-845,,,
RADDL4B-23-056,,,
RADDL4B-23-058,,,
RADDL4B-23-042,,,
RADDL4B-23-060,,,
RADDL4B-23-061,,,
RADDL4B-23-070,,,
RADDL4B-23-057,,,
RADDL4B-23-049,,,
RADDL4B-23-046,,,
RADDL4B-23-052,,,
RADDL4B-23-076,,,
RADDL4B-23-072,,,
RADDL4B-23-085,,,
RADDL4B-23-065,,,
RADDL4B-23-094,,,
RADDL4B-23-081,,,
RADDL4B-23-080,,,
RADDL4B-23-092,,,
RADDL4B-23-097,,,
RADDL4B-23-089,,,
RADDL4B-23-090,,,
RADDL4B-23-093,,,
RADDL4B-23-100,,,
RADDL4B-23-098,,,
RADDL4B-23-105,,,
RADDL4B-23-104,,,
RADDL4B-23-099,,,
RADDL4B-23-095,,,
RADDL4B-24-002,,,
RADDL4B-23-101,,,
RADDL4B-24-011,,,
RADDL4B-24-001,,,
RADDL4B-24-013,,,
RADDL4B-24-003,,,
RADDL4B-24-012,,,
RADDL4B-24-014,,,
RADDL4B-24-007,,,
RADDL4B-24-016,,,
RADDL4B-24-009,,,
RADDL4B-24-017,,,
RADDL4B-24-018,,,
RADDL4B-24-026,,,
RADDL4B-24-027,,,
RADDL4B-24-015,,,
RADDL4B-24-028,,,
RADDL4B-24-019,,,
RADDL4B-24-023,,,
RADDL4B-24-029,,,
RADDL4B-24-021,,,
RADDL4B-24-035,,,
RADDL4B-24-030,,,
RADDL4B-24-034,,,
RADDL4B-24-038,,,
RADDL4B-24-049,,,
RADDL4B-24-046,,,
RADDL4B-24-042,,,
RADDL4B-24-053,,,
RADDL4B-24-037,,,
RADDL4B-24-043,,,
RADDL4B-24-055,,,
RADDL4B-24-056,,,
RADDL4B-24-052,,,
RADDL4B-24-057,,,
RADDL4B-24-048,,,
RADDL4B-24-058,,,
RADDL4B-24-059,,,
RADDL4B-24-054,,,
RADDL4B-24-051,,,
RADDL4B-24-066,,,
RADDL4B-24-062,,,
RADDL4B-24-071,,,
RADDL4B-24-073,,,
RADDL4B-24-070,,,
RADDL4B-24-078,,,
RADDL4B-24-063,,,
RADDL4B-24-080,,,
RADDL4B-24-081,,,
RADDL4B-24-082,,,
RADDL4B-24-067,,,
RADDL4B-24-069,,,
RADDL4B-24-077,,,
RADDL4B-24-074,,,
RADDL4B-24-084,,,
RADDL4B-24-076,,,
RADDL4B-24-085,,,
RADDL4B-24-087,,,
RADDL4B-24-097,,,
RADDL4B-24-093,,,
RADDL4B-24-086,,,
RADDL4B-24-088,,,
RADDL4B-24-096,,,
RADDL4B-24-099,,,
RADDL4B-24-100,,,
RADDL4B-24-098,,,
RADDL4B-24-101,,,
RADDL4B-24-095,,,
RADDL4B-24-112,,,
RADDL4B-24-106,,,
RADDL4B-24-116,,,
RADDL4B-24-102,,,
RADDL4B-24-120,,,
RADDL4B-24-114,,,
RADDL4B-24-124,,,
RADDL4B-24-122,,,
RADDL4B-24-107,,,
RADDL4B-24-125,,,
RADDL4B-24-113,,,
RADDL4B-24-117,,,
RADDL4B-24-127,,,
RADDL4B-24-151,,,
RADDL4B-24-121,,,
RADDL4B-24-138,,,
RADDL4B-24-155,,,
RADDL4B-24-157,,,
RADDL4B-24-162,,,
RADDL4B-24-154,,,
RADDL4B-24-153,,,
RADDL4B-24-181,,,
RADDL4B-24-183,,,
RADDL4B-24-185,,,
RADDL4B-24-156,,,
RADDL4B-24-173,,,
RADDL4B-24-178,,,
RADDL4B-24-186,,,
RADDL4B-24-174,,,
RADDL4B-24-184,,,
RADDL4B-24-188,,,
RADDL4B-25-005,,,
RADDL4B-25-006,,,
RADDL4B-24-180,,,
RADDL4B-25-008,,,
RADDL4B-25-017,,,
RADDL4B-24-187,,,
RADDL5-005,,,
RADDL4B-25-009,,,
REGION_5_2018-100,,,
REGION_5_2018-304,,,
REGION_5_2019-1,,,
RADDL4B-25-022,,,
Z-05-191,,,
REGION_5_2018-311,,,
RADDL4B-25-039,,,
Z-05-557,,,
RADDL4B-25-032,,,
REGION_5_2019-13,,,
Z-05-96,,,
REGION_5_2018-50,,,
Z-05-102,,,
Z-06-39,,,
Z-06-295,,,
Z-07-07,,,
Z-07-387,,,
Z-07-38,,,
Z-07-351,,,
Z-07-366,,,
Z-08-351,,,
Z-09-94,,,
Z-12-001,,,
Z-08-359,,,
Z-12-029,,,
Z-06-150,,,
Z-07-407,,,
Z-07-398,,,
Z-07-403,,,
Z-12-088,,,
Z-12-118,,,
Z-12-012,,,
Z-12-134,,,
Z-12-149,,,
Z-13-002,,,
Z-13-009,,,
Z-13-032,,,
Z-12-060,,,
Z-13-036,,,
Z-13-066,,,
Z-12-208,,,
Z-13-020,,,
Z-13-073,,,
Z-12-212,,,
Z-13-081,,,
Z-13-089,,,
Z-13-071,,,
Z-13-086,,,
Z-13-096,,,
Z-13-065,,,
Z-13-134,,,
Z-13-094,,,
Z-13-098,,,
Z-13-135,,,
Z-13-161,,,
Z-13-216,,,
Z-13-171,,,
Z-13-204,,,
Z-13-259,,,
Z-14-058,,,
Z-14-05,,,
Z-14-098,,,
Z-13-184,,,
Z-13-234,,,
Z-14-023,,,
Z-14-106,,,
Z-14-033,,,
Z-14-138,,,
Z-14-142,,,
Z-14-152,,,
Z-14-136,,,
Z-14-101,,,
Z-14-126,,,
Z-14-243,,,
Z-15-001,,,
Z-14-146,,,
Z-15-009,,,
Z-14-149,,,
Z-15-130,,,
Z-14-182,,,
Z-15-116,,,
Z-15-019,,,
Z-15-185,,,
Z-16-013,,,
Z-15-148,,,
Z-16-150,,,
Z-16-186,,,
Z-16-082,,,
Z-15-163,,,
Z-16-196,,,
Z-16-151,,,
Z-17-046,,,
Z-16-211,,,
Z-17-174,,,
Z-16-159,,,
Z-16-210,,,
Z-17-177,,,
Z-17-221,,,
Z-17-200,,,
Z-16-209,,,
Z-17-193,,,
Z-18-001,,,
Z-18-114,,,
Z-17-57,,,
Z-19-123,,,
Z-17-217,,,
Z-18-159,,,
Z-19-88,,,
Z-19-136,,,
Z-20-01,,,
Z-20-110,,,
Z-18-224,,,
Z-18-251,,,
Z-19-029,,,
Z-22-119,,,
Z-20-51,,,
Z-20-24,,,
Z-20-33,,,
Z-23-01,,,
Z-23-01Sa,,,
Z-22-121,,,
Z-24-141,,,
Z-24-142,,,
Z-22-103,,,
Z-98-286,,,
Z-98-1061,,,
Z-98-515,,,
Z-98-616,,,
Z-98-285,,,
Z-98-860,,,
Z-98-433,,,
Z-98-454,,,
Z-98-780,,,
Z-98-838,,,
Z-98-718,,,
"EU643590.1 Rabies virus strain HN10, complete genome",,,
FJ712195_SEA2b,,,
JQ970480__SEA2a,,,
GU358653_SEA2a,,,
GU647092_SEA2b,,,
