"ID","year","country","assignment"
"EU038083",2006,"Nigeria","Africa-2"
"EU038084",2006,"Nigeria","Africa-2"
"EU038085",2006,"Nigeria","Africa-2"
"EU038086",2006,"Nigeria","Africa-2"
"EU038087",2006,"Nigeria","Africa-2"
"EU038088",2006,"Nigeria","Africa-2"
"EU038089",2005,"Nigeria","Africa-2"
"EU038090",2005,"Nigeria","Africa-2"
"EU038091",2006,"Nigeria","Africa-2"
"EU038092",2006,"Nigeria","Africa-2"
"EU038093",2005,"Nigeria","Africa-2"
"EU038094",2006,"Nigeria","Africa-2"
"EU038095",2006,"Nigeria","Africa-2"
"EU038096",2006,"Nigeria","Africa-2"
"EU038097",2006,"Nigeria","Africa-2"
"EU038098",2006,"Nigeria","Africa-2"
"EU038099",2006,"Nigeria","Africa-2"
"EU038100",2006,"Nigeria","Africa-2"
"EU038101",2006,"Nigeria","Africa-2"
"EU038102",2006,"Nigeria","Africa-2"
"EU038103",2006,"Nigeria","Africa-2"
"EU038104",2006,"Nigeria","Africa-2"
"EU038105",2006,"Nigeria","Africa-2"
"EU038106",2006,"Nigeria","Africa-2"
"EU038108",2006,"Nigeria","Africa-2"
"EU038109",2006,"Nigeria","Africa-2"
"EU478492",2007,"Burkina Faso","Africa-2"
"EU478493",2007,"Burkina Faso","Africa-2"
"EU478494",2007,"Burkina Faso","Africa-2"
"EU478495",2007,"Burkina Faso","Africa-2"
"EU478496",2007,"Burkina Faso","Africa-2"
"EU478497",2007,"Burkina Faso","Africa-2"
"EU478498",2007,"Burkina Faso","Africa-2"
"EU478499",2007,"Burkina Faso","Africa-2"
"EU478500",2007,"Burkina Faso","Africa-2"
"EU478501",2007,"Burkina Faso","Africa-2"
"EU478502",2007,"Burkina Faso","Africa-2"
"EU478503",2007,"Burkina Faso","Africa-2"
"EU478504",2007,"Burkina Faso","Africa-2"
"EU478505",2007,"Burkina Faso","Africa-2"
"EU478506",2007,"Burkina Faso","Africa-2"
"EU478507",2007,"Burkina Faso","Africa-2"
"EU478508",2007,"Burkina Faso","Africa-2"
"EU478509",2007,"Burkina Faso","Africa-2"
"EU478510",2007,"Burkina Faso","Africa-2"
"EU478511",2007,"Burkina Faso","Africa-2"
"EU478512",2007,"Burkina Faso","Africa-2"
"EU478513",2007,"Burkina Faso","Africa-2"
"EU478514",2007,"Burkina Faso","Africa-2"
"EU478515",2007,"Burkina Faso","Africa-2"
"EU478516",2007,"Burkina Faso","Africa-2"
"EU478517",2007,"Burkina Faso","Africa-2"
"EU478518",2007,"Burkina Faso","Africa-2"
"EU478519",2007,"Burkina Faso","Africa-2"
"EU478520",2007,"Burkina Faso","Africa-2"
"EU478521",2007,"Burkina Faso","Africa-2"
"EU478522",2007,"Burkina Faso","Africa-2"
"EU478523",2007,"Burkina Faso","Africa-2"
"EU478524",2007,"Burkina Faso","Africa-2"
"EU514571",2007,"Niger","Africa-2"
"EU514572",2007,"Niger","Africa-2"
"EU514573",2007,"Niger","Africa-2"
"EU514574",2007,"Niger","Africa-2"
"EU514575",2005,"Mauritania","Africa-2"
"EU514576",2005,"Mauritania","Africa-2"
"EU514577",2005,"Mauritania","Africa-2"
"EU514578",2006,"Mauritania","Africa-2"
"EU514579",2006,"Mauritania","Africa-2"
"EU514580",2006,"Mauritania","Africa-2"
"EU514581",2007,"Mauritania","Africa-2"
"EU718735",2006,"Chad","Africa-2"
"EU718736",2006,"Chad","Africa-2"
"EU718737",2006,"Chad","Africa-2"
"EU718738",2006,"Chad","Africa-2"
"EU718739",2006,"Chad","Africa-2"
"EU718740",2006,"Chad","Africa-2"
"EU718741",2006,"Chad","Africa-2"
"EU718742",2006,"Chad","Africa-2"
"EU718743",2006,"Chad","Africa-2"
"EU718744",2006,"Chad","Africa-2"
"EU718745",2006,"Chad","Africa-2"
"EU718746",2006,"Chad","Africa-2"
"EU718747",2006,"Chad","Africa-2"
"EU718748",2006,"Chad","Africa-2"
"EU718749",2006,"Chad","Africa-2"
"EU718750",2006,"Chad","Africa-2"
"EU718751",2006,"Chad","Africa-2"
"EU718752",2006,"Chad","Africa-2"
"EU718753",2006,"Chad","Africa-2"
"EU718754",2006,"Chad","Africa-2"
"EU718755",2006,"Chad","Africa-2"
"EU718756",2006,"Chad","Africa-2"
"EU718757",2006,"Chad","Africa-2"
"EU718758",2006,"Chad","Africa-2"
"EU718759",2006,"Chad","Africa-2"
"EU718760",2006,"Chad","Africa-2"
"EU718761",2006,"Chad","Africa-2"
"EU718762",2006,"Chad","Africa-2"
"EU718763",2006,"Chad","Africa-2"
"EU718764",2006,"Chad","Africa-2"
"EU718766",2006,"Chad","Africa-2"
"EU718767",2006,"Chad","Africa-2"
"EU718768",2006,"Chad","Africa-2"
"EU718769",2006,"Chad","Africa-2"
"EU718770",2006,"Chad","Africa-2"
"EU718771",2006,"Chad","Africa-2"
"EU718772",2006,"Chad","Africa-2"
"EU718773",2006,"Chad","Africa-2"
"EU718774",2006,"Chad","Africa-2"
"EU718775",2006,"Chad","Africa-2"
"EU718776",2006,"Chad","Africa-2"
"EU718777",2006,"Chad","Africa-2"
"EU718778",2006,"Chad","Africa-2"
"EU718779",2006,"Chad","Africa-2"
"EU718780",2006,"Chad","Africa-2"
"EU718781",2006,"Chad","Africa-2"
"EU718782",2006,"Chad","Africa-2"
"EU718783",2006,"Chad","Africa-2"
"EU718784",2006,"Chad","Africa-2"
"EU718785",2006,"Chad","Africa-2"
"EU718786",2006,"Chad","Africa-2"
"EU718787",2006,"Chad","Africa-2"
"EU827268",2007,"Burkina Faso","Africa-2"
"EU827269",2007,"Burkina Faso","Africa-2"
"EU827270",2007,"Burkina Faso","Africa-2"
"EU827271",2007,"Burkina Faso","Africa-2"
"EU827272",2007,"Burkina Faso","Africa-2"
"EU827273",2007,"Burkina Faso","Africa-2"
"EU827274",2007,"Burkina Faso","Africa-2"
"EU827275",2007,"Burkina Faso","Africa-2"
"EU853591",2008,"Gambia","Africa-2"
"EU853592",2005,"Senegal","Africa-2"
"EU853593",1986,"Guinea","Africa-2"
"EU853594",1993,"Guinea","Africa-2"
"EU853595",1997,"Sierra Leone","Africa-2"
"EU853596",2007,"Mali","Africa-2"
"EU853597",2007,"Mali","Africa-2"
"EU853598",2006,"Mali","Africa-2"
"EU853599",2007,"Mali","Africa-2"
"EU853600",2007,"Mali","Africa-2"
"EU853601",2006,"Mali","Africa-2"
"EU853602",2006,"Mali","Africa-2"
"EU853603",2007,"-","Africa-2"
"EU853604",2007,"Mali","Africa-2"
"EU853605",2006,"Mali","Africa-2"
"EU853606",1993,"Mauritania","Africa-2"
"EU853607",1991,"Mauritania","Africa-2"
"EU853608",1991,"Mauritania","Africa-2"
"EU853609",1993,"Mauritania","Africa-2"
"EU853610",1993,"Mauritania","Africa-2"
"EU853611",1994,"Mauritania","Africa-2"
"EU853612",2007,"Mali","Africa-2"
"EU853613",1992,"Mauritania","Africa-2"
"EU853614",1986,"Burkina Faso","Africa-2"
"EU853615",2007,"Côte d'Ivoire","Africa-2"
"EU853616",1989,"Côte d'Ivoire","Africa-2"
"EU853617",1989,"Côte d'Ivoire","Africa-2"
"EU853618",1992,"Côte d'Ivoire","Africa-2"
"EU853619",1992,"Côte d'Ivoire","Africa-2"
"EU853620",2007,"Mali","Africa-2"
"EU853621",1989,"Côte d'Ivoire","Africa-2"
"EU853622",2006,"Mali","Africa-2"
"EU853623",2007,"Mali","Africa-2"
"EU853624",1991,"Mauritania","Africa-2"
"EU853645",1995,"Burkina Faso","Africa-2"
"EU853646",1990,"Niger","Africa-2"
"EU853647",1990,"Niger","Africa-2"
"EU853648",1990,"Niger","Africa-2"
"EU853649",1990,"Niger","Africa-2"
"EU853650",1987,"Niger","Africa-2"
"EU853651",2004,"Central African Republic","Africa-2"
"EU853652",1990,"Chad","Africa-2"
"EU853653",1996,"Chad","Africa-2"
"EU853654",1990,"Niger","Africa-2"
"EU853655",1987,"Chad","Africa-2"
"EU853656",1987,"Chad","Africa-2"
"EU853657",1987,"Chad","Africa-2"
"FJ392373",2003,"South Africa","Africa-3"
"FJ392375",1998,"South Africa","Africa-3"
"FJ392377",1999,"South Africa","Africa-3"
"FJ392378",1999,"South Africa","Africa-3"
"FJ392380",2006,"South Africa","Africa-3"
"FJ392383",1990,"South Africa","Africa-3"
"FJ392390",1993,"South Africa","Africa-3"
"JQ692981",2006,"South Africa","Africa-3"
"JQ692982",2007,"South Africa","Africa-3"
"JQ692984",2008,"South Africa","Africa-3"
"JQ692985",2006,"South Africa","Africa-3"
"JQ692987",2008,"South Africa","Africa-3"
"JQ692989",2006,"South Africa","Africa-3"
"JQ692992",2006,"South Africa","Africa-3"
"JQ692993",2006,"South Africa","Africa-3"
"JQ692994",2006,"South Africa","Africa-3"
"JQ692996",2007,"South Africa","Africa-3"
"JX088730",2007,"South Africa","Africa-3"
"KC196743",2011,"Nigeria","Africa-2"
"KF022169",2005,"Nigeria","Africa-2"
"KF022170",2005,"Nigeria","Africa-2"
"KF022171",2005,"Nigeria","Africa-2"
"KF022172",2005,"Nigeria","Africa-2"
"KF022173",2005,"Nigeria","Africa-2"
"KF022174",2005,"Nigeria","Africa-2"
"KF022175",2005,"Nigeria","Africa-2"
"KF022176",2005,"Nigeria","Africa-2"
"KF022177",2005,"Nigeria","Africa-2"
"KF022178",2005,"Nigeria","Africa-2"
"KF022179",2005,"Nigeria","Africa-2"
"KF022180",2005,"Nigeria","Africa-2"
"KF022181",2005,"Nigeria","Africa-2"
"KF022182",2005,"Nigeria","Africa-2"
"KF022183",2005,"Nigeria","Africa-2"
"KF022184",2005,"Nigeria","Africa-2"
"KF022185",2005,"Nigeria","Africa-2"
"KF022186",2005,"Nigeria","Africa-2"
"KF022187",2005,"Nigeria","Africa-2"
"KF022188",2005,"Nigeria","Africa-2"
"KF022189",2005,"Nigeria","Africa-2"
"KF022190",2005,"Nigeria","Africa-2"
"KF022191",2005,"Nigeria","Africa-2"
"KF022192",2005,"Nigeria","Africa-2"
"KF977826",2011,"Central African Republic","Africa-2"
"KP345881",2014,"France","Africa-2"
"KR080521",2012,"Nigeria","Africa-2"
"KR080522",2012,"Nigeria","Africa-2"
"KR080523",2012,"Nigeria","Africa-2"
"KU564980",2012,"Chad","Africa-2"
"KU564981",2012,"Chad","Africa-2"
"KU564982",2012,"Chad","Africa-2"
"KU564983",2012,"Chad","Africa-2"
"KU564984",2012,"Chad","Africa-2"
"KU564985",2012,"Chad","Africa-2"
"KU564986",2012,"Chad","Africa-2"
"KU564987",2012,"Chad","Africa-2"
"KU564988",2012,"Chad","Africa-2"
"KU564989",2012,"Chad","Africa-2"
"KU564990",2012,"Chad","Africa-2"
"KU564991",2012,"Chad","Africa-2"
"KU564992",2012,"Chad","Africa-2"
"KU564993",2013,"Chad","Africa-2"
"KU564994",2013,"Chad","Africa-2"
"KU564995",2013,"Chad","Africa-2"
"KU564996",2013,"Chad","Africa-2"
"KU564997",2013,"Chad","Africa-2"
"KU564998",2013,"Chad","Africa-2"
"KU564999",2014,"Chad","Africa-2"
"KX148107",1986,"Benin","Africa-2"
"KX148218",2009,"Botswana","Africa-3"
"KX148219",2009,"Botswana","Africa-3"
"KX148220",2013,"South Africa","Africa-3"
"KX148221",2014,"South Africa","Africa-3"
"KX148222",2014,"South Africa","Africa-3"
"KX148223",2000,"South Africa","Africa-3"
"KX148229",1990,"Niger","Africa-2"
"KX148230",1995,"Burkina Faso","Africa-2"
"KX148231",1990,"Niger","Africa-2"
"KX148232",1992,"Côte d'Ivoire","Africa-2"
"KX148233",1992,"Côte d'Ivoire","Africa-2"
"KX148234",1986,"Burkina Faso","Africa-2"
"KX148235",2001,"Côte d'Ivoire","Africa-2"
"KX148236",1993,"Mauritania","Africa-2"
"KX148237",1993,"Mauritania","Africa-2"
"KX148238",1991,"Senegal","Africa-2"
"KX148239",1992,"Senegal","Africa-2"
"KX148240",1990,"Chad","Africa-2"
"KX148241",1996,"Chad","Africa-2"
"KX148242",1994,"Cameroon","Africa-2"
"KX148243",1987,"Cameroon","Africa-2"
"KX148244",1990,"Guinea","Africa-2"
"KY124532",2011,"Chad","Africa-2"
"KY124533",2011,"Chad","Africa-2"
"KY124534",2012,"Chad","Africa-2"
"KY124535",2012,"Chad","Africa-2"
"KY124536",2012,"Chad","Africa-2"
"KY124537",2012,"Chad","Africa-2"
"KY124538",2012,"Chad","Africa-2"
"KY124539",2012,"Chad","Africa-2"
"KY124540",2012,"Chad","Africa-2"
"KY124541",2013,"Chad","Africa-2"
"LT909548",1989,"-","Africa-2"
"MF538629",2014,"Chad","Africa-2"
"MF538630",2014,"Chad","Africa-2"
"MF538631",2015,"Chad","Africa-2"
"MF577065",2015,"Chad","Africa-2"
"MG458307",2000,"South Africa","Africa-3"
"MG458308",2000,"South Africa","Africa-3"
"MH481711",2018,"Liberia","Africa-2"
"MH481712",2018,"Liberia","Africa-2"
"MH481713",2017,"Liberia","Africa-2"
"MH514968",2001,"Senegal","Africa-2"
"MH514969",2005,"Senegal","Africa-2"
"MH514970",2011,"Senegal","Africa-2"
"MH514971",2010,"Senegal","Africa-2"
"MH514972",2008,"Senegal","Africa-2"
"MH514973",2011,"Senegal","Africa-2"
"MH514974",2011,"Senegal","Africa-2"
"MH514975",2013,"Senegal","Africa-2"
"MH514976",2010,"Senegal","Africa-2"
"MH514977",2013,"Senegal","Africa-2"
"MH514978",2014,"Senegal","Africa-2"
"MH514979",2014,"Senegal","Africa-2"
"MH514980",2014,"Senegal","Africa-2"
"MH514981",2013,"Senegal","Africa-2"
"MH514982",2007,"Senegal","Africa-2"
"MH514983",2011,"Senegal","Africa-2"
"MH514984",2011,"Senegal","Africa-2"
"MH514985",2015,"Senegal","Africa-2"
"MK471246",2018,"Guinea","Africa-2"
"MK471247",2018,"Guinea","Africa-2"
"MK471248",2018,"Guinea","Africa-2"
"MN049979",2017,"Liberia","Africa-2"
"MN049980",2018,"Liberia","Africa-2"
"MN049981",2018,"Liberia","Africa-2"
"MN049982",2017,"Liberia","Africa-2"
"MN049983",2017,"Liberia","Africa-2"
"MN049984",2018,"Liberia","Africa-2"
"U22485",1986,"-","Africa-2"
"U22486",1986,"-","Africa-2"
"U22487",1995,"-","Africa-2"
"U22628",1987,"-","Africa-3"
"U22634",1987,"-","Africa-2"
"U22635",1988,"-","Africa-2"
"U22636",1988,"-","Africa-2"
"U22639",1989,"-","Africa-2"
"U22640",1990,"-","Africa-2"
"U22641",1990,"-","Africa-2"
"U22644",1992,"-","Africa-2"
"U22646",1990,"-","Africa-2"
"U22652",1992,"-","Africa-2"
"MT107888",2019,"Ghana","Africa-2"
"MW057694",2019,"Ghana","Africa-2"
"MW057695",2019,"Ghana","Africa-2"
"OK135144",2017,"Liberia","Africa-2"
"OK135145",2017,"Liberia","Africa-2"
"OK135146",2018,"Liberia","Africa-2"
"OK135147",2018,"Liberia","Africa-2"
"OK135148",2018,"Liberia","Africa-2"
"98-134",1998,"Philippines","Asian SEA4"
"98-206",1998,"Philippines","Asian SEA4"
"98-285",1998,"Philippines","Asian SEA4"
"98-286",1998,"Philippines","Asian SEA4"
"AB573762",2006,"Japan","Asian SEA4"
"AB573763",2006,"Japan","Asian SEA4"
"EU086200",1994,"Philippines","Asian SEA4"
"EU086201",1994,"Philippines","Asian SEA4"
"EU086202",1994,"Philippines","Asian SEA4"
"EU086203",2000,"Philippines","Asian SEA4"
"EU086204",2001,"Philippines","Asian SEA4"
"EU086205",2004,"Philippines","Asian SEA4"
"KF620487",2012,"Taiwan","Asian SEA5"
"KF620488",2012,"Taiwan","Asian SEA5"
"KF620489",2013,"Taiwan","Asian SEA5"
"KP860149",2013,"Taiwan","Asian SEA5"
"KP860153",2013,"Taiwan","Asian SEA5"
"KX148259",1994,"Philippines","Asian SEA4"
"KX148260",2004,"Philippines","Asian SEA4"
"KX148261",1994,"Philippines","Asian SEA4"
"KX148262",1994,"Philippines","Asian SEA4"
"KX148263",1994,"Philippines","Asian SEA4"
"LC550018",2019,"Philippines","Asian SEA4"
"LC550019",2019,"Philippines","Asian SEA4"
"LC550020",2019,"Philippines","Asian SEA4"
"LC550021",2019,"Philippines","Asian SEA4"
"LC550022",2019,"Philippines","Asian SEA4"
"LC550023",2019,"Philippines","Asian SEA4"
"LC550024",2019,"Philippines","Asian SEA4"
"LC550025",2019,"Philippines","Asian SEA4"
"LC550026",2019,"Philippines","Asian SEA4"
"LC550027",2019,"Philippines","Asian SEA4"
"LC571945",2006,"Japan","Asian SEA4"
"LC571946",2020,"-","Asian SEA4"
"MN726836",2013,"Philippines","Asian SEA4"
"MN726837",2013,"Philippines","Asian SEA4"
"MN726839",2015,"Philippines","Asian SEA4"
"MN726840",2015,"Philippines","Asian SEA4"
"MN726841",2014,"Philippines","Asian SEA4"
"MN726842",2019,"Philippines","Asian SEA4"
"MN726843",2012,"Philippines","Asian SEA4"
"MN726845",2012,"Philippines","Asian SEA4"
"MN726848",2016,"Philippines","Asian SEA4"
"MN726850",2015,"Philippines","Asian SEA4"
"MN726852",2018,"Philippines","Asian SEA4"
"MN726854",2015,"Philippines","Asian SEA4"
"MN726855",2016,"Philippines","Asian SEA4"
"MN726856",2012,"Philippines","Asian SEA4"
"MN726858",2016,"Philippines","Asian SEA4"
"MN726860",2018,"Philippines","Asian SEA4"
"MN726861",2015,"Philippines","Asian SEA4"
"MN726862",2013,"Philippines","Asian SEA4"
"MN726866",2014,"Philippines","Asian SEA4"
"MN726870",2014,"Philippines","Asian SEA4"
"MN726873",2014,"Philippines","Asian SEA4"
"MN726874",2012,"Philippines","Asian SEA4"
"MN726875",2018,"Philippines","Asian SEA4"
"MN726876",2018,"Philippines","Asian SEA4"
"MN726879",2012,"Philippines","Asian SEA4"
"MN726880",2019,"Philippines","Asian SEA4"
"MN726881",2015,"Philippines","Asian SEA4"
"MN857167",2019,"Philippines","Asian SEA4"
"MN857168",2019,"Philippines","Asian SEA4"
"MN857169",2019,"Philippines","Asian SEA4"
"MN857170",2019,"Philippines","Asian SEA4"
"MN857171",2019,"Philippines","Asian SEA4"
"LC619707",2020,"Japan",""
"LC628899",2006,"Japan",""
"Z-24-141",2024,"philippines",NA
"Z-24-142",2024,"philippines",NA
"RADDL4B-23-060",2023,"philippines",NA
"RADDL4B-23-061",2023,"philippines",NA
"RADDL4B-23-070",2023,"philippines",NA
"RADDL4B-23-072",2023,"philippines",NA
"RADDL4B-23-057",2023,"philippines",NA
"RADDL4B-24-019",2024,"philippines",NA
"RADDL4B-24-021",2024,"philippines",NA
"RADDL4B-24-026",2024,"philippines",NA
"RADDL4B-24-027",2024,"philippines",NA
"RADDL4B-24-029",2024,"philippines",NA
"RADDL4B-24-034",2024,"philippines",NA
"RADDL4B-24-035",2024,"philippines",NA
"RADDL4B-24-037",2024,"philippines",NA
"RADDL4B-24-053",2024,"philippines",NA
"RADDL4B-24-055",2024,"philippines",NA
"RADDL4B-24-056",2024,"philippines",NA
"RADDL4B-24-057",2024,"philippines",NA
"RADDL4B-24-058",2024,"philippines",NA
"RADDL4B-24-059",2024,"philippines",NA
"RADDL4B-24-067",2024,"philippines",NA
"RADDL4B-24-070",2024,"philippines",NA
"RADDL4B-24-071",2024,"philippines",NA
"RADDL4B-24-077",2024,"philippines",NA
"RADDL4B-24-082",2024,"philippines",NA
"RADDL4B-24-102",2024,"philippines",NA
"RADDL4B-23-085",2023,"philippines",NA
"RADDL4B-23-093",2023,"philippines",NA
"RADDL4B-23-095",2023,"philippines",NA
"RADDL4B-23-097",2023,"philippines",NA
"RADDL4B-23-098",2023,"philippines",NA
"RADDL4B-23-099",2023,"philippines",NA
"RADDL4B-23-100",2023,"philippines",NA
"RADDL4B-24-001",2024,"philippines",NA
"RADDL4B-24-011",2024,"philippines",NA
"RADDL4B-24-012",2024,"philippines",NA
"RADDL4B-24-015",2024,"philippines",NA
"RADDL4B-24-016",2024,"philippines",NA
"RADDL4B-24-049",2024,"philippines",NA
"RADDL4B-24-084",2024,"philippines",NA
"RADDL4B-24-085",2024,"philippines",NA
"RADDL4B-24-086",2024,"philippines",NA
"RADDL4B-24-087",2024,"philippines",NA
"RADDL4B-24-088",2024,"philippines",NA
"RADDL4B-24-101",2024,"philippines",NA
"RADDL4B-24-106",2024,"philippines",NA
"RADDL4B-24-120",2024,"philippines",NA
"RADDL4B-24-124",2024,"philippines",NA
"RADDL4B-23-042",2023,"philippines",NA
"RADDL4B-23-044",2023,"philippines",NA
"RADDL4B-23-045",2023,"philippines",NA
"RADDL4B-23-046",2023,"philippines",NA
"RADDL4B-23-047",2023,"philippines",NA
"RADDL4B-23-049",2023,"philippines",NA
"RADDL4B-23-052",2023,"philippines",NA
"RADDL4B-23-056",2023,"philippines",NA
"RADDL4B-23-058",2023,"philippines",NA
"RADDL4B-23-076",2023,"philippines",NA
"RADDL4B-23-080",2023,"philippines",NA
"RADDL4B-23-081",2023,"philippines",NA
"RADDL4B-23-090",2023,"philippines",NA
"RADDL4B-23-101",2023,"philippines",NA
"RADDL4B-23-104",2023,"philippines",NA
"RADDL4B-23-105",2023,"philippines",NA
"RADDL4B-24-002",2024,"philippines",NA
"RADDL4B-24-003",2024,"philippines",NA
"RADDL4B-24-017",2024,"philippines",NA
"RADDL4B-24-023",2024,"philippines",NA
"RADDL4B-24-028",2024,"philippines",NA
"RADDL4B-24-038",2024,"philippines",NA
"RADDL4B-24-042",2024,"philippines",NA
"RADDL4B-24-043",2024,"philippines",NA
"RADDL4B-24-046",2024,"philippines",NA
"RADDL4B-24-051",2024,"philippines",NA
"RADDL4B-24-054",2024,"philippines",NA
"RADDL4B-24-063",2024,"philippines",NA
"RADDL4B-24-066",2024,"philippines",NA
"RADDL4B-24-069",2024,"philippines",NA
"RADDL4B-24-073",2024,"philippines",NA
"RADDL4B-24-074",2024,"philippines",NA
"RADDL4B-24-076",2024,"philippines",NA
"RADDL4B-24-078",2024,"philippines",NA
"RADDL4B-24-081",2024,"philippines",NA
"RADDL4B-24-099",2024,"philippines",NA
"RADDL4B-24-098",2024,"philippines",NA
"RADDL4B-24-097",2024,"philippines",NA
"RADDL4B-24-096",2024,"philippines",NA
"RADDL4B-24-095",2024,"philippines",NA
"RADDL4B-24-018",2024,"philippines",NA
"RADDL4B-24-014",2024,"philippines",NA
"RADDL4B-24-009",2024,"philippines",NA
"RADDL4B-24-138",2024,"philippines",NA
"RADDL4B-24-154",2024,"philippines",NA
"RADDL4B-24-155",2024,"philippines",NA
"RADDL4B-24-100",2024,"philippines",NA
"RADDL4B-24-112",2024,"philippines",NA
"RADDL4B-24-113",2024,"philippines",NA
"RADDL4B-24-114",2024,"philippines",NA
"RADDL4B-24-116",2024,"philippines",NA
"RADDL4B-24-117",2024,"philippines",NA
"RADDL4B-24-121",2024,"philippines",NA
"RADDL4B-24-122",2024,"philippines",NA
"RADDL4B-24-153",2024,"philippines",NA
"RADDL4B-24-156",2024,"philippines",NA
"RADDL4B-24-157",2024,"philippines",NA
"RADDL4B-24-173",2024,"philippines",NA
"RADDL4B-24-174",2024,"philippines",NA
"RADDL4B-24-178",2024,"philippines",NA
"RADDL4B-24-180",2024,"philippines",NA
"RADDL4B-24-181",2024,"philippines",NA
"RADDL4B-24-183",2024,"philippines",NA
"RADDL4B-24-185",2024,"philippines",NA
"RADDL4B-24-186",2024,"philippines",NA
"RADDL4B-24-187",2024,"philippines",NA
"RADDL4B-24-188",2024,"philippines",NA
"RADDL4B-25-005",2024,"philippines",NA
"RADDL4B-25-006",2024,"philippines",NA
"RADDL4B-25-008",2025,"philippines",NA
"RADDL4B-25-009",2025,"philippines",NA
"RADDL4B-25-017",2025,"philippines",NA
"RADDL4B-24-151",2024,"philippines",NA
"RADDL4B-23-089",2023,"philippines",NA
"RADDL4B-23-092",2023,"philippines",NA
"RADDL4B-23-094",2023,"philippines",NA
"RADDL4B-24-007",2024,"philippines",NA
"RADDL4B-24-013",2024,"philippines",NA
"RADDL4B-24-030",2024,"philippines",NA
"RADDL4B-24-048",2024,"philippines",NA
"RADDL4B-24-052",2024,"philippines",NA
"RADDL4B-24-062",2024,"philippines",NA
"RADDL4B-24-080",2024,"philippines",NA
"RADDL4B-24-093",2024,"philippines",NA
"RADDL4B-24-107",2024,"philippines",NA
"RADDL4B-24-125",2024,"philippines",NA
"RADDL4B-24-127",2024,"philippines",NA
"H24-028",2024,"philippines",NA
"RADDL4B-23-065",2023,"philippines",NA
"RADDL4B-24-162",2024,"philippines",NA
"RADDL4B-24-184",2024,"philippines",NA
"RADDL4B-25-022",2025,"philippines",NA
"RADDL4B-25-032",2025,"philippines",NA
"RADDL4B-25-039",2025,"philippines",NA
"KX148263",1994,"philippines",NA
"KX148262",1994,"philippines",NA
"KX148261",1994,"philippines",NA
"KX148260",2004,"philippines",NA
"KX148259",1994,"philippines",NA
"OQ326754",2018,"philippines",NA
"OQ326753",2018,"philippines",NA
"OQ326752",2018,"philippines",NA
"OQ326751",2018,"philippines",NA
"OQ326750",2018,"philippines",NA
"OQ326749",2018,"philippines",NA
"OQ326748",2018,"philippines",NA
"OQ326747",2018,"philippines",NA
"OQ326746",2018,"philippines",NA
"OQ326745",2018,"philippines",NA
"OQ326744",2018,"philippines",NA
"OQ326743",2018,"philippines",NA
"OQ326742",2018,"philippines",NA
"OQ326741",2019,"philippines",NA
"OQ326740",2019,"philippines",NA
"OQ326739",2019,"philippines",NA
"OQ326738",2018,"philippines",NA
"OQ326737",2018,"philippines",NA
"OQ326736",2018,"philippines",NA
"OR971444",2022,"philippines",NA
"OR971443",2022,"philippines",NA
"OR971442",2022,"philippines",NA
"OR971441",2022,"philippines",NA
"OR971440",2022,"philippines",NA
"OR971439",2022,"philippines",NA
"OR971438",2021,"philippines",NA
"OR971437",2021,"philippines",NA
"OR971436",2021,"philippines",NA
"OR971435",2021,"philippines",NA
"OR971434",2021,"philippines",NA
"OR971433",2021,"philippines",NA
"OR971432",2021,"philippines",NA
"OR971431",2021,"philippines",NA
"OR971430",2021,"philippines",NA
"OR971429",2021,"philippines",NA
"OR971428",2021,"philippines",NA
"OR971427",2021,"philippines",NA
"OR971426",2021,"philippines",NA
"OR971425",2021,"philippines",NA
"OR971424",2021,"philippines",NA
"OR971423",2021,"philippines",NA
"OR971422",2021,"philippines",NA
"OR971421",2021,"philippines",NA
"OR971420",2021,"philippines",NA
"OR971419",2021,"philippines",NA
"OR971418",2021,"philippines",NA
"OR971417",2021,"philippines",NA
"OR971416",2021,"philippines",NA
"OR971415",2021,"philippines",NA
"OR971414",2021,"philippines",NA
"OR971413",2021,"philippines",NA
"OR971412",2021,"philippines",NA
"OR971411",2019,"philippines",NA
"OR971409",2019,"philippines",NA
"OR971408",2019,"philippines",NA
"OR971407",2021,"philippines",NA
"OR971406",2021,"philippines",NA
"OR971405",2021,"philippines",NA
"OR971404",2021,"philippines",NA
"OR971403",2021,"philippines",NA
"OR971402",2021,"philippines",NA
"OR971401",2021,"philippines",NA
"OR971400",2021,"philippines",NA
"OR971399",2019,"philippines",NA
"OR971398",2019,"philippines",NA
"OR971397",2019,"philippines",NA
"OR971396",2019,"philippines",NA
"OR971395",2019,"philippines",NA
"OQ326784",2018,"philippines",NA
"OQ326783",2018,"philippines",NA
"OQ326782",2018,"philippines",NA
"OQ326781",2018,"philippines",NA
"OQ326780",2018,"philippines",NA
"OQ326779",2018,"philippines",NA
"OQ326778",2018,"philippines",NA
"OQ326777",2018,"philippines",NA
"OQ326776",2018,"philippines",NA
"OQ326775",2018,"philippines",NA
"OQ326774",2018,"philippines",NA
"OQ326773",2018,"philippines",NA
"OQ326772",2018,"philippines",NA
"OQ326771",2018,"philippines",NA
"OQ326770",2019,"philippines",NA
"OQ326769",2018,"philippines",NA
"OQ326768",2018,"philippines",NA
"OQ326767",2018,"philippines",NA
"OQ326766",2018,"philippines",NA
"OQ326765",2019,"philippines",NA
"OQ326764",2018,"philippines",NA
"OQ326763",2019,"philippines",NA
"OQ326762",2018,"philippines",NA
"OQ326761",2018,"philippines",NA
"OQ326760",2018,"philippines",NA
"OQ326759",2018,"philippines",NA
"OQ326758",2018,"philippines",NA
"OQ326757",2018,"philippines",NA
"OQ326756",2018,"philippines",NA
"OQ326755",2018,"philippines",NA
"OR971544",2021,"philippines",NA
"OR971543",2021,"philippines",NA
"OR971542",2021,"philippines",NA
"OR971541",2021,"philippines",NA
"OR971540",2021,"philippines",NA
"OR971539",2019,"philippines",NA
"OR971538",2019,"philippines",NA
"OR971537",2019,"philippines",NA
"OR971536",2019,"philippines",NA
"OR971535",2019,"philippines",NA
"OR971534",2019,"philippines",NA
"OR971533",2021,"philippines",NA
"OR971532",2021,"philippines",NA
"OR971531",2021,"philippines",NA
"OR971530",2021,"philippines",NA
"OR971529",2021,"philippines",NA
"OR971528",2021,"philippines",NA
"OR971527",2021,"philippines",NA
"OR971526",2021,"philippines",NA
"OR971525",2021,"philippines",NA
"OR971524",2021,"philippines",NA
"OR971523",2021,"philippines",NA
"OR971522",2021,"philippines",NA
"OR971521",2021,"philippines",NA
"OR971520",2021,"philippines",NA
"OR971519",2021,"philippines",NA
"OR971518",2021,"philippines",NA
"OR971517",2021,"philippines",NA
"OR971516",2021,"philippines",NA
"OR971515",2021,"philippines",NA
"OR971514",2021,"philippines",NA
"OR971513",2021,"philippines",NA
"OR971512",2021,"philippines",NA
"OR971511",2021,"philippines",NA
"OR971510",2021,"philippines",NA
"OR971509",2021,"philippines",NA
"OR971508",2021,"philippines",NA
"OR971507",2021,"philippines",NA
"OR971506",2019,"philippines",NA
"OR971505",2018,"philippines",NA
"OR971504",2018,"philippines",NA
"OR971503",2018,"philippines",NA
"OR971502",2018,"philippines",NA
"OR971501",2018,"philippines",NA
"OR971500",2018,"philippines",NA
"OR971499",2018,"philippines",NA
"OR971498",2018,"philippines",NA
"OR971497",2022,"philippines",NA
"OR971496",2022,"philippines",NA
"OR971495",2022,"philippines",NA
"OR971344",2022,"philippines",NA
"OR971343",2022,"philippines",NA
"OR971342",2022,"philippines",NA
"OR971341",2022,"philippines",NA
"OR971340",2021,"philippines",NA
"OR971339",2021,"philippines",NA
"OR971338",2021,"philippines",NA
"OR971337",2021,"philippines",NA
"OR971336",2021,"philippines",NA
"OR971335",2021,"philippines",NA
"OR971334",2021,"philippines",NA
"OR971333",2021,"philippines",NA
"OR971332",2021,"philippines",NA
"OR971331",2021,"philippines",NA
"OR971330",2021,"philippines",NA
"OR971329",2019,"philippines",NA
"OR971328",2019,"philippines",NA
"OR971327",2019,"philippines",NA
"OR971326",2019,"philippines",NA
"OR971325",2019,"philippines",NA
"OR971324",2019,"philippines",NA
"OR971323",2019,"philippines",NA
"OR971644",2019,"philippines",NA
"OR971643",2019,"philippines",NA
"OR971642",2019,"philippines",NA
"OR971641",2019,"philippines",NA
"OR971640",2022,"philippines",NA
"OR971639",2022,"philippines",NA
"OR971638",2022,"philippines",NA
"OR971637",2022,"philippines",NA
"OR971636",2022,"philippines",NA
"OR971635",2022,"philippines",NA
"OR971634",2022,"philippines",NA
"OR971633",2022,"philippines",NA
"OR971632",2022,"philippines",NA
"OR971631",2022,"philippines",NA
"OR971630",2022,"philippines",NA
"OR971629",2021,"philippines",NA
"OR971628",2021,"philippines",NA
"OR971627",2021,"philippines",NA
"OR971626",2021,"philippines",NA
"OR971625",2021,"philippines",NA
"OR971624",2021,"philippines",NA
"OR971623",2021,"philippines",NA
"OR971622",2021,"philippines",NA
"OR971621",2021,"philippines",NA
"OR971620",2021,"philippines",NA
"OR971619",2021,"philippines",NA
"OR971618",2021,"philippines",NA
"OR971617",2021,"philippines",NA
"OR971616",2021,"philippines",NA
"OR971615",2019,"philippines",NA
"OR971614",2019,"philippines",NA
"OR971613",2019,"philippines",NA
"OR971612",2019,"philippines",NA
"OR971611",2019,"philippines",NA
"OR971610",2019,"philippines",NA
"OR971609",2019,"philippines",NA
"OR971608",2019,"philippines",NA
"OR971607",2019,"philippines",NA
"OR971606",2019,"philippines",NA
"OR971605",2019,"philippines",NA
"OR971604",2019,"philippines",NA
"OR971603",2019,"philippines",NA
"OR971602",2019,"philippines",NA
"OR971601",2019,"philippines",NA
"OR971600",2019,"philippines",NA
"OR971599",2021,"philippines",NA
"OR971598",2021,"philippines",NA
"OR971597",2021,"philippines",NA
"OR971596",2021,"philippines",NA
"OR971595",2021,"philippines",NA
"MN857171",2019,"philippines",NA
"MN857170",2019,"philippines",NA
"MN857169",2019,"philippines",NA
"MN857168",2019,"philippines",NA
"MN857167",2019,"philippines",NA
"OR971594",2021,"philippines",NA
"OR971593",2021,"philippines",NA
"OR971592",2019,"philippines",NA
"OR971591",2021,"philippines",NA
"OR971590",2021,"philippines",NA
"OR971589",2021,"philippines",NA
"OR971588",2021,"philippines",NA
"OR971587",2021,"philippines",NA
"OR971586",2021,"philippines",NA
"OR971585",2021,"philippines",NA
"OR971584",2021,"philippines",NA
"OR971583",NA,"philippines",NA
"OR971582",NA,"philippines",NA
"OR971581",NA,"philippines",NA
"OR971580",NA,"philippines",NA
"OR971579",NA,"philippines",NA
"OR971578",NA,"philippines",NA
"OR971577",2022,"philippines",NA
"OR971576",2022,"philippines",NA
"OR971575",2022,"philippines",NA
"OR971574",2022,"philippines",NA
"OR971573",2022,"philippines",NA
"OR971572",2022,"philippines",NA
"OR971571",2022,"philippines",NA
"OR971570",2021,"philippines",NA
"OR971569",2021,"philippines",NA
"OR971568",2021,"philippines",NA
"OR971567",2021,"philippines",NA
"OR971566",2021,"philippines",NA
"OR971565",2021,"philippines",NA
"OR971564",2021,"philippines",NA
"OR971563",2021,"philippines",NA
"OR971562",2021,"philippines",NA
"OR971561",2021,"philippines",NA
"OR971560",2021,"philippines",NA
"OR971559",2021,"philippines",NA
"OR971558",2021,"philippines",NA
"OR971557",2021,"philippines",NA
"OR971556",2021,"philippines",NA
"OR971555",2021,"philippines",NA
"OR971554",2021,"philippines",NA
"OR971553",2021,"philippines",NA
"OR971552",2021,"philippines",NA
"OR971551",2021,"philippines",NA
"OR971550",2021,"philippines",NA
"OR971549",2021,"philippines",NA
"OR971548",2021,"philippines",NA
"OR971547",2021,"philippines",NA
"OR971546",2021,"philippines",NA
"OR971545",2021,"philippines",NA
"OR971494",2022,"philippines",NA
"OR971493",2022,"philippines",NA
"OR971492",2022,"philippines",NA
"OR971491",2022,"philippines",NA
"OR971490",2022,"philippines",NA
"OR971489",2022,"philippines",NA
"OR971488",2021,"philippines",NA
"OR971487",2021,"philippines",NA
"OR971486",2021,"philippines",NA
"OR971485",2021,"philippines",NA
"OR971484",2021,"philippines",NA
"OR971483",2019,"philippines",NA
"OR971482",2022,"philippines",NA
"OR971481",2022,"philippines",NA
"OR971480",2022,"philippines",NA
"OR971479",2022,"philippines",NA
"OR971478",2022,"philippines",NA
"OR971477",2022,"philippines",NA
"OR971476",2022,"philippines",NA
"OR971475",2022,"philippines",NA
"OR971474",2022,"philippines",NA
"OR971473",2022,"philippines",NA
"OR971472",2022,"philippines",NA
"OR971471",2022,"philippines",NA
"OR971470",2022,"philippines",NA
"OR971469",2021,"philippines",NA
"OR971468",2021,"philippines",NA
"OR971467",2021,"philippines",NA
"OR971466",2021,"philippines",NA
"OR971465",2021,"philippines",NA
"OR971464",2021,"philippines",NA
"OR971463",2021,"philippines",NA
"OR971462",2021,"philippines",NA
"OR971461",2021,"philippines",NA
"OR971460",2021,"philippines",NA
"OR971459",2020,"philippines",NA
"OR971458",2020,"philippines",NA
"OR971457",2020,"philippines",NA
"OR971456",2019,"philippines",NA
"OR971455",2019,"philippines",NA
"OR971454",2019,"philippines",NA
"OR971453",2019,"philippines",NA
"OR971452",2019,"philippines",NA
"OR971451",2019,"philippines",NA
"OR971450",2019,"philippines",NA
"OR971449",2019,"philippines",NA
"OR971448",2019,"philippines",NA
"OR971447",2019,"philippines",NA
"OR971446",2022,"philippines",NA
"OR971445",2022,"philippines",NA
"OR971394",2019,"philippines",NA
"OR971393",2019,"philippines",NA
"OR971392",2022,"philippines",NA
"OR971391",2022,"philippines",NA
"OR971390",2022,"philippines",NA
"OR971389",2021,"philippines",NA
"OR971388",2021,"philippines",NA
"OR971387",2021,"philippines",NA
"OR971386",2021,"philippines",NA
"OR971385",2019,"philippines",NA
"OR971384",2019,"philippines",NA
"OR971383",2019,"philippines",NA
"OR971382",2019,"philippines",NA
"OR971381",2019,"philippines",NA
"OR971380",2022,"philippines",NA
"OR971379",2022,"philippines",NA
"OR971378",2022,"philippines",NA
"OR971377",2022,"philippines",NA
"OR971376",2022,"philippines",NA
"OR971375",2022,"philippines",NA
"OR971374",2022,"philippines",NA
"OR971373",2022,"philippines",NA
"OR971372",2022,"philippines",NA
"OR971371",2022,"philippines",NA
"OR971370",2022,"philippines",NA
"OR971369",2022,"philippines",NA
"OR971368",2022,"philippines",NA
"OR971367",2022,"philippines",NA
"OR971366",2022,"philippines",NA
"OR971365",2022,"philippines",NA
"OR971364",2022,"philippines",NA
"OR971363",2022,"philippines",NA
"OR971362",2022,"philippines",NA
"OR971361",2022,"philippines",NA
"OR971360",2021,"philippines",NA
"OR971359",2021,"philippines",NA
"OR971358",2021,"philippines",NA
"OR971357",2021,"philippines",NA
"OR971356",2020,"philippines",NA
"OR971355",2020,"philippines",NA
"OR971354",2020,"philippines",NA
"OR971353",2020,"philippines",NA
"OR971352",2020,"philippines",NA
"OR971351",2020,"philippines",NA
"OR971350",2020,"philippines",NA
"OR971349",2019,"philippines",NA
"OR971348",2019,"philippines",NA
"OR971347",2019,"philippines",NA
"OR971346",2022,"philippines",NA
"OR971345",2022,"philippines",NA
"OR971675",2021,"philippines",NA
"OR971674",2021,"philippines",NA
"OR971673",2021,"philippines",NA
"OR971672",2021,"philippines",NA
"OR971671",2021,"philippines",NA
"OR971670",2021,"philippines",NA
"OR971669",2021,"philippines",NA
"OR971668",2021,"philippines",NA
"OR971667",2021,"philippines",NA
"OR971666",2021,"philippines",NA
"OR971665",2021,"philippines",NA
"OR971664",2021,"philippines",NA
"OR971663",2021,"philippines",NA
"OR971662",2021,"philippines",NA
"OR971661",2021,"philippines",NA
"OR971660",2021,"philippines",NA
"OR971659",2021,"philippines",NA
"OR971658",2021,"philippines",NA
"OR971657",2021,"philippines",NA
"OR971656",2021,"philippines",NA
"OR971655",2021,"philippines",NA
"OR971654",2021,"philippines",NA
"OR971653",2021,"philippines",NA
"OR971652",2021,"philippines",NA
"OR971651",2021,"philippines",NA
"OR971650",2021,"philippines",NA
"OR971649",2019,"philippines",NA
"OR971648",2019,"philippines",NA
"OR971647",2019,"philippines",NA
"OR971646",2019,"philippines",NA
"OR971645",2019,"philippines",NA
"14",2019,"philippines",NA
"153",2018,"philippines",NA
"19-30",2019,"philippines",NA
"19-40",2019,"philippines",NA
"4A-22-104",2022,"philippines",NA
"4A-22-171",2022,"philippines",NA
"4A-22-203",2022,"philippines",NA
"4A-22-40",2022,"philippines",NA
"4A-22-98",2022,"philippines",NA
"4B-21-126",2021,"philippines",NA
"4B-21-29",2021,"philippines",NA
"4B-21-310",2021,"philippines",NA
"4B-21-35",2021,"philippines",NA
"4B-21-412",2021,"philippines",NA
"4B-21-421",2021,"philippines",NA
"4B-21-423",2021,"philippines",NA
"4B-21-528",2021,"philippines",NA
"4B-21622",2022,"philippines",NA
"4B-22-114",2022,"philippines",NA
"4B-22-13",2022,"philippines",NA
"4B-22-15",2022,"philippines",NA
"4B-22-16",2022,"philippines",NA
"4B-22-17",2022,"philippines",NA
"4B-22-20",2022,"philippines",NA
"4B-22-21",2022,"philippines",NA
"4B-22-28",2022,"philippines",NA
"4B-22-30",2022,"philippines",NA
"4B-22-31",2022,"philippines",NA
"4B-22-35",2022,"philippines",NA
"4B-22-37",2022,"philippines",NA
"4B-22-39",2022,"philippines",NA
"4B-22-40",2022,"philippines",NA
"4B-22-41",2022,"philippines",NA
"4B-22-42",2022,"philippines",NA
"4B-22-44",2022,"philippines",NA
"4B-22-45",2022,"philippines",NA
"4B-23-01",2023,"philippines",NA
"4B-23-02",2023,"philippines",NA
"4B-23-03",2023,"philippines",NA
"4B-23-04",2023,"philippines",NA
"4B-23-05",2023,"philippines",NA
"4B-23-06",2023,"philippines",NA
"4B-23-07",2023,"philippines",NA
"4B-23-11",2023,"philippines",NA
"4B-23-12",2023,"philippines",NA
"4B-23-13",2023,"philippines",NA
"4B-23-15",2023,"philippines",NA
"4B-23-16",2023,"philippines",NA
"4B-23-17",2023,"philippines",NA
"4B-23-19",2023,"philippines",NA
"4B-2422",2022,"philippines",NA
"4B-2922HM",2022,"philippines",NA
"4B-2922JG",2022,"philippines",NA
"CAR-22-018",2022,"philippines",NA
"CAR-22-020",2022,"philippines",NA
"COW",NA,"philippines",NA
"GOAT",NA,"philippines",NA
"R1-21-148",2021,"philippines",NA
"R10-688",2021,"philippines",NA
"R10-711",2021,"philippines",NA
"R10-714",2021,"philippines",NA
"R10-824",2021,"philippines",NA
"R10-856",2021,"philippines",NA
"R10-907",2021,"philippines",NA
"R10-920",2021,"philippines",NA
"R10-989",2021,"philippines",NA
"R10-990",2021,"philippines",NA
"R11-21-61",2021,"philippines",NA
"R11-21-63",2021,"philippines",NA
"R11-22-001",2022,"philippines",NA
"R11-22-002",2022,"philippines",NA
"R2-081",2020,"philippines",NA
"R2-22-5302",2022,"philippines",NA
"R2-22-5814",2022,"philippines",NA
"R2-22-84711",2022,"philippines",NA
"R2-22-8924",2022,"philippines",NA
"R3-0483",2022,"philippines",NA
"R3-731",2021,"philippines",NA
"R5-21-115",2021,"philippines",NA
"R5-21-119",2021,"philippines",NA
"R5-21-128",2021,"philippines",NA
"R5-21-132",2021,"philippines",NA
"R5-21-136",2021,"philippines",NA
"R5-21-140",2021,"philippines",NA
"R5-22-008",2022,"philippines",NA
"R5-22-09",2022,"philippines",NA
"R6-21-4343",2021,"philippines",NA
"R6-21-4375",2021,"philippines",NA
"R6-21-4511",2021,"philippines",NA
"R6-21-4600",2021,"philippines",NA
"R6-4342",2021,"philippines",NA
"R6-4568",2021,"philippines",NA
"R7-21-149",2021,"philippines",NA
"R7-21-161",2021,"philippines",NA
"R9-010",2020,"philippines",NA
"R9-074",2021,"philippines",NA
"R9-089",2021,"philippines",NA
"R9-105",2021,"philippines",NA
"RADDL1-16-153",2016,"philippines",NA
"RADDL1-16-166",2016,"philippines",NA
"RADDL3-1045",2015,"philippines",NA
"RADDL3-15-172",2015,"philippines",NA
"RADDL3-16-1008",2016,"philippines",NA
"RADDL3-16-468",2016,"philippines",NA
"RADDL3-16-521",2016,"philippines",NA
"RADDL3-16-627",2016,"philippines",NA
"RADDL3-845",2015,"philippines",NA
"RADDL5-005",2015,"philippines",NA
"Z-05-102",2005,"philippines",NA
"Z-05-191",2005,"philippines",NA
"Z-05-557",2005,"philippines",NA
"Z-05-96",2005,"philippines",NA
"Z-06-150",2006,"philippines",NA
"Z-06-295",2006,"philippines",NA
"Z-06-39",2006,"philippines",NA
"Z-07-07",2007,"philippines",NA
"Z-07-351",2007,"philippines",NA
"Z-07-366",2007,"philippines",NA
"Z-07-38",2007,"philippines",NA
"Z-07-387",2007,"philippines",NA
"Z-07-398",2007,"philippines",NA
"Z-07-403",2007,"philippines",NA
"Z-07-407",2007,"philippines",NA
"Z-08-351",2008,"philippines",NA
"Z-08-359",2008,"philippines",NA
"Z-09-94",2009,"philippines",NA
"Z-12-012",2012,"philippines",NA
"Z-12-029",2012,"philippines",NA
"Z-12-060",2012,"philippines",NA
"Z-12-149",2012,"philippines",NA
"Z-12-208",2012,"philippines",NA
"Z-13-020",2013,"philippines",NA
"Z-13-032",2013,"philippines",NA
"Z-13-036",2013,"philippines",NA
"Z-13-065",2013,"philippines",NA
"Z-13-066",2013,"philippines",NA
"Z-13-071",2013,"philippines",NA
"Z-13-073",2013,"philippines",NA
"Z-13-081",2013,"philippines",NA
"Z-13-086",2013,"philippines",NA
"Z-13-089",2013,"philippines",NA
"Z-13-094",2013,"philippines",NA
"Z-13-096",2013,"philippines",NA
"Z-13-098",2013,"philippines",NA
"Z-13-134",2013,"philippines",NA
"Z-13-135",2013,"philippines",NA
"Z-13-161",2013,"philippines",NA
"Z-13-171",2013,"philippines",NA
"Z-13-184",2013,"philippines",NA
"Z-13-204",2013,"philippines",NA
"Z-13-216",2013,"philippines",NA
"Z-13-234",2013,"philippines",NA
"Z-13-259",2013,"philippines",NA
"Z-14-023",2014,"philippines",NA
"Z-14-033",2014,"philippines",NA
"Z-14-05",2014,"philippines",NA
"Z-14-058",2014,"philippines",NA
"Z-14-098",2014,"philippines",NA
"Z-14-101",2014,"philippines",NA
"Z-14-106",2014,"philippines",NA
"Z-14-126",2014,"philippines",NA
"Z-14-136",2014,"philippines",NA
"Z-14-142",2014,"philippines",NA
"Z-14-182",2014,"philippines",NA
"Z-14-243",2014,"philippines",NA
"Z-15-001",2015,"philippines",NA
"Z-15-009",2015,"philippines",NA
"Z-15-163",2015,"philippines",NA
"Z-16-082",2016,"philippines",NA
"Z-16-150",2016,"philippines",NA
"Z-16-151",2016,"philippines",NA
"Z-16-196",2016,"philippines",NA
"Z-16-209",2016,"philippines",NA
"Z-16-210",2016,"philippines",NA
"Z-16-211",2016,"philippines",NA
"Z-17-046",2017,"philippines",NA
"Z-17-174",2017,"philippines",NA
"Z-17-177",2017,"philippines",NA
"Z-17-193",2017,"philippines",NA
"Z-17-200",2017,"philippines",NA
"Z-17-217",2017,"philippines",NA
"Z-17-221",2017,"philippines",NA
"Z-17-57",2017,"philippines",NA
"Z-18-001",2018,"philippines",NA
"Z-18-114",2018,"philippines",NA
"Z-18-159",2018,"philippines",NA
"Z-18-224",2018,"philippines",NA
"Z-18-251",2018,"philippines",NA
"Z-19-029",2019,"philippines",NA
"Z-19-123",2019,"philippines",NA
"Z-19-136",2019,"philippines",NA
"Z-19-88",2019,"philippines",NA
"Z-20-01",2020,"philippines",NA
"Z-20-110",2020,"philippines",NA
"Z-20-24",2020,"philippines",NA
"Z-20-33",2020,"philippines",NA
"Z-20-51",2020,"philippines",NA
"Z-22-103",2022,"philippines",NA
"Z-22-119",2022,"philippines",NA
"Z-22-121",2022,"philippines",NA
"Z-23-01",2023,"philippines",NA
"Z-23-01Sa",2023,"philippines",NA
"Z-98-1061",1998,"philippines",NA
"Z-98-285",1998,"philippines",NA
"Z-98-286",1998,"philippines",NA
"Z-98-433",1998,"philippines",NA
"Z-98-454",1998,"philippines",NA
"Z-98-515",1998,"philippines",NA
"Z-98-616",1998,"philippines",NA
"Z-98-718",1998,"philippines",NA
"Z-98-780",1998,"philippines",NA
"Z-98-838",1998,"philippines",NA
"Z-98-860",1998,"philippines",NA
"RADDL1-16-154",2016,"philippines",NA
"RADDL3-1038",2015,"philippines",NA
"REGION_5_2018-50",2018,"philippines",NA
"REGION_5_2018-100",2018,"philippines",NA
"REGION_5_2018-304",2018,"philippines",NA
"REGION_5_2018-311",2018,"philippines",NA
"REGION_5_2019-1",2019,"philippines",NA
"REGION_5_2019-13",2019,"philippines",NA
"Z-12-001",2012,"philippines",NA
"Z-12-088",2012,"philippines",NA
"Z-12-118",2012,"philippines",NA
"Z-12-134",2012,"philippines",NA
"Z-12-212",2012,"philippines",NA
"Z-13-002",2013,"philippines",NA
"Z-13-009",2013,"philippines",NA
"Z-14-138",2014,"philippines",NA
"Z-14-146",2014,"philippines",NA
"Z-14-149",2014,"philippines",NA
"Z-14-152",2014,"philippines",NA
"Z-15-019",2015,"philippines",NA
"Z-15-116",2015,"philippines",NA
"Z-15-130",2015,"philippines",NA
"Z-15-148",2015,"philippines",NA
"Z-15-185",2015,"philippines",NA
"Z-16-013",2016,"philippines",NA
"Z-16-159",2016,"philippines",NA
"Z-16-186",2016,"philippines",NA
