ID,year,country,assignment
Z-24-141,2024,philippines,
Z-24-142,2024,philippines,
RADDL4B-23-060,2023,philippines,
RADDL4B-23-061,2023,philippines,
RADDL4B-23-070,2023,philippines,
RADDL4B-23-072,2023,philippines,
RADDL4B-23-057,2023,philippines,
RADDL4B-24-019,2024,philippines,
RADDL4B-24-021,2024,philippines,
RADDL4B-24-026,2024,philippines,
RADDL4B-24-027,2024,philippines,
RADDL4B-24-029,2024,philippines,
RADDL4B-24-034,2024,philippines,
RADDL4B-24-035,2024,philippines,
RADDL4B-24-037,2024,philippines,
RADDL4B-24-053,2024,philippines,
RADDL4B-24-055,2024,philippines,
RADDL4B-24-056,2024,philippines,
RADDL4B-24-057,2024,philippines,
RADDL4B-24-058,2024,philippines,
RADDL4B-24-059,2024,philippines,
RADDL4B-24-067,2024,philippines,
RADDL4B-24-070,2024,philippines,
RADDL4B-24-071,2024,philippines,
RADDL4B-24-077,2024,philippines,
RADDL4B-24-082,2024,philippines,
RADDL4B-24-102,2024,philippines,
RADDL4B-23-085,2023,philippines,
RADDL4B-23-093,2023,philippines,
RADDL4B-23-095,2023,philippines,
RADDL4B-23-097,2023,philippines,
RADDL4B-23-098,2023,philippines,
RADDL4B-23-099,2023,philippines,
RADDL4B-23-100,2023,philippines,
RADDL4B-24-001,2024,philippines,
RADDL4B-24-011,2024,philippines,
RADDL4B-24-012,2024,philippines,
RADDL4B-24-015,2024,philippines,
RADDL4B-24-016,2024,philippines,
RADDL4B-24-049,2024,philippines,
RADDL4B-24-084,2024,philippines,
RADDL4B-24-085,2024,philippines,
RADDL4B-24-086,2024,philippines,
RADDL4B-24-087,2024,philippines,
RADDL4B-24-088,2024,philippines,
RADDL4B-24-101,2024,philippines,
RADDL4B-24-106,2024,philippines,
RADDL4B-24-120,2024,philippines,
RADDL4B-24-124,2024,philippines,
RADDL4B-23-042,2023,philippines,
RADDL4B-23-044,2023,philippines,
RADDL4B-23-045,2023,philippines,
RADDL4B-23-046,2023,philippines,
RADDL4B-23-047,2023,philippines,
RADDL4B-23-049,2023,philippines,
RADDL4B-23-052,2023,philippines,
RADDL4B-23-056,2023,philippines,
RADDL4B-23-058,2023,philippines,
RADDL4B-23-076,2023,philippines,
RADDL4B-23-080,2023,philippines,
RADDL4B-23-081,2023,philippines,
RADDL4B-23-090,2023,philippines,
RADDL4B-23-101,2023,philippines,
RADDL4B-23-104,2023,philippines,
RADDL4B-23-105,2023,philippines,
RADDL4B-24-002,2024,philippines,
RADDL4B-24-003,2024,philippines,
RADDL4B-24-017,2024,philippines,
RADDL4B-24-023,2024,philippines,
RADDL4B-24-028,2024,philippines,
RADDL4B-24-038,2024,philippines,
RADDL4B-24-042,2024,philippines,
RADDL4B-24-043,2024,philippines,
RADDL4B-24-046,2024,philippines,
RADDL4B-24-051,2024,philippines,
RADDL4B-24-054,2024,philippines,
RADDL4B-24-063,2024,philippines,
RADDL4B-24-066,2024,philippines,
RADDL4B-24-069,2024,philippines,
RADDL4B-24-073,2024,philippines,
RADDL4B-24-074,2024,philippines,
RADDL4B-24-076,2024,philippines,
RADDL4B-24-078,2024,philippines,
RADDL4B-24-081,2024,philippines,
RADDL4B-24-099,2024,philippines,
RADDL4B-24-098,2024,philippines,
RADDL4B-24-097,2024,philippines,
RADDL4B-24-096,2024,philippines,
RADDL4B-24-095,2024,philippines,
RADDL4B-24-018,2024,philippines,
RADDL4B-24-014,2024,philippines,
RADDL4B-24-009,2024,philippines,
RADDL4B-24-138,2024,philippines,
RADDL4B-24-154,2024,philippines,
RADDL4B-24-155,2024,philippines,
RADDL4B-24-100,2024,philippines,
RADDL4B-24-112,2024,philippines,
RADDL4B-24-113,2024,philippines,
RADDL4B-24-114,2024,philippines,
RADDL4B-24-116,2024,philippines,
RADDL4B-24-117,2024,philippines,
RADDL4B-24-121,2024,philippines,
RADDL4B-24-122,2024,philippines,
RADDL4B-24-153,2024,philippines,
RADDL4B-24-156,2024,philippines,
RADDL4B-24-157,2024,philippines,
RADDL4B-24-173,2024,philippines,
RADDL4B-24-174,2024,philippines,
RADDL4B-24-178,2024,philippines,
RADDL4B-24-180,2024,philippines,
RADDL4B-24-181,2024,philippines,
RADDL4B-24-183,2024,philippines,
RADDL4B-24-185,2024,philippines,
RADDL4B-24-186,2024,philippines,
RADDL4B-24-187,2024,philippines,
RADDL4B-24-188,2024,philippines,
RADDL4B-25-005,2024,philippines,
RADDL4B-25-006,2024,philippines,
RADDL4B-25-008,2025,philippines,
RADDL4B-25-009,2025,philippines,
RADDL4B-25-017,2025,philippines,
RADDL4B-24-151,2024,philippines,
RADDL4B-23-089,2023,philippines,
RADDL4B-23-092,2023,philippines,
RADDL4B-23-094,2023,philippines,
RADDL4B-24-007,2024,philippines,
RADDL4B-24-013,2024,philippines,
RADDL4B-24-030,2024,philippines,
RADDL4B-24-048,2024,philippines,
RADDL4B-24-052,2024,philippines,
RADDL4B-24-062,2024,philippines,
RADDL4B-24-080,2024,philippines,
RADDL4B-24-093,2024,philippines,
RADDL4B-24-107,2024,philippines,
RADDL4B-24-125,2024,philippines,
RADDL4B-24-127,2024,philippines,
H24-028,2024,philippines,
RADDL4B-23-065,2023,philippines,
RADDL4B-24-162,2024,philippines,
RADDL4B-24-184,2024,philippines,
RADDL4B-25-022,2025,philippines,
RADDL4B-25-032,2025,philippines,
RADDL4B-25-039,2025,philippines,
KX148263,1994,philippines,
KX148262,1994,philippines,
KX148261,1994,philippines,
KX148260,2004,philippines,
KX148259,1994,philippines,
OQ326754,2018,philippines,
OQ326753,2018,philippines,
OQ326752,2018,philippines,
OQ326751,2018,philippines,
OQ326750,2018,philippines,
OQ326749,2018,philippines,
OQ326748,2018,philippines,
OQ326747,2018,philippines,
OQ326746,2018,philippines,
OQ326745,2018,philippines,
OQ326744,2018,philippines,
OQ326743,2018,philippines,
OQ326742,2018,philippines,
OQ326741,2019,philippines,
OQ326740,2019,philippines,
OQ326739,2019,philippines,
OQ326738,2018,philippines,
OQ326737,2018,philippines,
OQ326736,2018,philippines,
OR971444,2022,philippines,
OR971443,2022,philippines,
OR971442,2022,philippines,
OR971441,2022,philippines,
OR971440,2022,philippines,
OR971439,2022,philippines,
OR971438,2021,philippines,
OR971437,2021,philippines,
OR971436,2021,philippines,
OR971435,2021,philippines,
OR971434,2021,philippines,
OR971433,2021,philippines,
OR971432,2021,philippines,
OR971431,2021,philippines,
OR971430,2021,philippines,
OR971429,2021,philippines,
OR971428,2021,philippines,
OR971427,2021,philippines,
OR971426,2021,philippines,
OR971425,2021,philippines,
OR971424,2021,philippines,
OR971423,2021,philippines,
OR971422,2021,philippines,
OR971421,2021,philippines,
OR971420,2021,philippines,
OR971419,2021,philippines,
OR971418,2021,philippines,
OR971417,2021,philippines,
OR971416,2021,philippines,
OR971415,2021,philippines,
OR971414,2021,philippines,
OR971413,2021,philippines,
OR971412,2021,philippines,
OR971411,2019,philippines,
OR971409,2019,philippines,
OR971408,2019,philippines,
OR971407,2021,philippines,
OR971406,2021,philippines,
OR971405,2021,philippines,
OR971404,2021,philippines,
OR971403,2021,philippines,
OR971402,2021,philippines,
OR971401,2021,philippines,
OR971400,2021,philippines,
OR971399,2019,philippines,
OR971398,2019,philippines,
OR971397,2019,philippines,
OR971396,2019,philippines,
OR971395,2019,philippines,
OQ326784,2018,philippines,
OQ326783,2018,philippines,
OQ326782,2018,philippines,
OQ326781,2018,philippines,
OQ326780,2018,philippines,
OQ326779,2018,philippines,
OQ326778,2018,philippines,
OQ326777,2018,philippines,
OQ326776,2018,philippines,
OQ326775,2018,philippines,
OQ326774,2018,philippines,
OQ326773,2018,philippines,
OQ326772,2018,philippines,
OQ326771,2018,philippines,
OQ326770,2019,philippines,
OQ326769,2018,philippines,
OQ326768,2018,philippines,
OQ326767,2018,philippines,
OQ326766,2018,philippines,
OQ326765,2019,philippines,
OQ326764,2018,philippines,
OQ326763,2019,philippines,
OQ326762,2018,philippines,
OQ326761,2018,philippines,
OQ326760,2018,philippines,
OQ326759,2018,philippines,
OQ326758,2018,philippines,
OQ326757,2018,philippines,
OQ326756,2018,philippines,
OQ326755,2018,philippines,
OR971544,2021,philippines,
OR971543,2021,philippines,
OR971542,2021,philippines,
OR971541,2021,philippines,
OR971540,2021,philippines,
OR971539,2019,philippines,
OR971538,2019,philippines,
OR971537,2019,philippines,
OR971536,2019,philippines,
OR971535,2019,philippines,
OR971534,2019,philippines,
OR971533,2021,philippines,
OR971532,2021,philippines,
OR971531,2021,philippines,
OR971530,2021,philippines,
OR971529,2021,philippines,
OR971528,2021,philippines,
OR971527,2021,philippines,
OR971526,2021,philippines,
OR971525,2021,philippines,
OR971524,2021,philippines,
OR971523,2021,philippines,
OR971522,2021,philippines,
OR971521,2021,philippines,
OR971520,2021,philippines,
OR971519,2021,philippines,
OR971518,2021,philippines,
OR971517,2021,philippines,
OR971516,2021,philippines,
OR971515,2021,philippines,
OR971514,2021,philippines,
OR971513,2021,philippines,
OR971512,2021,philippines,
OR971511,2021,philippines,
OR971510,2021,philippines,
OR971509,2021,philippines,
OR971508,2021,philippines,
OR971507,2021,philippines,
OR971506,2019,philippines,
OR971505,2018,philippines,
OR971504,2018,philippines,
OR971503,2018,philippines,
OR971502,2018,philippines,
OR971501,2018,philippines,
OR971500,2018,philippines,
OR971499,2018,philippines,
OR971498,2018,philippines,
OR971497,2022,philippines,
OR971496,2022,philippines,
OR971495,2022,philippines,
OR971344,2022,philippines,
OR971343,2022,philippines,
OR971342,2022,philippines,
OR971341,2022,philippines,
OR971340,2021,philippines,
OR971339,2021,philippines,
OR971338,2021,philippines,
OR971337,2021,philippines,
OR971336,2021,philippines,
OR971335,2021,philippines,
OR971334,2021,philippines,
OR971333,2021,philippines,
OR971332,2021,philippines,
OR971331,2021,philippines,
OR971330,2021,philippines,
OR971329,2019,philippines,
OR971328,2019,philippines,
OR971327,2019,philippines,
OR971326,2019,philippines,
OR971325,2019,philippines,
OR971324,2019,philippines,
OR971323,2019,philippines,
OR971644,2019,philippines,
OR971643,2019,philippines,
OR971642,2019,philippines,
OR971641,2019,philippines,
OR971640,2022,philippines,
OR971639,2022,philippines,
OR971638,2022,philippines,
OR971637,2022,philippines,
OR971636,2022,philippines,
OR971635,2022,philippines,
OR971634,2022,philippines,
OR971633,2022,philippines,
OR971632,2022,philippines,
OR971631,2022,philippines,
OR971630,2022,philippines,
OR971629,2021,philippines,
OR971628,2021,philippines,
OR971627,2021,philippines,
OR971626,2021,philippines,
OR971625,2021,philippines,
OR971624,2021,philippines,
OR971623,2021,philippines,
OR971622,2021,philippines,
OR971621,2021,philippines,
OR971620,2021,philippines,
OR971619,2021,philippines,
OR971618,2021,philippines,
OR971617,2021,philippines,
OR971616,2021,philippines,
OR971615,2019,philippines,
OR971614,2019,philippines,
OR971613,2019,philippines,
OR971612,2019,philippines,
OR971611,2019,philippines,
OR971610,2019,philippines,
OR971609,2019,philippines,
OR971608,2019,philippines,
OR971607,2019,philippines,
OR971606,2019,philippines,
OR971605,2019,philippines,
OR971604,2019,philippines,
OR971603,2019,philippines,
OR971602,2019,philippines,
OR971601,2019,philippines,
OR971600,2019,philippines,
OR971599,2021,philippines,
OR971598,2021,philippines,
OR971597,2021,philippines,
OR971596,2021,philippines,
OR971595,2021,philippines,
MN857171,2019,philippines,
MN857170,2019,philippines,
MN857169,2019,philippines,
MN857168,2019,philippines,
MN857167,2019,philippines,
OR971594,2021,philippines,
OR971593,2021,philippines,
OR971592,2019,philippines,
OR971591,2021,philippines,
OR971590,2021,philippines,
OR971589,2021,philippines,
OR971588,2021,philippines,
OR971587,2021,philippines,
OR971586,2021,philippines,
OR971585,2021,philippines,
OR971584,2021,philippines,
OR971583,NA,philippines,
OR971582,NA,philippines,
OR971581,NA,philippines,
OR971580,NA,philippines,
OR971579,NA,philippines,
OR971578,NA,philippines,
OR971577,2022,philippines,
OR971576,2022,philippines,
OR971575,2022,philippines,
OR971574,2022,philippines,
OR971573,2022,philippines,
OR971572,2022,philippines,
OR971571,2022,philippines,
OR971570,2021,philippines,
OR971569,2021,philippines,
OR971568,2021,philippines,
OR971567,2021,philippines,
OR971566,2021,philippines,
OR971565,2021,philippines,
OR971564,2021,philippines,
OR971563,2021,philippines,
OR971562,2021,philippines,
OR971561,2021,philippines,
OR971560,2021,philippines,
OR971559,2021,philippines,
OR971558,2021,philippines,
OR971557,2021,philippines,
OR971556,2021,philippines,
OR971555,2021,philippines,
OR971554,2021,philippines,
OR971553,2021,philippines,
OR971552,2021,philippines,
OR971551,2021,philippines,
OR971550,2021,philippines,
OR971549,2021,philippines,
OR971548,2021,philippines,
OR971547,2021,philippines,
OR971546,2021,philippines,
OR971545,2021,philippines,
OR971494,2022,philippines,
OR971493,2022,philippines,
OR971492,2022,philippines,
OR971491,2022,philippines,
OR971490,2022,philippines,
OR971489,2022,philippines,
OR971488,2021,philippines,
OR971487,2021,philippines,
OR971486,2021,philippines,
OR971485,2021,philippines,
OR971484,2021,philippines,
OR971483,2019,philippines,
OR971482,2022,philippines,
OR971481,2022,philippines,
OR971480,2022,philippines,
OR971479,2022,philippines,
OR971478,2022,philippines,
OR971477,2022,philippines,
OR971476,2022,philippines,
OR971475,2022,philippines,
OR971474,2022,philippines,
OR971473,2022,philippines,
OR971472,2022,philippines,
OR971471,2022,philippines,
OR971470,2022,philippines,
OR971469,2021,philippines,
OR971468,2021,philippines,
OR971467,2021,philippines,
OR971466,2021,philippines,
OR971465,2021,philippines,
OR971464,2021,philippines,
OR971463,2021,philippines,
OR971462,2021,philippines,
OR971461,2021,philippines,
OR971460,2021,philippines,
OR971459,2020,philippines,
OR971458,2020,philippines,
OR971457,2020,philippines,
OR971456,2019,philippines,
OR971455,2019,philippines,
OR971454,2019,philippines,
OR971453,2019,philippines,
OR971452,2019,philippines,
OR971451,2019,philippines,
OR971450,2019,philippines,
OR971449,2019,philippines,
OR971448,2019,philippines,
OR971447,2019,philippines,
OR971446,2022,philippines,
OR971445,2022,philippines,
OR971394,2019,philippines,
OR971393,2019,philippines,
OR971392,2022,philippines,
OR971391,2022,philippines,
OR971390,2022,philippines,
OR971389,2021,philippines,
OR971388,2021,philippines,
OR971387,2021,philippines,
OR971386,2021,philippines,
OR971385,2019,philippines,
OR971384,2019,philippines,
OR971383,2019,philippines,
OR971382,2019,philippines,
OR971381,2019,philippines,
OR971380,2022,philippines,
OR971379,2022,philippines,
OR971378,2022,philippines,
OR971377,2022,philippines,
OR971376,2022,philippines,
OR971375,2022,philippines,
OR971374,2022,philippines,
OR971373,2022,philippines,
OR971372,2022,philippines,
OR971371,2022,philippines,
OR971370,2022,philippines,
OR971369,2022,philippines,
OR971368,2022,philippines,
OR971367,2022,philippines,
OR971366,2022,philippines,
OR971365,2022,philippines,
OR971364,2022,philippines,
OR971363,2022,philippines,
OR971362,2022,philippines,
OR971361,2022,philippines,
OR971360,2021,philippines,
OR971359,2021,philippines,
OR971358,2021,philippines,
OR971357,2021,philippines,
OR971356,2020,philippines,
OR971355,2020,philippines,
OR971354,2020,philippines,
OR971353,2020,philippines,
OR971352,2020,philippines,
OR971351,2020,philippines,
OR971350,2020,philippines,
OR971349,2019,philippines,
OR971348,2019,philippines,
OR971347,2019,philippines,
OR971346,2022,philippines,
OR971345,2022,philippines,
OR971675,2021,philippines,
OR971674,2021,philippines,
OR971673,2021,philippines,
OR971672,2021,philippines,
OR971671,2021,philippines,
OR971670,2021,philippines,
OR971669,2021,philippines,
OR971668,2021,philippines,
OR971667,2021,philippines,
OR971666,2021,philippines,
OR971665,2021,philippines,
OR971664,2021,philippines,
OR971663,2021,philippines,
OR971662,2021,philippines,
OR971661,2021,philippines,
OR971660,2021,philippines,
OR971659,2021,philippines,
OR971658,2021,philippines,
OR971657,2021,philippines,
OR971656,2021,philippines,
OR971655,2021,philippines,
OR971654,2021,philippines,
OR971653,2021,philippines,
OR971652,2021,philippines,
OR971651,2021,philippines,
OR971650,2021,philippines,
OR971649,2019,philippines,
OR971648,2019,philippines,
OR971647,2019,philippines,
OR971646,2019,philippines,
OR971645,2019,philippines,
14,2019,philippines,
153,2018,philippines,
19-30,2019,philippines,
19-40,2019,philippines,
4A-22-104,2022,philippines,
4A-22-171,2022,philippines,
4A-22-203,2022,philippines,
4A-22-40,2022,philippines,
4A-22-98,2022,philippines,
4B-21-126,2021,philippines,
4B-21-29,2021,philippines,
4B-21-310,2021,philippines,
4B-21-35,2021,philippines,
4B-21-412,2021,philippines,
4B-21-421,2021,philippines,
4B-21-423,2021,philippines,
4B-21-528,2021,philippines,
4B-21622,2022,philippines,
4B-22-114,2022,philippines,
4B-22-13,2022,philippines,
4B-22-15,2022,philippines,
4B-22-16,2022,philippines,
4B-22-17,2022,philippines,
4B-22-20,2022,philippines,
4B-22-21,2022,philippines,
4B-22-28,2022,philippines,
4B-22-30,2022,philippines,
4B-22-31,2022,philippines,
4B-22-35,2022,philippines,
4B-22-37,2022,philippines,
4B-22-39,2022,philippines,
4B-22-40,2022,philippines,
4B-22-41,2022,philippines,
4B-22-42,2022,philippines,
4B-22-44,2022,philippines,
4B-22-45,2022,philippines,
4B-23-01,2023,philippines,
4B-23-02,2023,philippines,
4B-23-03,2023,philippines,
4B-23-04,2023,philippines,
4B-23-05,2023,philippines,
4B-23-06,2023,philippines,
4B-23-07,2023,philippines,
4B-23-11,2023,philippines,
4B-23-12,2023,philippines,
4B-23-13,2023,philippines,
4B-23-15,2023,philippines,
4B-23-16,2023,philippines,
4B-23-17,2023,philippines,
4B-23-19,2023,philippines,
4B-2422,2022,philippines,
4B-2922HM,2022,philippines,
4B-2922JG,2022,philippines,
CAR-22-018,2022,philippines,
CAR-22-020,2022,philippines,
COW,NA,philippines,
GOAT,NA,philippines,
R1-21-148,2021,philippines,
R10-688,2021,philippines,
R10-711,2021,philippines,
R10-714,2021,philippines,
R10-824,2021,philippines,
R10-856,2021,philippines,
R10-907,2021,philippines,
R10-920,2021,philippines,
R10-989,2021,philippines,
R10-990,2021,philippines,
R11-21-61,2021,philippines,
R11-21-63,2021,philippines,
R11-22-001,2022,philippines,
R11-22-002,2022,philippines,
R2-081,2020,philippines,
R2-22-5302,2022,philippines,
R2-22-5814,2022,philippines,
R2-22-84711,2022,philippines,
R2-22-8924,2022,philippines,
R3-0483,2022,philippines,
R3-731,2021,philippines,
R5-21-115,2021,philippines,
R5-21-119,2021,philippines,
R5-21-128,2021,philippines,
R5-21-132,2021,philippines,
R5-21-136,2021,philippines,
R5-21-140,2021,philippines,
R5-22-008,2022,philippines,
R5-22-09,2022,philippines,
R6-21-4343,2021,philippines,
R6-21-4375,2021,philippines,
R6-21-4511,2021,philippines,
R6-21-4600,2021,philippines,
R6-4342,2021,philippines,
R6-4568,2021,philippines,
R7-21-149,2021,philippines,
R7-21-161,2021,philippines,
R9-010,2020,philippines,
R9-074,2021,philippines,
R9-089,2021,philippines,
R9-105,2021,philippines,
RADDL1-16-153,2016,philippines,
RADDL1-16-166,2016,philippines,
RADDL3-1045,2015,philippines,
RADDL3-15-172,2015,philippines,
RADDL3-16-1008,2016,philippines,
RADDL3-16-468,2016,philippines,
RADDL3-16-521,2016,philippines,
RADDL3-16-627,2016,philippines,
RADDL3-845,2015,philippines,
RADDL5-005,2015,philippines,
Z-05-102,2005,philippines,
Z-05-191,2005,philippines,
Z-05-557,2005,philippines,
Z-05-96,2005,philippines,
Z-06-150,2006,philippines,
Z-06-295,2006,philippines,
Z-06-39,2006,philippines,
Z-07-07,2007,philippines,
Z-07-351,2007,philippines,
Z-07-366,2007,philippines,
Z-07-38,2007,philippines,
Z-07-387,2007,philippines,
Z-07-398,2007,philippines,
Z-07-403,2007,philippines,
Z-07-407,2007,philippines,
Z-08-351,2008,philippines,
Z-08-359,2008,philippines,
Z-09-94,2009,philippines,
Z-12-012,2012,philippines,
Z-12-029,2012,philippines,
Z-12-060,2012,philippines,
Z-12-149,2012,philippines,
Z-12-208,2012,philippines,
Z-13-020,2013,philippines,
Z-13-032,2013,philippines,
Z-13-036,2013,philippines,
Z-13-065,2013,philippines,
Z-13-066,2013,philippines,
Z-13-071,2013,philippines,
Z-13-073,2013,philippines,
Z-13-081,2013,philippines,
Z-13-086,2013,philippines,
Z-13-089,2013,philippines,
Z-13-094,2013,philippines,
Z-13-096,2013,philippines,
Z-13-098,2013,philippines,
Z-13-134,2013,philippines,
Z-13-135,2013,philippines,
Z-13-161,2013,philippines,
Z-13-171,2013,philippines,
Z-13-184,2013,philippines,
Z-13-204,2013,philippines,
Z-13-216,2013,philippines,
Z-13-234,2013,philippines,
Z-13-259,2013,philippines,
Z-14-023,2014,philippines,
Z-14-033,2014,philippines,
Z-14-05,2014,philippines,
Z-14-058,2014,philippines,
Z-14-098,2014,philippines,
Z-14-101,2014,philippines,
Z-14-106,2014,philippines,
Z-14-126,2014,philippines,
Z-14-136,2014,philippines,
Z-14-142,2014,philippines,
Z-14-182,2014,philippines,
Z-14-243,2014,philippines,
Z-15-001,2015,philippines,
Z-15-009,2015,philippines,
Z-15-163,2015,philippines,
Z-16-082,2016,philippines,
Z-16-150,2016,philippines,
Z-16-151,2016,philippines,
Z-16-196,2016,philippines,
Z-16-209,2016,philippines,
Z-16-210,2016,philippines,
Z-16-211,2016,philippines,
Z-17-046,2017,philippines,
Z-17-174,2017,philippines,
Z-17-177,2017,philippines,
Z-17-193,2017,philippines,
Z-17-200,2017,philippines,
Z-17-217,2017,philippines,
Z-17-221,2017,philippines,
Z-17-57,2017,philippines,
Z-18-001,2018,philippines,
Z-18-114,2018,philippines,
Z-18-159,2018,philippines,
Z-18-224,2018,philippines,
Z-18-251,2018,philippines,
Z-19-029,2019,philippines,
Z-19-123,2019,philippines,
Z-19-136,2019,philippines,
Z-19-88,2019,philippines,
Z-20-01,2020,philippines,
Z-20-110,2020,philippines,
Z-20-24,2020,philippines,
Z-20-33,2020,philippines,
Z-20-51,2020,philippines,
Z-22-103,2022,philippines,
Z-22-119,2022,philippines,
Z-22-121,2022,philippines,
Z-23-01,2023,philippines,
Z-23-01Sa,2023,philippines,
Z-98-1061,1998,philippines,
Z-98-285,1998,philippines,
Z-98-286,1998,philippines,
Z-98-433,1998,philippines,
Z-98-454,1998,philippines,
Z-98-515,1998,philippines,
Z-98-616,1998,philippines,
Z-98-718,1998,philippines,
Z-98-780,1998,philippines,
Z-98-838,1998,philippines,
Z-98-860,1998,philippines,
RADDL1-16-154,2016,philippines,
RADDL3-1038,2015,philippines,
REGION_5_2018-50,2018,philippines,
REGION_5_2018-100,2018,philippines,
REGION_5_2018-304,2018,philippines,
REGION_5_2018-311,2018,philippines,
REGION_5_2019-1,2019,philippines,
REGION_5_2019-13,2019,philippines,
Z-12-001,2012,philippines,
Z-12-088,2012,philippines,
Z-12-118,2012,philippines,
Z-12-134,2012,philippines,
Z-12-212,2012,philippines,
Z-13-002,2013,philippines,
Z-13-009,2013,philippines,
Z-14-138,2014,philippines,
Z-14-146,2014,philippines,
Z-14-149,2014,philippines,
Z-14-152,2014,philippines,
Z-15-019,2015,philippines,
Z-15-116,2015,philippines,
Z-15-130,2015,philippines,
Z-15-148,2015,philippines,
Z-15-185,2015,philippines,
Z-16-013,2016,philippines,
Z-16-159,2016,philippines,
Z-16-186,2016,philippines,
